{"type": "FeatureCollection", "features": [{"type": "Feature", "geometry": {"type": "Point", "coordinates": [109.884217, 39.200225]}, "properties": {"mine_name": "Mataihao Coal Mine", "mine_name_zh": "内蒙古鄂尔多斯永煤矿业投资有限公司马泰壕煤矿", "owners": "Inner Mongolia Ordos Yongmei Mining Investment Company [100%]", "parent_company": "Henan Energy Chemical Group [96.83%]; Xingye International Trust Company [3.9917%]", "capacity_mtpa": 10.0, "status": "Operating", "mine_type": "Underground", "prefecture": "Ordos", "merged_count": 1}}, {"type": "Feature", "geometry": {"type": "Point", "coordinates": [106.886996, 39.658318]}, "properties": {"mine_name": "Desheng No. 3 Coal Mine", "mine_name_zh": "内蒙古德晟实业集团有限公司三矿", "owners": "Inner Mongolia Desheng Industrial Group [100%]", "parent_company": "Inner Mongolia Desheng Industrial Group", "capacity_mtpa": 1.2, "status": "Operating", "mine_type": "Surface", "prefecture": "Wuhai", "merged_count": 1}}, {"type": "Feature", "geometry": {"type": "Point", "coordinates": [106.892778, 39.723889]}, "properties": {"mine_name": "Hengshi Coal Mine", "mine_name_zh": "乌海市恒实能源实业有限公司恒实煤矿", "owners": "Wuhai Hengshi Energy Industry Company [100%]", "parent_company": "Inner Mongolia Tianyu Innovation Investment Group [95%]; Jiuquan Haohai Coal Chemical Company [5%]", "capacity_mtpa": 1.2, "status": "Shelved", "mine_type": "Surface", "prefecture": "Wuhai", "merged_count": 1}}, {"type": "Feature", "geometry": {"type": "Point", "coordinates": [106.89091, 39.733514]}, "properties": {"mine_name": "Mo'ergou Coal Mine", "mine_name_zh": "乌海市摩尔沟煤炭有限公司", "owners": "Wuhai Mo'ergou Coal Company [100%]", "parent_company": "Inner Mongolia Huanghe Energy Technology Group", "capacity_mtpa": 1.2, "status": "Mothballed", "mine_type": "Surface", "prefecture": "Wuhai", "merged_count": 1}}, {"type": "Feature", "geometry": {"type": "Point", "coordinates": [106.879817, 39.718897]}, "properties": {"mine_name": "Wuhai Xinxing Coal Mine", "mine_name_zh": "乌海市新星煤炭有限责任公司煤矿", "owners": "Wuhai Xinxing Coal Company [100%]", "parent_company": "Inner Mongolia Tianyu Chuangxin Investment Company", "capacity_mtpa": 1.2, "status": "Operating", "mine_type": "Surface", "prefecture": "Wuhai", "merged_count": 1}}, {"type": "Feature", "geometry": {"type": "Point", "coordinates": [106.529516, 38.322181]}, "properties": {"mine_name": "Changcheng No. 5 Coal Mine", "mine_name_zh": "鄂托克前旗长城五号矿业有限公司长城五号煤矿", "owners": "Otog Front Banner Changcheng No.5 Mining Company [100%]", "parent_company": "Shandong Energy [43%]; State Grid Corporation of China [16%]; China Huadian [16%]; HKSCC Nominees Limited [6%]; Shandong Development Investment Holding Group [2%]; Others [17%]", "capacity_mtpa": 1.8, "status": "Operating", "mine_type": "Underground", "prefecture": "Ordos", "merged_count": 1}}, {"type": "Feature", "geometry": {"type": "Point", "coordinates": [106.836946, 36.490401]}, "properties": {"mine_name": "Pinggou Coal Mine", "mine_name_zh": "国家能源集团乌海能源有限责任公司平沟煤矿", "owners": "Haibowan Mining Business Bureau Pinggou - Wuhai Energy Company [100%]", "parent_company": "China Energy", "capacity_mtpa": 1.8, "status": "Operating", "mine_type": "Underground", "prefecture": "Wuhai", "merged_count": 1}}, {"type": "Feature", "geometry": {"type": "Point", "coordinates": [123.367684, 43.112948]}, "properties": {"mine_name": "Jinbaotun Coal Mine", "mine_name_zh": "辽源矿业（集团）有限责任公司金宝屯煤矿", "owners": "Liaoyuan Mining Group Jinbaotun Coal Mine [100%]", "parent_company": "Jilin Energy Investment Group", "capacity_mtpa": 2.2, "status": "Operating", "mine_type": "Underground", "prefecture": "Tongliao", "merged_count": 1}}, {"type": "Feature", "geometry": {"type": "Point", "coordinates": [109.965281, 39.302564]}, "properties": {"mine_name": "Chahasu Coal Mine", "mine_name_zh": "国电建投内蒙古能源有限公司察哈素煤矿", "owners": "Guodian & Jiantou Inner Mongolia Energy Investment Company [100%]", "parent_company": "China Energy [50%]; Hebei Construction & Investment Group [50%]", "capacity_mtpa": 8.0, "status": "Proposed", "mine_type": "Underground", "prefecture": "Ordos", "merged_count": 1}}, {"type": "Feature", "geometry": {"type": "Point", "coordinates": [106.552558, 38.268543]}, "properties": {"mine_name": "Shanghaimiao Changcheng No.1 Coal Mine", "mine_name_zh": "上海庙矿区长城一号煤矿", "owners": "Otog Front Banner Great Wall Coal Mine Company [100%]", "parent_company": "Shandong Energy [43%]; Yingda International Trust Company [22%]; China Huadian [17%]; Others [18%]", "capacity_mtpa": 1.8, "status": "Operating", "mine_type": "Underground", "prefecture": "Ordos", "merged_count": 1}}, {"type": "Feature", "geometry": {"type": "Point", "coordinates": [109.538887, 38.901778]}, "properties": {"mine_name": "Menkeqing Coal Mine", "mine_name_zh": "中天合创能源有限责任公司门克庆煤矿", "owners": "Zhongtian Hechuang Energy Company [100%]", "parent_company": "China Coal [38%]; Sinopec [38%]; Shenergy [13%]; Manshi Group [10%]; Others [1%]", "capacity_mtpa": 8.0, "status": "Operating", "mine_type": "Underground", "prefecture": "Ordos", "merged_count": 1}}, {"type": "Feature", "geometry": {"type": "Point", "coordinates": [110.243661, 39.713723]}, "properties": {"mine_name": "Lijiaqu Coal Mine", "mine_name_zh": "准格尔旗川掌李家渠煤炭有限责任公司", "owners": "Zhungeer Qichuanzhang Lijiaqu Coal Company [100%]", "parent_company": "Zhungeer Qichuanzhang Lijiaqu Coal Company", "capacity_mtpa": 1.2, "status": "Operating", "mine_type": "Surface", "prefecture": "Ordos", "merged_count": 1}}, {"type": "Feature", "geometry": {"type": "Point", "coordinates": [110.257564, 39.680314]}, "properties": {"mine_name": "Ordos Hetai Coal Mine", "mine_name_zh": "鄂尔多斯市和泰煤炭有限责任公司", "owners": "Ordos Hetai Coal Compay [100%]", "parent_company": "Ordos City Rongzheng Heng Investment Company [30%]; Inner Mongolia Hengdong Energy Group [25%]; Ordos HuiFu Investment Company [15%]; Ordos Liyiheng Investment Company [15%]; Individiuals [15%]", "capacity_mtpa": 4.0, "status": "Mothballed", "mine_type": "Surface", "prefecture": "Ordos", "merged_count": 1}}, {"type": "Feature", "geometry": {"type": "Point", "coordinates": [109.621986, 39.018006]}, "properties": {"mine_name": "Shilawusu Coal Mine", "mine_name_zh": "内蒙古昊盛煤业有限公司石拉乌素煤矿", "owners": "Inner Mongolia Haosheng Coal Industry Company [100%]", "parent_company": "Shandong Energy [77%]; Shanghai Huayi Group [19%]; Jiutai Energy [2%]; Jinchengtai Limited Liability Company Of Chemical Industry of Ordos City [1%]; Others [1%]", "capacity_mtpa": 8.0, "status": "Operating", "mine_type": "Underground", "prefecture": "Ordos", "merged_count": 1}}, {"type": "Feature", "geometry": {"type": "Point", "coordinates": [106.659277, 39.495828]}, "properties": {"mine_name": "Wuhushan Coal Mine", "mine_name_zh": "国能乌海能源五虎山矿业有限责任公司", "owners": "Shenhua Group Wuda Wuhushan Mining Industry Company [100%]", "parent_company": "China Energy", "capacity_mtpa": 2.0, "status": "Operating", "mine_type": "Underground", "prefecture": "Wuhai", "merged_count": 1}}, {"type": "Feature", "geometry": {"type": "Point", "coordinates": [111.231224, 39.677115]}, "properties": {"mine_name": "Yingyuan Yuchuan Coal Mine", "mine_name_zh": "内蒙古盈源煤炭运销有限责任公司玉川煤矿", "owners": "Inner Mongolia Yingyuan Coal Transportation and Marketing Company [100%]", "parent_company": "Inner Mongolia Yingyuan Coal Transportation and Marketing Company", "capacity_mtpa": 1.2, "status": "Proposed", "mine_type": "Underground", "prefecture": "Ordos", "merged_count": 1}}, {"type": "Feature", "geometry": {"type": "Point", "coordinates": [106.935948, 39.330225]}, "properties": {"mine_name": "Gongwusu Coal Mine No. 3 Well", "mine_name_zh": "神华集团海勃湾矿业有限责任公司公乌素煤矿三号井", "owners": "Shenhua Group Haibowan Mining Company [100%]", "parent_company": "China Energy", "capacity_mtpa": 2.7, "status": "Operating", "mine_type": "Underground", "prefecture": "Wuhai", "merged_count": 1}}, {"type": "Feature", "geometry": {"type": "Point", "coordinates": [119.940867, 48.767664]}, "properties": {"mine_name": "Eastern Yiminhe No. 1 Coal Mine", "mine_name_zh": "内蒙古大雁矿业集团有限责任公司伊敏河东矿区第一煤矿", "owners": "Inner Mongolia Dayan Mining Group [100%]", "parent_company": "China Energy", "capacity_mtpa": 5.0, "status": "Operating", "mine_type": "Underground", "prefecture": "Hulun Buir", "merged_count": 1}}, {"type": "Feature", "geometry": {"type": "Point", "coordinates": [106.921987, 39.335356]}, "properties": {"mine_name": "Haibowan Surface Mine", "mine_name_zh": "神华集团海勃湾矿业有限责任公司露天煤矿", "owners": "Shenhua Group Haibowan Mining Company [100%]", "parent_company": "China Energy", "capacity_mtpa": 2.1, "status": "Operating", "mine_type": "Underground", "prefecture": "Wuhai", "merged_count": 1}}, {"type": "Feature", "geometry": {"type": "Point", "coordinates": [107.06422, 39.393325]}, "properties": {"mine_name": "Limin Coal Mine", "mine_name_zh": "内蒙古利民煤焦有限责任公司利民煤矿", "owners": "Inner Mongolia Limin Coal Company [100%]", "parent_company": "China Energy", "capacity_mtpa": 1.5, "status": "Operating", "mine_type": "Underground", "prefecture": "Ordos", "merged_count": 1}}, {"type": "Feature", "geometry": {"type": "Point", "coordinates": [111.277141, 40.099289]}, "properties": {"mine_name": "Inner Mongolia Kongdujigou Coal Mine", "mine_name_zh": "内蒙古鄂尔多斯孔兑沟矿井", "owners": "Inner Mongolia Datang International Jungar Mining Co Ltd [100%]", "parent_company": null, "capacity_mtpa": 7.0, "status": "Proposed", "mine_type": "Underground", "prefecture": "Ordos", "merged_count": 1}}, {"type": "Feature", "geometry": {"type": "Point", "coordinates": [109.367767, 39.875788]}, "properties": {"mine_name": "Hongqingliang Coal Mine", "mine_name_zh": "杭锦旗西部能源开发有限公司红庆梁煤矿", "owners": "Hangjinqi West Energy Development Company [100%]", "parent_company": "Shanxi Zhongbo Real Estate Development Company [40%]; Beijing Energy Group [37%]; Shougang Group [1%]; China Coal [1%]", "capacity_mtpa": 6.0, "status": "Operating", "mine_type": "Underground", "prefecture": "Ordos", "merged_count": 1}}, {"type": "Feature", "geometry": {"type": "Point", "coordinates": [110.156685, 39.79013]}, "properties": {"mine_name": "Talahao Coal Mine", "mine_name_zh": "内蒙古伊泰煤炭股份有限公司塔拉壕煤矿", "owners": "Inner Mongolia Yitai Coal Company [100%]", "parent_company": "Inner Mongolia Yitai Investment", "capacity_mtpa": 12.0, "status": "Operating", "mine_type": "Underground", "prefecture": "Ordos", "merged_count": 1}}, {"type": "Feature", "geometry": {"type": "Point", "coordinates": [111.295545, 39.530084]}, "properties": {"mine_name": "Changtan Surface Coal Mine", "mine_name_zh": "内蒙古汇能煤电集团有限公司长滩露天煤矿", "owners": "Inner Mongolia Huineng Coal and Electricity Group [100%]", "parent_company": "Beijing Huayuan Jiaxin Investment Company", "capacity_mtpa": 20.0, "status": "Proposed", "mine_type": "Surface", "prefecture": "Ordos", "merged_count": 1}}, {"type": "Feature", "geometry": {"type": "Point", "coordinates": [106.53429, 38.299084]}, "properties": {"mine_name": "Changcheng No. 6 Coal Mine", "mine_name_zh": "鄂托克前旗长城六号矿业有限公司长城六号煤矿", "owners": "Otog Front Banner Changcheng No.6 Mining Company [100%]", "parent_company": "Shandong Energy [43%]; State Grid Corporation of China [13%]; Inner Mongolia Shuangxin Energy Chemical Company [28%]; Beijing Huirong Shengjing Equity Investment Fund Management Center [4%]; Ordos Antel Investment Company [3%]", "capacity_mtpa": 1.5, "status": "Operating", "mine_type": "Underground", "prefecture": "Ordos", "merged_count": 1}}, {"type": "Feature", "geometry": {"type": "Point", "coordinates": [109.363032, 39.902899]}, "properties": {"mine_name": "Youfanghao Coal Mine", "mine_name_zh": "杭锦旗聚能能源有限公司油房壕煤矿", "owners": "Hangjinqi Juneng Energy Company [100%]", "parent_company": "Shandong Energy [50%]; Elion Resources Group [49%]; Yin Chengguo [1%]", "capacity_mtpa": 5.0, "status": "Proposed", "mine_type": "Underground", "prefecture": "Ordos", "merged_count": 1}}, {"type": "Feature", "geometry": {"type": "Point", "coordinates": [106.555274, 38.310644]}, "properties": {"mine_name": "Changcheng No. 2 Coal Mine", "mine_name_zh": "内蒙古上海庙矿区长城二号煤矿二期工程", "owners": "Xinkuang Inner Mongolia Energy Co Ltd [100%]; Xinkuang Inner Mongolia Energy Company [100%]", "parent_company": "Yankuang Group", "capacity_mtpa": 2.8, "status": "Proposed", "mine_type": "Underground", "prefecture": "Ordos", "merged_count": 1}}, {"type": "Feature", "geometry": {"type": "Point", "coordinates": [106.942598, 39.391257]}, "properties": {"mine_name": "Wuhai Wuhua No.1 Coal Mine", "mine_name_zh": "乌海市乌化矿业有限责任公司一矿", "owners": "Wuhai Wuhua Mining Industry Company [100%]", "parent_company": "Inner Mongolia Xinya Energy Investment Group", "capacity_mtpa": 0.9, "status": "Operating", "mine_type": "Underground", "prefecture": "Wuhai", "merged_count": 1}}, {"type": "Feature", "geometry": {"type": "Point", "coordinates": [119.609267, 45.536522]}, "properties": {"mine_name": "Huolinhe North Surface Mine No. 3", "mine_name_zh": "内蒙古电投能源股份有限公司北露天煤矿", "owners": "Huolinhe Opencut Coal Industry Corporation Limited Of Inner Mongolia [100%]", "parent_company": "State Power Investment Corporation [SPIC] [38.49%]; Inner Mongolia Huolinhe Coal Industry Group [26.47%]; Others [35.04%]", "capacity_mtpa": 10.0, "status": "Operating", "mine_type": "Surface", "prefecture": "Tongliao", "merged_count": 1}}, {"type": "Feature", "geometry": {"type": "Point", "coordinates": [109.559031, 40.950869]}, "properties": {"mine_name": "Urad Front Banner Xinxin Coal Mine", "mine_name_zh": "内蒙古鑫鑫煤炭有限公司鑫鑫煤矿", "owners": "Inner Mongolia Xinxin Coal Company [100%]", "parent_company": "Inner Mongolia Xinxin Coal Company", "capacity_mtpa": 0.9, "status": "Proposed", "mine_type": "Underground", "prefecture": "Bayannur", "merged_count": 1}}, {"type": "Feature", "geometry": {"type": "Point", "coordinates": [119.215836, 42.000041]}, "properties": {"mine_name": "Pingzhuang West Surface Coal Mine", "mine_name_zh": "内蒙古平庄能源股份有限公司西露天煤矿", "owners": "Inner Mongolia Pingzhuang Energy Company [100%]", "parent_company": "China Energy", "capacity_mtpa": 1.2, "status": "Proposed", "mine_type": "Underground", "prefecture": "Chifeng", "merged_count": 1}}, {"type": "Feature", "geometry": {"type": "Point", "coordinates": [120.988936, 49.362581]}, "properties": {"mine_name": "Sheltala Surface Coal Mine", "mine_name_zh": "大唐呼伦贝尔能源开发有限公司谢尔塔拉露天煤矿", "owners": "Datang Hulun Buir Energy Development Company [100%]", "parent_company": "China Datang", "capacity_mtpa": 10.0, "status": "Shelved", "mine_type": "Underground & Surface", "prefecture": "Hulun Buir", "merged_count": 1}}, {"type": "Feature", "geometry": {"type": "Point", "coordinates": [116.22348, 44.06697]}, "properties": {"mine_name": "Shengli East No.2 Coal Mine", "mine_name_zh": "大唐国际发电股份有限公司胜利东二号露天煤矿（一期）", "owners": "Inner Mongolia Datang International Xilinhaote Mining Company [100%]", "parent_company": "China Datang [35.34%]; HKSCC Nominees Limited [32.9%]; Tianjin Energy Investment Group [7%]; Hebei Construction & Investment Group[6.93%]; Beijing Energy [6.81%]; Others [3.27%]", "capacity_mtpa": 60.0, "status": "Operating + Proposed (multi-phase)", "mine_type": "Surface", "prefecture": "Xilin Gol", "merged_count": 3}}, {"type": "Feature", "geometry": {"type": "Point", "coordinates": [106.91727, 39.562707]}, "properties": {"mine_name": "Luotuoshan Coal Mine", "mine_name_zh": "神华集团海勃湾矿业有限责任公司骆驼山煤矿", "owners": "Shenhua Group Haibowan Mining Company [100%]", "parent_company": "China Energy", "capacity_mtpa": 1.5, "status": "Proposed", "mine_type": "Underground", "prefecture": "Wuhai", "merged_count": 1}}, {"type": "Feature", "geometry": {"type": "Point", "coordinates": [111.28005, 39.924682]}, "properties": {"mine_name": "Ordos Boligou Coal Mine", "mine_name_zh": "平庄煤业玻璃沟煤矿", "owners": "Inner Mongolia Pingzhuang Coal Group Limited. [100%]", "parent_company": "China Energy", "capacity_mtpa": 4.0, "status": "Proposed", "mine_type": "Underground", "prefecture": "Ordos", "merged_count": 1}}, {"type": "Feature", "geometry": {"type": "Point", "coordinates": [111.1625, 39.763889]}, "properties": {"mine_name": "Ordos Dongping Coal Mine", "mine_name_zh": "北联电能源开发有限责任公司东坪煤矿", "owners": "Inner Mongolia Beiliandian Energy Development Company [100%]", "parent_company": "China Huaneng Group", "capacity_mtpa": 4.0, "status": "Proposed", "mine_type": "Underground", "prefecture": "Ordos", "merged_count": 1}}, {"type": "Feature", "geometry": {"type": "Point", "coordinates": [110.482002, 39.486264]}, "properties": {"mine_name": "Ordos Shenyun Coal Mine", "mine_name_zh": "鄂尔多斯市一通煤化有限责任公司神运煤矿", "owners": "Ordos Yitong Coal Chemical Company Shenyun Coal Mine [100%]", "parent_company": "Ordos Yitong Coal Chemical Company", "capacity_mtpa": 1.2, "status": "Shelved", "mine_type": "Surface", "prefecture": "Ordos", "merged_count": 1}}, {"type": "Feature", "geometry": {"type": "Point", "coordinates": [111.291878, 39.836591]}, "properties": {"mine_name": "Jungar Xiehua Coal Mine", "mine_name_zh": "内蒙古特弘煤电集团有限责任公司协华煤矿", "owners": "Inner Mongolia Tehong Coal and Electricity Group Xiehua Coal Mine [100%]", "parent_company": "Inner Mongolia Tehong Coal Power Group", "capacity_mtpa": 0.9, "status": "Proposed", "mine_type": "Underground", "prefecture": "Ordos", "merged_count": 1}}, {"type": "Feature", "geometry": {"type": "Point", "coordinates": [106.995121, 39.342871]}, "properties": {"mine_name": "Jianyuan Coal Mine", "mine_name_zh": "鄂托克旗建元煤焦化有限责任公司建元煤矿", "owners": "Otog Banner Jianyuan Coking Company [100%]", "parent_company": "Hongxing International Development Company", "capacity_mtpa": 3.8, "status": "Proposed", "mine_type": "Underground", "prefecture": "Ordos", "merged_count": 1}}, {"type": "Feature", "geometry": {"type": "Point", "coordinates": [111.230906, 39.566151]}, "properties": {"mine_name": "Chengta Coal Mine", "mine_name_zh": "内蒙古锦泰城塔煤炭有限公司城塔煤矿", "owners": "Inner Mongolia Huineng Coal and Electricity Group [100%]", "parent_company": "Beijing Huayuan Jiaxin Investment Company", "capacity_mtpa": 1.8, "status": "Proposed", "mine_type": "Underground", "prefecture": "Ordos", "merged_count": 1}}, {"type": "Feature", "geometry": {"type": "Point", "coordinates": [115.334804, 44.997659]}, "properties": {"mine_name": "Da'an Coal Mine", "mine_name_zh": "阿巴嘎旗达安矿业有限责任公司达安煤矿", "owners": "Abaga Banner Da'an Mining Company [100%]", "parent_company": "Inner Mongolia Dinghua Industrial Group", "capacity_mtpa": 1.2, "status": "Proposed", "mine_type": "Underground", "prefecture": "Xilin Gol", "merged_count": 1}}, {"type": "Feature", "geometry": {"type": "Point", "coordinates": [119.486564, 45.382698]}, "properties": {"mine_name": "Dalaihushuo Coal Mine", "mine_name_zh": "内蒙古吉煤矿业有限公司达来胡硕（霍林河二号）矿井", "owners": "Inner Mongolia Jimei Mining Industry Company [100%]", "parent_company": "Jilin Province Coal Industry Group [41%]; Tibet Hengyisheng Investment Company [39%]; Fude Life Insurance Company [20%]", "capacity_mtpa": 6.0, "status": "Proposed", "mine_type": "Underground", "prefecture": "Holingol", "merged_count": 1}}, {"type": "Feature", "geometry": {"type": "Point", "coordinates": [120.771111, 43.7025]}, "properties": {"mine_name": "Aimin Wendu Coal Mine", "mine_name_zh": "内蒙古平煤阿鲁科尔沁旗煤业有限责任公司爱民温都煤矿", "owners": "Inner Mongolia Pingmei Ar Khorchin Banner Coal Mine Company [100%]", "parent_company": "Hebei Qian'an Chemical Company", "capacity_mtpa": 1.2, "status": "Operating", "mine_type": "Underground", "prefecture": "Chifeng", "merged_count": 1}}, {"type": "Feature", "geometry": {"type": "Point", "coordinates": [108.950826, 38.356604]}, "properties": {"mine_name": "Baijia Haizi Coal Mine", "mine_name_zh": "内蒙古鄂尔多斯联海煤业有限公司白家海子煤矿", "owners": "Inner Mongolia Ordos Lianhai Coal Industry Company [100%]", "parent_company": "Inner Mongolia Huineng Coal and Electricity Group [60%]; Inner Mongolia Ordos Investment Holding Group [38%]; Bayannaoer Zhuoyue Building Materials Company [1%]", "capacity_mtpa": 15.0, "status": "Proposed", "mine_type": "Underground", "prefecture": "Ordos", "merged_count": 1}}, {"type": "Feature", "geometry": {"type": "Point", "coordinates": [111.335131, 39.725303]}, "properties": {"mine_name": "Baishupo Coal Mine", "mine_name_zh": "准格尔旗柏树坡煤炭有限责任公司", "owners": "Zhungeer Banner Baishupo Coal Company [100%]", "parent_company": "Zhangjiagang Free Trade Zone Liyuan Energy Investment [11%]; Shanxi Coking Coal Group [7%]; Shanxi Financial Investment Holding Group [9%]; Mizuki Hongdao [Beijing] Asset Management Company [6%]; Inner Mongolia Jinyue Energy Group [8%]; Others [59%]", "capacity_mtpa": 1.2, "status": "Proposed", "mine_type": "Underground", "prefecture": "Ordos", "merged_count": 1}}, {"type": "Feature", "geometry": {"type": "Point", "coordinates": [110.248533, 39.495132]}, "properties": {"mine_name": "Bulatela Coal Mine", "mine_name_zh": "鄂尔多斯市乌兰煤炭（集团）有限责任公司特拉布拉煤矿", "owners": "Ordos City Ulan Coal Group Trabula Coal Mine [100%]", "parent_company": "Ordos City Ulan Development Group", "capacity_mtpa": 1.8, "status": "Proposed", "mine_type": "Surface", "prefecture": "Ordos", "merged_count": 1}}, {"type": "Feature", "geometry": {"type": "Point", "coordinates": [115.167883, 43.553884]}, "properties": {"mine_name": "Chagannur No.1 Coal Mine", "mine_name_zh": "锡林郭勒峰峰能源有限公司查干淖尔一号井", "owners": "Xilingol Fengfeng Energy Company [100%]", "parent_company": "Jizhong Energy Group [48%]; China Huarong Asset Management Company [2%]; China Energy Investment Corporation [49%]; Others [1%]", "capacity_mtpa": 5.0, "status": "Proposed", "mine_type": "Underground", "prefecture": "Xilin Gol", "merged_count": 1}}, {"type": "Feature", "geometry": {"type": "Point", "coordinates": [106.57545, 38.369137]}, "properties": {"mine_name": "Changcheng No. 3 Coal Mine", "mine_name_zh": "鄂托克前旗长城三号矿业有限公司长城三号煤矿", "owners": "Otog Front Banner Changcheng No.3 Mining Company [100%]", "parent_company": "Shandong Energy [43%]; State Grid Company [10%]; China Huadian Group [16%]; Others [30%]", "capacity_mtpa": 5.0, "status": "Operating", "mine_type": "Underground", "prefecture": "Ordos", "merged_count": 1}}, {"type": "Feature", "geometry": {"type": "Point", "coordinates": [107.064987, 39.392767]}, "properties": {"mine_name": "A'erbasi No. 2 Well Coal Mine", "mine_name_zh": "内蒙古鄂尔多斯煤炭有限责任公司阿尔巴斯煤矿（二井）", "owners": "Inner Mongolia Ordos Coal Company [100%]", "parent_company": "Inner Mongolia Ordos Investment Holding Company", "capacity_mtpa": 1.2, "status": "Operating", "mine_type": "Underground", "prefecture": "Ordos", "merged_count": 1}}, {"type": "Feature", "geometry": {"type": "Point", "coordinates": [120.805416, 43.648574]}, "properties": {"mine_name": "Agentala Mine of Shaogen Coal Mine", "mine_name_zh": "内蒙古阿鲁科尔沁旗绍根煤田阿根塔拉矿井", "owners": "Inner Mongolia Zhongying Tianshan Energy Development Company [100%]", "parent_company": "Zhongying Group [49%]; Beijing Weirun International Energy Investment Company[41%]; China Energy [10%]", "capacity_mtpa": 1.8, "status": "Shelved", "mine_type": "Underground", "prefecture": "Chifeng", "merged_count": 1}}, {"type": "Feature", "geometry": {"type": "Point", "coordinates": [105.662655, 37.965931]}, "properties": {"mine_name": "Alxa Left Banner Xinjing Coal Mine", "mine_name_zh": "内蒙古新井煤业有限公司煤矿", "owners": "Inner Mongolia Xinjing Coal Industry Company [100%]", "parent_company": "Inner Mongolia Xinjing Coal Industry Company", "capacity_mtpa": 0.9, "status": "Mothballed", "mine_type": "Surface", "prefecture": "Alxa", "merged_count": 1}}, {"type": "Feature", "geometry": {"type": "Point", "coordinates": [110.307246, 39.669495]}, "properties": {"mine_name": "Aojiagou Xiliang Coal Mine", "mine_name_zh": "准格尔旗神山煤炭有限责任公司敖家沟西梁煤矿", "owners": "Jungar Banner Shenshan Coal Company [100%]", "parent_company": "Ordos City Huneng Coal Group", "capacity_mtpa": 1.2, "status": "Operating", "mine_type": "Underground", "prefecture": "Ordos", "merged_count": 1}}, {"type": "Feature", "geometry": {"type": "Point", "coordinates": [106.776748, 39.835551]}, "properties": {"mine_name": "Baiyinwusu Coal Mine", "mine_name_zh": "神华集团海勃湾矿业有限责任公司白音乌素煤矿", "owners": "Shenhua Group Bohaiwan Mining Company [100%]", "parent_company": "China Energy", "capacity_mtpa": 1.2, "status": "Shelved", "mine_type": "Underground", "prefecture": "Wuhai", "merged_count": 1}}, {"type": "Feature", "geometry": {"type": "Point", "coordinates": [106.953195, 39.402765]}, "properties": {"mine_name": "Baiyunwusu Coal Mine", "mine_name_zh": "内蒙古维维能源有限公司白云乌素煤矿", "owners": "Inner Mongolia Weiwei Energy Company [100%]", "parent_company": "Inner Mongolia Xingya Energy Investment Group", "capacity_mtpa": 1.2, "status": "Operating", "mine_type": "Underground", "prefecture": "Wuhai", "merged_count": 1}}, {"type": "Feature", "geometry": {"type": "Point", "coordinates": [110.479916, 39.368693]}, "properties": {"mine_name": "Baopingwan Coal Mine", "mine_name_zh": "准格尔旗弓家塔宝平湾煤炭有限责任公司", "owners": "Jungar Banner Gongjiata Baopingwan Coal Company [100%]", "parent_company": "Beijing Huayuan Jiaxin Investment Company", "capacity_mtpa": 4.8, "status": "Operating", "mine_type": "Underground", "prefecture": "Ordos", "merged_count": 1}}, {"type": "Feature", "geometry": {"type": "Point", "coordinates": [109.366516, 39.875893]}, "properties": {"mine_name": "Bojiang Haizi Coal Mine", "mine_name_zh": "内蒙古银宏能源开发有限公司泊江海子煤矿", "owners": "Inner Mongolia Yinhong Energy Development Company [100%]", "parent_company": "Huainan Mining Group [50%]; Yongtai Hongkan Holding Group [41%]; Others [ 9%）", "capacity_mtpa": 6.0, "status": "Operating", "mine_type": "Underground", "prefecture": "Ordos", "merged_count": 1}}, {"type": "Feature", "geometry": {"type": "Point", "coordinates": [109.973302, 39.495115]}, "properties": {"mine_name": "Buertai Coal Mine", "mine_name_zh": "中国神华能源股份有限公司布尔台煤矿", "owners": "China Shenhua Energy Company [100%]", "parent_company": "China Energy [69%]; HKSCC Nominees Limited [17%]; Others [14%]", "capacity_mtpa": 20.0, "status": "Operating", "mine_type": "Underground", "prefecture": "Ordos", "merged_count": 1}}, {"type": "Feature", "geometry": {"type": "Point", "coordinates": [110.067578, 39.474731]}, "properties": {"mine_name": "Cuncaota Coal Mine", "mine_name_zh": "中国神华能源股份有限公司寸草塔煤矿", "owners": "China Shenhua Energy Company Shendong Coal Branch [100%]", "parent_company": "National Energy Investment Group", "capacity_mtpa": 2.4, "status": "Operating", "mine_type": "Underground", "prefecture": "Ordos", "merged_count": 1}}, {"type": "Feature", "geometry": {"type": "Point", "coordinates": [110.280602, 39.450928]}, "properties": {"mine_name": "Dadi Refined Coal Mine", "mine_name_zh": "内蒙古伊泰煤炭股份有限公司大地精煤矿", "owners": "Inner Mongolia Yitai Coal Company [100%]", "parent_company": "Inner Mongolia Yitai Investment", "capacity_mtpa": 2.4, "status": "Operating", "mine_type": "Underground", "prefecture": "Ordos", "merged_count": 1}}, {"type": "Feature", "geometry": {"type": "Point", "coordinates": [111.430155, 39.82977]}, "properties": {"mine_name": "Dawei Coal Mine", "mine_name_zh": "准格尔旗窑沟大伟煤矿有限责任公司", "owners": "Zhungeer Banner Yaogou Dawei Coal Mine Company [100%]", "parent_company": "Inner Mongolia Transportation Investment Group [9.5%]; China Datang Corporation [8.4%]; Inner Mongolia State-Owned Assets Management Committee [7.9%]; Others [74.2%]", "capacity_mtpa": 1.2, "status": "Shelved", "mine_type": "Underground", "prefecture": "Ordos", "merged_count": 1}}, {"type": "Feature", "geometry": {"type": "Point", "coordinates": [120.555468, 49.237569]}, "properties": {"mine_name": "Dayan No. 3 Coal Mine", "mine_name_zh": "内蒙古大雁矿业集团有限责任公司第三煤矿", "owners": "Inner Mongolia Dayan Mining Group [100%]", "parent_company": "China Energy", "capacity_mtpa": 2.7, "status": "Operating", "mine_type": "Underground", "prefecture": "Hulun Buir", "merged_count": 1}}, {"type": "Feature", "geometry": {"type": "Point", "coordinates": [106.917818, 39.465359]}, "properties": {"mine_name": "Dilibangwusu Coal Mine", "mine_name_zh": "乌海市华资煤焦有限公司滴力帮乌素煤矿", "owners": "Wuhai Huazi Coal Coke Company [100%]", "parent_company": "Inner Mongolia Xingguang Coal Group", "capacity_mtpa": 1.2, "status": "Operating", "mine_type": "Underground", "prefecture": "Wuhai", "merged_count": 1}}, {"type": "Feature", "geometry": {"type": "Point", "coordinates": [110.31971, 39.375414]}, "properties": {"mine_name": "Dingjiaqu Coal Mine", "mine_name_zh": "内蒙古伊泰同达煤炭有限责任公司丁家渠煤矿", "owners": "Inner Mongolia Yitai Tongda Coal Company [100%]", "parent_company": "Inner Mongolia Taihao Industrial Company", "capacity_mtpa": 1.5, "status": "Operating", "mine_type": "Underground", "prefecture": "Ordos", "merged_count": 1}}, {"type": "Feature", "geometry": {"type": "Point", "coordinates": [110.280412, 39.411228]}, "properties": {"mine_name": "Dongbo Coal Mine", "mine_name_zh": "伊金霍洛旗东博煤炭有限责任公司煤矿", "owners": "Ejin Horo Banner Dongbo Coal Company [100%]", "parent_company": "Ordos Kaiyuan Investment Company", "capacity_mtpa": 1.8, "status": "Operating", "mine_type": "Underground", "prefecture": "Ordos", "merged_count": 1}}, {"type": "Feature", "geometry": {"type": "Point", "coordinates": [110.582975, 39.409271]}, "properties": {"mine_name": "Donggedu Coal Mine", "mine_name_zh": "内蒙古伊东集团东圪堵煤炭有限责任公司", "owners": "Inner Mongolia Yidong Group Donggedu Coal Company [100%]", "parent_company": "Inner Mongolia Yidong Investment Group", "capacity_mtpa": 1.8, "status": "Mothballed", "mine_type": "Underground", "prefecture": "Ordos", "merged_count": 1}}, {"type": "Feature", "geometry": {"type": "Point", "coordinates": [119.611434, 45.534471]}, "properties": {"mine_name": "Dundenuo'er Surface Coal Mine", "mine_name_zh": "内蒙古霍煤亿诚能源有限公司敦德诺尔露天煤矿", "owners": "Inner Mongolia Huomei Yicheng Energy Company [100%]", "parent_company": "Inner Mongolia Huomei Yicheng Tiancheng Gas and Power Company", "capacity_mtpa": 1.8, "status": "Operating", "mine_type": "Surface", "prefecture": "Tongliao", "merged_count": 1}}, {"type": "Feature", "geometry": {"type": "Point", "coordinates": [116.465199, 42.241024]}, "properties": {"mine_name": "Duolun Coal Mine", "mine_name_zh": "内蒙古蒙东畅彤矿业有限责任公司多伦煤矿", "owners": "Inner Mongolia Mengdong Changtong Mining Company [100%]", "parent_company": "Chaoyang Hongwen Investment Company", "capacity_mtpa": 1.2, "status": "Operating", "mine_type": "Underground", "prefecture": "Xilin Gol", "merged_count": 1}}, {"type": "Feature", "geometry": {"type": "Point", "coordinates": [110.380935, 39.332226]}, "properties": {"mine_name": "Ejin Horo Haoda Coal Mine", "mine_name_zh": "伊金霍洛旗昊达煤炭有限责任公司煤矿", "owners": "Yijinhuoluo Haoda Coal Company [100%]", "parent_company": "Inner Mongolia Taihao Industrial Company", "capacity_mtpa": 0.9, "status": "Operating", "mine_type": "Underground", "prefecture": "Ordos", "merged_count": 1}}, {"type": "Feature", "geometry": {"type": "Point", "coordinates": [109.999874, 39.860709]}, "properties": {"mine_name": "Fanjiacun Coal Mine", "mine_name_zh": "鄂尔多斯市蒙泰范家村煤业有限责任公司", "owners": "Ordos City Mengtai Fanjiacun Coal Industry Company [100%]", "parent_company": "Inner Mongolia Mengtai Group", "capacity_mtpa": 2.4, "status": "Operating", "mine_type": "Underground", "prefecture": "Ordos", "merged_count": 1}}, {"type": "Feature", "geometry": {"type": "Point", "coordinates": [119.364939, 42.375707]}, "properties": {"mine_name": "Fengshuigou Coal Mine", "mine_name_zh": "内蒙古平庄能源股份有限公司风水沟煤矿", "owners": "Inner Mongolia Pingzhuang Energy Company [100%]", "parent_company": "China Energy", "capacity_mtpa": 2.1, "status": "Operating", "mine_type": "Underground", "prefecture": "Chifeng", "merged_count": 1}}, {"type": "Feature", "geometry": {"type": "Point", "coordinates": [110.293464, 39.615713]}, "properties": {"mine_name": "Fumin Coal Mine", "mine_name_zh": "内蒙古汇能煤电集团富民煤炭有限责任公司", "owners": "Inner Mongolia Huineng Coal & Electricity Group Fumin Coal & Char Company [100%]", "parent_company": "Beijing Huayuan Jiaxin Investment Company", "capacity_mtpa": 1.2, "status": "Operating", "mine_type": "Underground", "prefecture": "Ordos", "merged_count": 1}}, {"type": "Feature", "geometry": {"type": "Point", "coordinates": [106.260193, 39.184578]}, "properties": {"mine_name": "Fuquan Coal Mine", "mine_name_zh": "阿拉善福泉煤炭有限责任公司煤矿", "owners": "Alxa Fuquan Coal Company [100%]", "parent_company": "Alxa Fuquan Coal Company", "capacity_mtpa": 1.0, "status": "Mothballed", "mine_type": "Underground", "prefecture": "Alxa", "merged_count": 1}}, {"type": "Feature", "geometry": {"type": "Point", "coordinates": [109.639961, 40.019808]}, "properties": {"mine_name": "Gaotouyao Coal Mine", "mine_name_zh": "内蒙古北联电能源开发有限责任公司高头窑煤矿", "owners": "Inner Mongolia Beilian Power and Energy Development Company [100%]", "parent_company": "China Huaneng [77%]; Guangdong Hengjian Investment Holding Company [7%]; China Energy [4%]; Others [12%]", "capacity_mtpa": 10.0, "status": "Operating", "mine_type": "Underground", "prefecture": "Ordos", "merged_count": 1}}, {"type": "Feature", "geometry": {"type": "Point", "coordinates": [111.264046, 39.854411]}, "properties": {"mine_name": "Guanban Wusu Coal Mine", "mine_name_zh": "内蒙古准格尔旗特弘煤炭有限公司官板乌素煤矿", "owners": "Inner Mongolia Zhungeerqi Tehong Coal Company [100%]", "parent_company": "Jizhong Energy Group", "capacity_mtpa": 2.4, "status": "Operating", "mine_type": "Underground", "prefecture": "Ordos", "merged_count": 1}}, {"type": "Feature", "geometry": {"type": "Point", "coordinates": [111.29482, 39.549676]}, "properties": {"mine_name": "Guanzigou Coal Mine", "mine_name_zh": "内蒙古满世煤炭集团罐子沟煤炭有限责任公司（罐子沟煤矿）", "owners": "Guanzigou Coal Company of Inner Mongolia Manshi Coal Group [100%]", "parent_company": "Inner Mongolia Manshi Coal Group", "capacity_mtpa": 8.0, "status": "Operating", "mine_type": "Underground", "prefecture": "Ordos", "merged_count": 1}}, {"type": "Feature", "geometry": {"type": "Point", "coordinates": [110.195087, 39.707473]}, "properties": {"mine_name": "Hongce Coal Mine", "mine_name_zh": "内蒙古伊东集团宏测煤炭有限责任公司", "owners": "Inner Mongolia Yidong Group Hongce Coal Company [100%]", "parent_company": "Inner Mongolia Yidong Investment Group", "capacity_mtpa": 2.4, "status": "Operating", "mine_type": "Underground", "prefecture": "Ordos", "merged_count": 1}}, {"type": "Feature", "geometry": {"type": "Point", "coordinates": [110.559449, 39.458669]}, "properties": {"mine_name": "Hongjingta No. 1 Coal Mine", "mine_name_zh": "内蒙古伊泰煤炭股份有限公司宏景塔一矿", "owners": "Inner Mongolia Yitai Coal Group [100%]", "parent_company": "Inner Mongolia Yitai Investment", "capacity_mtpa": 2.4, "status": "Operating", "mine_type": "Underground", "prefecture": "Ordos", "merged_count": 1}}, {"type": "Feature", "geometry": {"type": "Point", "coordinates": [109.684071, 39.292114]}, "properties": {"mine_name": "Hongqinghe Coal Mine", "mine_name_zh": "内蒙古伊泰广联煤化有限责任公司红庆河煤矿", "owners": "Inner Mongolia Yitai Guanglian Coal Chemical Company [100%]", "parent_company": "Inner Mongolia Yitai Investment [90%]; Inner Mongolia Guanglian Minzu Economic Development Company [5%]; Inner Mongolia Coal Field Geological Bureau [5%]", "capacity_mtpa": 8.0, "status": "Operating", "mine_type": "Underground", "prefecture": "Ordos", "merged_count": 1}}, {"type": "Feature", "geometry": {"type": "Point", "coordinates": [110.598135, 39.345351]}, "properties": {"mine_name": "Hongya Caol Mine", "mine_name_zh": "内蒙古恒东集团宏亚煤炭有限公司煤矿", "owners": "Inner Mongolia Hengdong Group Hongya Coal Company [100%]", "parent_company": "Inner Mongolia Hengdong Energy Group", "capacity_mtpa": 1.5, "status": "Operating", "mine_type": "Underground", "prefecture": "Ordos", "merged_count": 1}}, {"type": "Feature", "geometry": {"type": "Point", "coordinates": [106.650268, 39.535282]}, "properties": {"mine_name": "Huangbaici Coal Mine", "mine_name_zh": "国能乌海能源黄白茨矿业有限责任公司", "owners": "Shenhua Group Wuda Huangbaici Mining Industry Company [100%]", "parent_company": "China Energy", "capacity_mtpa": 1.8, "status": "Operating", "mine_type": "Underground", "prefecture": "Wuhai", "merged_count": 1}}, {"type": "Feature", "geometry": {"type": "Point", "coordinates": [111.183497, 39.67209]}, "properties": {"mine_name": "Huangyuchuan Coal Mine", "mine_name_zh": "国能亿利能源有限责任公司黄玉川煤矿", "owners": "China Energy Elion Energy Company [100%]", "parent_company": "China Energy [37%]; Elion Group [49%]; Others [14%]", "capacity_mtpa": 13.0, "status": "Operating", "mine_type": "Underground", "prefecture": "Ordos", "merged_count": 1}}, {"type": "Feature", "geometry": {"type": "Point", "coordinates": [110.586018, 39.350205]}, "properties": {"mine_name": "Huatugou Coal Mine", "mine_name_zh": "内蒙古准格尔旗美日煤炭有限责任公司花图沟煤矿", "owners": "Inner Mongolia Jungar Banner Meiri Coal Company [100%]", "parent_company": "Inner Mongolia Hedong Energy Group", "capacity_mtpa": 1.2, "status": "Operating", "mine_type": "Underground", "prefecture": "Ordos", "merged_count": 1}}, {"type": "Feature", "geometry": {"type": "Point", "coordinates": [110.148352, 39.379371]}, "properties": {"mine_name": "Huhewusu Coal Mine", "mine_name_zh": "内蒙古蒙发煤炭有限责任公司呼和乌素煤矿", "owners": "Inner Mongolia Mengfa Coal Company [100%]", "parent_company": "Mengfa Energy Holding Group", "capacity_mtpa": 1.2, "status": "Operating", "mine_type": "Underground", "prefecture": "Ordos", "merged_count": 1}}, {"type": "Feature", "geometry": {"type": "Point", "coordinates": [120.861967, 49.064355]}, "properties": {"mine_name": "Hulun Buir Yaxing Coal Mine No. 1 Well", "mine_name_zh": "内蒙古牙克石五九煤炭（集团）有限责任公司牙星分公司一号井", "owners": "Inner Mongolia Yakeshi Wujiu Coal Group Yaxing Branch [100%]", "parent_company": "Shandong Energy", "capacity_mtpa": 1.5, "status": "Operating", "mine_type": "Underground", "prefecture": "Hulun Buir", "merged_count": 1}}, {"type": "Feature", "geometry": {"type": "Point", "coordinates": [109.500809, 39.047968]}, "properties": {"mine_name": "Hulusu Coal Mine", "mine_name_zh": "中天合创能源有限责任公司葫芦素煤矿", "owners": "Zhongtian Hechuang Energy Company [100%]", "parent_company": "China Coal [38%]; Sinopec [38%]; Shenergy [13%]; Manshi Group [10%]; Others [1%]", "capacity_mtpa": 8.0, "status": "Operating", "mine_type": "Underground", "prefecture": "Ordos", "merged_count": 1}}, {"type": "Feature", "geometry": {"type": "Point", "coordinates": [110.366867, 39.437952]}, "properties": {"mine_name": "Huneng Dingjialiang Coal Mine", "mine_name_zh": "鄂尔多斯市呼能煤炭集团有限责任公司丁家梁煤矿", "owners": "Ordos Huneng Coal Group [100%]", "parent_company": "Ordos Huneng Coal Group", "capacity_mtpa": 1.5, "status": "Operating", "mine_type": "Underground", "prefecture": "Ordos", "merged_count": 1}}, {"type": "Feature", "geometry": {"type": "Point", "coordinates": [119.594395, 45.496018]}, "properties": {"mine_name": "Huolinhe South Surface Mine", "mine_name_zh": "内蒙古电投能源股份有限公司南露天煤矿", "owners": "Inner Mongolia Huolinhe Open-Pit Coal Industry Company [100%]", "parent_company": "State Power Investment Corporation [SPIC] [39%]; Huolinhe Coal Industry Group [26%]; Others [35%]", "capacity_mtpa": 20.0, "status": "Operating", "mine_type": "Surface", "prefecture": "Tongliao", "merged_count": 1}}, {"type": "Feature", "geometry": {"type": "Point", "coordinates": [110.034952, 39.442523]}, "properties": {"mine_name": "Huoluowan Coal Mine", "mine_name_zh": "内蒙古神东天隆集团股份有限公司霍洛湾煤矿", "owners": "Shendong Tianlong Group [100%]", "parent_company": "China Energy", "capacity_mtpa": 3.6, "status": "Operating", "mine_type": "Underground", "prefecture": "Ordos", "merged_count": 1}}, {"type": "Feature", "geometry": {"type": "Point", "coordinates": [119.796973, 49.433452]}, "properties": {"mine_name": "Husheng Coal Mine", "mine_name_zh": "呼伦贝尔呼盛矿业有限责任公司呼盛煤矿", "owners": "Hulunbuir _x0008_Husheng Mining Company [100%]", "parent_company": "Shenyang Coal Industry Group", "capacity_mtpa": 1.8, "status": "Operating", "mine_type": "Underground", "prefecture": "Hulun Buir", "merged_count": 1}}, {"type": "Feature", "geometry": {"type": "Point", "coordinates": [110.006028, 39.217439]}, "properties": {"mine_name": "Inner Mongolia Erlintu Coal Mine", "mine_name_zh": "内蒙古汇能集团尔林兔煤炭有限公司尔林兔煤矿", "owners": "Inner Mongolia Huineng Group Er Lin Tu Coal Company [100%]", "parent_company": "Inner Mongolia Huineng Coal and Electricity Group [55%]; Shenmu Taide Energy Investment Company [17%]; Inner Mongolia Kaiyuan Shiye Group [10%]; Shendong Tianlong Group [9%]; Erdos Jiuyuan Investment Company [2%]; Others [7%]", "capacity_mtpa": 11.0, "status": "Operating", "mine_type": "Underground", "prefecture": "Ordos", "merged_count": 1}}, {"type": "Feature", "geometry": {"type": "Point", "coordinates": [110.057498, 39.487844]}, "properties": {"mine_name": "Jinfeng Cuncaota Coal Mine", "mine_name_zh": "中国神华能源股份有限公司金烽寸草塔煤矿", "owners": "China Shenhua Energy [100%]", "parent_company": "China Energy", "capacity_mtpa": 4.5, "status": "Operating", "mine_type": "Underground", "prefecture": "Ordos", "merged_count": 1}}, {"type": "Feature", "geometry": {"type": "Point", "coordinates": [111.165266, 39.609565]}, "properties": {"mine_name": "Jintai Changtan Coal Mine", "mine_name_zh": "内蒙古锦泰能源有限公司长滩煤矿", "owners": "Inner Mongolia Jintai Energy Group [100%]", "parent_company": "Inner Mongolia Jintai Energy Group", "capacity_mtpa": 3.0, "status": "Operating", "mine_type": "Underground", "prefecture": "Ordos", "merged_count": 1}}, {"type": "Feature", "geometry": {"type": "Point", "coordinates": [110.211983, 39.780217]}, "properties": {"mine_name": "Jintong Coal Mine", "mine_name_zh": "内蒙古华电蒙能金通煤业有限公司", "owners": "Inner Mongolia Huadian Mengneng Jintong Coal Industry Company [100%]", "parent_company": "China Huadian", "capacity_mtpa": 1.5, "status": "Operating", "mine_type": "Underground", "prefecture": "Ordos", "merged_count": 1}}, {"type": "Feature", "geometry": {"type": "Point", "coordinates": [119.538079, 45.46561]}, "properties": {"mine_name": "Jinyuanli Coal Mine", "mine_name_zh": "内蒙古源源能源集团有限责任公司金源里煤矿", "owners": "Inner Mongolia Yuanyuan Energy Group Jinyuanli Jinggong Mining Company [100%]", "parent_company": "Harvest Team [China] Company Limited", "capacity_mtpa": 1.2, "status": "Operating", "mine_type": "Underground", "prefecture": "Tongliao", "merged_count": 1}}, {"type": "Feature", "geometry": {"type": "Point", "coordinates": [110.59626, 39.345813]}, "properties": {"mine_name": "Kaida Coal Mine", "mine_name_zh": "内蒙古伊泰煤炭股份有限公司凯达煤矿", "owners": "Inner Mongolia Yitai Coal Company [100%]", "parent_company": "Inner Mongolia Yitai Investment [40.17%]; B shares [40.18%]; H shares [10.02%]", "capacity_mtpa": 2.8, "status": "Operating", "mine_type": "Underground", "prefecture": "Ordos", "merged_count": 1}}, {"type": "Feature", "geometry": {"type": "Point", "coordinates": [119.347942, 42.372657]}, "properties": {"mine_name": "Laogongyingzi Coal Mine", "mine_name_zh": "内蒙古平庄煤业(集团)有限责任公司老公营子煤矿", "owners": "Inner Mongolia Pingzhuang Coal Group [100%]", "parent_company": "China Energy", "capacity_mtpa": 1.8, "status": "Operating", "mine_type": "Underground", "prefecture": "Chifeng", "merged_count": 1}}, {"type": "Feature", "geometry": {"type": "Point", "coordinates": [106.848993, 39.391211]}, "properties": {"mine_name": "Laoshidan Coal Mine", "mine_name_zh": "国家能源集团乌海能源有限责任公司老石旦煤矿", "owners": "National Energy Group Wuhai Energy Company. Laoshidan Coal Mine [100%]", "parent_company": "China Energy", "capacity_mtpa": 1.5, "status": "Operating", "mine_type": "Underground", "prefecture": "Wuhai", "merged_count": 1}}, {"type": "Feature", "geometry": {"type": "Point", "coordinates": [110.024669, 39.738114]}, "properties": {"mine_name": "Lijiahao Coal Mine", "mine_name_zh": "国能包头能源有限责任公司李家壕煤矿", "owners": "China Energy Baotou Energy Company [100%]", "parent_company": "China Energy [69%]; HKSCC Nominees Limited [17%]; Others [14%]", "capacity_mtpa": 6.0, "status": "Operating", "mine_type": "Underground", "prefecture": "Ordos", "merged_count": 1}}, {"type": "Feature", "geometry": {"type": "Point", "coordinates": [110.105544, 39.383713]}, "properties": {"mine_name": "Lijiata Coal Mine", "mine_name_zh": "内蒙古李家塔煤矿", "owners": "Inner Mongolia Lijiata Coal Mine [100%]", "parent_company": "Inner Mongolia Autonomous Region Prison Administration", "capacity_mtpa": 3.0, "status": "Operating", "mine_type": "Underground", "prefecture": "Ordos", "merged_count": 1}}, {"type": "Feature", "geometry": {"type": "Point", "coordinates": [117.766854, 49.393174]}, "properties": {"mine_name": "Lingdong Coal Mine", "mine_name_zh": "扎赉诺尔煤业有限责任公司灵东煤矿", "owners": "Zhalainuo'er Coal Industry Company [100%]", "parent_company": "China Huaneng", "capacity_mtpa": 6.5, "status": "Operating", "mine_type": "Underground", "prefecture": "Manzhouli", "merged_count": 1}}, {"type": "Feature", "geometry": {"type": "Point", "coordinates": [117.743275, 49.450319]}, "properties": {"mine_name": "Linglu Coal Mine", "mine_name_zh": "扎赉诺尔煤业有限责任公司灵露煤矿", "owners": "Zhalai Nuoer Coal Industry Company [100%]", "parent_company": "China Huaneng", "capacity_mtpa": 3.9, "status": "Operating", "mine_type": "Underground", "prefecture": "Hulun Buir", "merged_count": 1}}, {"type": "Feature", "geometry": {"type": "Point", "coordinates": [117.695322, 49.484131]}, "properties": {"mine_name": "Lingquan Coal Mine", "mine_name_zh": "扎赉诺尔煤业有限责任公司灵泉煤矿", "owners": "Zhalai Nuoer Coal Industry Company [100%]", "parent_company": "China Huaneng", "capacity_mtpa": 5.0, "status": "Operating", "mine_type": "Underground", "prefecture": "Hulun Buir", "merged_count": 1}}, {"type": "Feature", "geometry": {"type": "Point", "coordinates": [119.319702, 42.069895]}, "properties": {"mine_name": "Liujia Coal Mine", "mine_name_zh": "内蒙古平庄能源股份有限公司六家煤矿", "owners": "Inner Mongolia Pingzhuang Energy Company [100%]", "parent_company": "China Energy", "capacity_mtpa": 1.8, "status": "Operating", "mine_type": "Underground", "prefecture": "Chifeng", "merged_count": 1}}, {"type": "Feature", "geometry": {"type": "Point", "coordinates": [110.440218, 39.441964]}, "properties": {"mine_name": "Liulingou Coal Mine", "mine_name_zh": "鄂尔多斯市大源煤炭有限责任公司柳林沟煤矿", "owners": "Ordos Dayuan Coal Company [100%]", "parent_company": "Ordos Dayuan Coal Company", "capacity_mtpa": 2.4, "status": "Operating", "mine_type": "Surface", "prefecture": "Ordos", "merged_count": 1}}, {"type": "Feature", "geometry": {"type": "Point", "coordinates": [110.089764, 39.493392]}, "properties": {"mine_name": "Liuta Coal Mine", "mine_name_zh": "国能神东煤炭集团有限责任公司柳塔煤矿", "owners": "China Energy Shendong Coal Group [100%]", "parent_company": "China Energy [69%]; HKSCC Nominees Limited [17%]; Others [14%]", "capacity_mtpa": 3.0, "status": "Operating", "mine_type": "Underground", "prefecture": "Ordos", "merged_count": 1}}, {"type": "Feature", "geometry": {"type": "Point", "coordinates": [111.214212, 39.810538]}, "properties": {"mine_name": "Longwanggou Coal Mine", "mine_name_zh": "鄂尔多斯市国源矿业开发有限责任公司龙王沟煤矿", "owners": "Ordos Guoyuan Mining Development Company [100%]", "parent_company": "China Datang [51%]; Luen Mei Group [49%]", "capacity_mtpa": 15.0, "status": "Operating", "mine_type": "Underground", "prefecture": "Ordos", "merged_count": 1}}, {"type": "Feature", "geometry": {"type": "Point", "coordinates": [106.57706, 38.326927]}, "properties": {"mine_name": "Mahuang Coal Mine", "mine_name_zh": "内蒙古福城矿业有限公司麻黄煤矿", "owners": "Inner Monoglia Fucheng Mining Company [100%]", "parent_company": "Shandong Energy [43.34%]; State Grid [13.74%]; China Huadian [16.39%]; Others [26.53%]", "capacity_mtpa": 1.2, "status": "Operating", "mine_type": "Underground", "prefecture": "Ordos", "merged_count": 1}}, {"type": "Feature", "geometry": {"type": "Point", "coordinates": [110.228892, 39.466462]}, "properties": {"mine_name": "Manlailiang Coal Mine", "mine_name_zh": "内蒙古蒙泰满来梁煤业有限公司", "owners": "Inner Mongolia Mengtai Manlailiang Coal Industry Company [100%]", "parent_company": "Inner Mongolia Mengtai Group", "capacity_mtpa": 3.6, "status": "Operating", "mine_type": "Underground", "prefecture": "Ordos", "merged_count": 1}}, {"type": "Feature", "geometry": {"type": "Point", "coordinates": [119.860641, 49.418292]}, "properties": {"mine_name": "Mengxin Coal Mine No.1 Well", "mine_name_zh": "呼伦贝尔蒙西煤业有限公司蒙西一井", "owners": "Hulunbuir Mengxi Coal Industry [100%]", "parent_company": "Shenyang Coal Industry Group", "capacity_mtpa": 1.8, "status": "Operating", "mine_type": "Underground", "prefecture": "Hulun Buir", "merged_count": 1}}, {"type": "Feature", "geometry": {"type": "Point", "coordinates": [109.468665, 38.837173]}, "properties": {"mine_name": "Muduchaideng Coal Mine", "mine_name_zh": "鄂尔多斯市伊化矿业资源有限责任公司母杜柴登煤矿", "owners": "Erdos Yihua Mining Resources Company [100%]", "parent_company": "China Coal [66%]; Inner Mongolia Boyuan Holdings Group [11%]; Others [23%]", "capacity_mtpa": 6.0, "status": "Operating", "mine_type": "Underground", "prefecture": "Ordos", "merged_count": 1}}, {"type": "Feature", "geometry": {"type": "Point", "coordinates": [108.973298, 38.060343]}, "properties": {"mine_name": "Nalin River No.2 Coal Mine", "mine_name_zh": "乌审旗蒙大矿业有限责任公司纳林河二号煤矿", "owners": "Wushenqi Mengda Mining Company [100%]", "parent_company": "China Coal [66%]; Inner Mongolia Boyuan Holdings Group [11%]; Others [23%]", "capacity_mtpa": 8.0, "status": "Operating", "mine_type": "Underground", "prefecture": "Ordos", "merged_count": 1}}, {"type": "Feature", "geometry": {"type": "Point", "coordinates": [110.607263, 39.365488]}, "properties": {"mine_name": "Nalinmiao No.2 Well Coal Mine", "mine_name_zh": "内蒙古伊泰煤炭股份有限公司纳林庙煤矿二号井", "owners": "Inner Mongolia Yitai Coal Group [100%]", "parent_company": "Inner Mongolia Yitai Investment", "capacity_mtpa": 5.0, "status": "Operating", "mine_type": "Underground", "prefecture": "Ordos", "merged_count": 1}}, {"type": "Feature", "geometry": {"type": "Point", "coordinates": [110.58237, 39.081565]}, "properties": {"mine_name": "Nanliang Surface Coal Mine", "mine_name_zh": "伊金霍洛旗纳林陶亥镇南梁煤炭有限责任公司煤矿", "owners": "Shaanxi Nanliang Mining Company [100%]", "parent_company": "China Coal", "capacity_mtpa": 0.9, "status": "Operating", "mine_type": "Surface", "prefecture": "Ordos", "merged_count": 1}}, {"type": "Feature", "geometry": {"type": "Point", "coordinates": [110.152967, 39.489909]}, "properties": {"mine_name": "Naoerhao Coal Mine", "mine_name_zh": "伊金霍洛旗呼氏煤炭有限责任公司淖尔壕煤矿", "owners": "Yijinhuoluo Banner Hushi Coal Company [100%]", "parent_company": "China Energy", "capacity_mtpa": 1.2, "status": "Operating", "mine_type": "Underground", "prefecture": "Ordos", "merged_count": 1}}, {"type": "Feature", "geometry": {"type": "Point", "coordinates": [110.600979, 39.377246]}, "properties": {"mine_name": "Naolinmiao Coal Mine No.1 Well", "mine_name_zh": "内蒙古伊泰煤炭股份有限公司纳林庙煤矿一号井", "owners": "Inner Mongolia Yitai Coal Company [100%]", "parent_company": "Inner Mongolia Yitai Investment", "capacity_mtpa": 1.8, "status": "Operating", "mine_type": "Surface", "prefecture": "Ordos", "merged_count": 1}}, {"type": "Feature", "geometry": {"type": "Point", "coordinates": [110.023477, 39.859229]}, "properties": {"mine_name": "Nianpanliang No.1 Coal Mine", "mine_name_zh": "鄂尔多斯市恒泰煤炭有限公司碾盘梁一井", "owners": "Ordos Hengtai Coal Company [100%]", "parent_company": "Shanxi Langqian Mining Company", "capacity_mtpa": 1.8, "status": "Operating", "mine_type": "Underground", "prefecture": "Ordos", "merged_count": 1}}, {"type": "Feature", "geometry": {"type": "Point", "coordinates": [119.144472, 45.654191]}, "properties": {"mine_name": "Nongnaimiao Luxin Coal Mine", "mine_name_zh": "内蒙古鲁新能源开发有限责任公司农乃庙鲁新煤矿", "owners": "Inner Mongolia Luxin Energy Development Company [100%]", "parent_company": "Shandong Energy [66.6%]; Shanghai Zhixin Electric Company [25%]; China Southern Power Grid Company [8%]; Others [1%]", "capacity_mtpa": 5.0, "status": "Operating", "mine_type": "Underground", "prefecture": "Xilin Gol", "merged_count": 1}}, {"type": "Feature", "geometry": {"type": "Point", "coordinates": [110.218976, 39.556511]}, "properties": {"mine_name": "Ordos Anyuan Coal Mine", "mine_name_zh": "兖州煤业鄂尔多斯能化有限公司安源煤矿", "owners": "Yanzhou Coal Mining Ordos Energy and Chemical Company [100%]", "parent_company": "Shandong Energy", "capacity_mtpa": 1.2, "status": "Operating", "mine_type": "Underground", "prefecture": "Ordos", "merged_count": 1}}, {"type": "Feature", "geometry": {"type": "Point", "coordinates": [107.1025, 39.370556]}, "properties": {"mine_name": "Ordos Coal Mine", "mine_name_zh": "内蒙古鄂尔多斯煤炭有限责任公司煤矿", "owners": "Inner Mongolia Ordos Coal Company [100%]", "parent_company": "Inner Mongolia Ordos Investment Holding Company", "capacity_mtpa": 1.2, "status": "Operating", "mine_type": "Underground", "prefecture": "Ordos", "merged_count": 1}}, {"type": "Feature", "geometry": {"type": "Point", "coordinates": [111.32351, 39.476108]}, "properties": {"mine_name": "Qingchunta Coal Mine", "mine_name_zh": "内蒙古珠江投资有限公司青春塔煤矿", "owners": "Inner Mongolia Pearl River Investment Company [100%]", "parent_company": "Guangdong Hanjian Holding Company [94%]; Shanghai Chengrui Investment Company [6%]", "capacity_mtpa": 6.0, "status": "Operating", "mine_type": "Underground", "prefecture": "Ordos", "merged_count": 1}}, {"type": "Feature", "geometry": {"type": "Point", "coordinates": [107.063818, 39.424032]}, "properties": {"mine_name": "Qipanjing Anli Coal Mine", "mine_name_zh": "鄂尔多斯市鸿森矿业有限责任公司棋盘井安利煤矿", "owners": "Erdos Hongsen Mining Company [100%]", "parent_company": "Hongsen Investment Management Company [94%]; Sanya Hongsen Investment Management Company [6%]", "capacity_mtpa": 1.2, "status": "Shelved", "mine_type": "Surface", "prefecture": "Ordos", "merged_count": 1}}, {"type": "Feature", "geometry": {"type": "Point", "coordinates": [107.09694, 39.323259]}, "properties": {"mine_name": "Qipanjing Coal Mine", "mine_name_zh": "国能蒙西煤化工股份有限公司棋盘井煤矿", "owners": "Guoneng Mengxi Coal Chemical Company [100%]", "parent_company": "China Energy [76.33%]; Shougang Group[5.13%]; Jiuquan Iron & Steel Group[4.28%]; Hesteel Group[2.65%]; Erdos State-Owned Asset Investment Company[2.15%]; Others[9.46%]", "capacity_mtpa": 4.2, "status": "Operating (multi-phase)", "mine_type": "Underground", "prefecture": "Ordos", "merged_count": 2}}, {"type": "Feature", "geometry": {"type": "Point", "coordinates": [107.026713, 39.391301]}, "properties": {"mine_name": "Qipanjing Mining Company Coal Mine", "mine_name_zh": "内蒙古棋盘井矿业有限责任公司煤矿", "owners": "Inner Mongolia Qipanjing Mining Company [100%]", "parent_company": "Zhonghe Energy Company", "capacity_mtpa": 1.2, "status": "Operating", "mine_type": "Underground", "prefecture": "Ordos", "merged_count": 1}}, {"type": "Feature", "geometry": {"type": "Point", "coordinates": [109.697272, 40.098315]}, "properties": {"mine_name": "Ruiguang Coal Mine", "mine_name_zh": "达拉特旗黑塔沟瑞光煤矿", "owners": "Dalate Banner Heitagou Ruiguang Coal Mine [100%]", "parent_company": "Dalate Banner Heitagou Ruiguang Coal Mine", "capacity_mtpa": 1.8, "status": "Operating", "mine_type": "Surface", "prefecture": "Ordos", "merged_count": 1}}, {"type": "Feature", "geometry": {"type": "Point", "coordinates": [110.148355, 39.483497]}, "properties": {"mine_name": "Sai Mengte'er Coal Mine", "mine_name_zh": "内蒙古赛蒙特尔煤业有限责任公司赛蒙特尔煤矿", "owners": "Sai Mengte'er Coal Industry Company [100%]", "parent_company": "Ordos City Saimonter Investment Company [55.5%]; Ordos City Tianan Investment Company [40.6%]; Others [3.9%]", "capacity_mtpa": 3.0, "status": "Operating", "mine_type": "Underground", "prefecture": "Ordos", "merged_count": 1}}, {"type": "Feature", "geometry": {"type": "Point", "coordinates": [110.244851, 39.728506]}, "properties": {"mine_name": "Sanding Coal Mine", "mine_name_zh": "内蒙古三鼎煤炭有限责任公司煤矿", "owners": "Inner Mongolia Sanding Coal Company [100%]", "parent_company": "Inner Mongolia Sanding Coal Company", "capacity_mtpa": 1.2, "status": "Operating", "mine_type": "Underground", "prefecture": "Ordos", "merged_count": 1}}, {"type": "Feature", "geometry": {"type": "Point", "coordinates": [109.843954, 39.866482]}, "properties": {"mine_name": "Selian No.2 Coal Mine", "mine_name_zh": "鄂尔多斯市中北煤化工有限公司色连二号煤矿", "owners": "Ordos Zhongbei Coal Chemical Company [100%]", "parent_company": "Huaihe Energy [62%]; China Cinda Asset Management [6%]; China Energy [1%]; Hawaii Motor [30%]; Others [1%]", "capacity_mtpa": 8.0, "status": "Operating", "mine_type": "Underground", "prefecture": "Ordos", "merged_count": 1}}, {"type": "Feature", "geometry": {"type": "Point", "coordinates": [110.600235, 39.312796]}, "properties": {"mine_name": "Shanbula Coal Mine", "mine_name_zh": "准格尔旗荣祥煤焦化有限责任公司山不拉煤矿", "owners": "Jungar Banner Rongxiang Coal Coking Company Shanbula Coal Mine [100%]", "parent_company": "China Coal", "capacity_mtpa": 1.2, "status": "Operating", "mine_type": "Underground", "prefecture": "Ordos", "merged_count": 1}}, {"type": "Feature", "geometry": {"type": "Point", "coordinates": [110.007346, 39.217545]}, "properties": {"mine_name": "Shangwan Coal Mine", "mine_name_zh": "中国神华能源股份有限公司上湾煤矿", "owners": "China Shenhua Energy [100%]", "parent_company": "China Energy [69%]; HKSCC Nominees Limited [17%]; Others [14%]", "capacity_mtpa": 16.0, "status": "Operating", "mine_type": "Underground", "prefecture": "Ordos", "merged_count": 1}}, {"type": "Feature", "geometry": {"type": "Point", "coordinates": [110.168084, 39.354814]}, "properties": {"mine_name": "Shenhua Bulianta Coal Mine", "mine_name_zh": "中国神华能源股份有限公司补连塔煤矿", "owners": "China Shenhua Energy [100%]", "parent_company": "China Energy [69%]; HKSCC Nominees Limited [17%]; Others [14%]", "capacity_mtpa": 28.0, "status": "Operating", "mine_type": "Underground", "prefecture": "Ordos", "merged_count": 1}}, {"type": "Feature", "geometry": {"type": "Point", "coordinates": [110.318697, 39.650944]}, "properties": {"mine_name": "Sidaoliu Coal Mine", "mine_name_zh": "内蒙古四道柳煤炭有限责任公司", "owners": "Inner Mongolia Sidaoliu Coal Company [100%]", "parent_company": "Inner Mongolia Huineng Coal & Electricity Group Fumin Coal & Char Company", "capacity_mtpa": 1.2, "status": "Operating", "mine_type": "Underground", "prefecture": "Ordos", "merged_count": 1}}, {"type": "Feature", "geometry": {"type": "Point", "coordinates": [111.205624, 39.705785]}, "properties": {"mine_name": "Suancigou Coal Mine", "mine_name_zh": "内蒙古伊泰京粤酸刺沟矿业有限责任公司酸刺沟煤矿", "owners": "Inner Mongolia Yitai Jingyue Suancigou Mining Company [100%]", "parent_company": "Inner Mongolia Yitai Group [52%]; Shanxi Yuedian Energy [24%]; Beijing Jingneng Power Company [24%]", "capacity_mtpa": 20.0, "status": "Operating", "mine_type": "Underground", "prefecture": "Ordos", "merged_count": 1}}, {"type": "Feature", "geometry": {"type": "Point", "coordinates": [109.90643, 39.996807]}, "properties": {"mine_name": "Sujiagou Coal Mine", "mine_name_zh": "达拉特旗苏家沟煤炭有限责任公司苏家沟股份制井", "owners": "Dalad Banner Sujiagou Coal Company [100%]", "parent_company": "Henan Energy Chemical Group", "capacity_mtpa": 1.5, "status": "Operating", "mine_type": "Underground", "prefecture": "Ordos", "merged_count": 1}}, {"type": "Feature", "geometry": {"type": "Point", "coordinates": [111.320592, 39.913906]}, "properties": {"mine_name": "Sunjiahao Coal Mine", "mine_name_zh": "内蒙古伊东集团孙家壕煤炭有限责任公司", "owners": "Inner Mongolia Yidong Group Sunjiahao Coal Company [100%]", "parent_company": "Inner Mongolia Yidong Investment Group", "capacity_mtpa": 3.0, "status": "Operating", "mine_type": "Underground", "prefecture": "Ordos", "merged_count": 1}}, {"type": "Feature", "geometry": {"type": "Point", "coordinates": [106.957349, 39.354995]}, "properties": {"mine_name": "Taiyuan Coal Mine", "mine_name_zh": "内蒙古泰升实业集团有限责任公司鄂托克旗泰源煤矿", "owners": "Inner Mongolia Taisheng Industrial Group Etuoke BannerTaiyuan Coal Mine [100%]", "parent_company": "Shandong Zhongda Advanced Material Company", "capacity_mtpa": 1.2, "status": "Operating", "mine_type": "Underground", "prefecture": "Ordos", "merged_count": 1}}, {"type": "Feature", "geometry": {"type": "Point", "coordinates": [111.293607, 39.835732]}, "properties": {"mine_name": "Tanggongta Coal Mine", "mine_name_zh": "准格尔唐公塔煤矿唐公塔矿井", "owners": "Ordos Dongchen Coal Company [100%]", "parent_company": "Inner Mongolia Yitai Tongda Coal Company", "capacity_mtpa": 1.5, "status": "Operating", "mine_type": "Underground", "prefecture": "Ordos", "merged_count": 1}}, {"type": "Feature", "geometry": {"type": "Point", "coordinates": [111.220258, 39.947429]}, "properties": {"mine_name": "Tangjiahui Coal Mine", "mine_name_zh": "鄂尔多斯市华兴能源有限责任公司唐家会煤矿", "owners": "Erdos Huaxing Energy [100%]", "parent_company": "Huaihe Energy [62%]; China Cinda Asset Management [6%]; China Energy [1%]; Hawaii Motor [30%]; Others [1%]", "capacity_mtpa": 9.0, "status": "Operating", "mine_type": "Underground", "prefecture": "Ordos", "merged_count": 1}}, {"type": "Feature", "geometry": {"type": "Point", "coordinates": [106.920883, 39.441207]}, "properties": {"mine_name": "Tianyu Coal Mine", "mine_name_zh": "乌海市天誉煤炭有限责任公司煤矿", "owners": "Wuhai Tianyu Coal Company [100%]", "parent_company": "Ordos Taiheng Investment Company", "capacity_mtpa": 1.8, "status": "Operating", "mine_type": "Underground", "prefecture": "Wuhai", "merged_count": 1}}, {"type": "Feature", "geometry": {"type": "Point", "coordinates": [117.769641, 49.461323]}, "properties": {"mine_name": "Tie'bei Coal Mine", "mine_name_zh": "扎赉诺尔煤业有限责任公司铁北煤矿", "owners": "Zhalai Nuoer Coal Industry Company [100%]", "parent_company": "China Huaneng", "capacity_mtpa": 3.6, "status": "Operating", "mine_type": "Underground", "prefecture": "Hulun Buir", "merged_count": 1}}, {"type": "Feature", "geometry": {"type": "Point", "coordinates": [110.10216, 39.457596]}, "properties": {"mine_name": "Ulan Mulun Coal Mine", "mine_name_zh": "国能神东煤炭集团有限责任公司乌兰木伦煤矿", "owners": "China Energy Shendong Coal Group [100%]", "parent_company": "China Energy [69%]; HKSCC Nominees Limited [17%]; Others [14%]", "capacity_mtpa": 5.1, "status": "Operating", "mine_type": "Underground", "prefecture": "Ordos", "merged_count": 1}}, {"type": "Feature", "geometry": {"type": "Point", "coordinates": [110.001415, 39.676306]}, "properties": {"mine_name": "Wangjiata Coal Mine", "mine_name_zh": "新能矿业有限公司王家塔煤矿", "owners": "Xin Neng Ming Company [100%]", "parent_company": "Xin’ao Holding Investment Company [31%]; Hongchuang [Shenzhen] Investment Center [10%]; Langfang Heyuan Investment Center [8%]; Hebei Weiyuan Group [7%]; Others [44%]", "capacity_mtpa": 8.0, "status": "Operating", "mine_type": "Underground", "prefecture": "Ordos", "merged_count": 1}}, {"type": "Feature", "geometry": {"type": "Point", "coordinates": [109.917382, 39.899571]}, "properties": {"mine_name": "Wanli No.1 Coal Mine", "mine_name_zh": "中国神华能源股份有限公司万利一矿", "owners": "China Shenhua Energy [100%]", "parent_company": "China Energy [69%]; HKSCC Nominees Limited [17%]; Others [14%]", "capacity_mtpa": 10.0, "status": "Operating", "mine_type": "Underground", "prefecture": "Ordos", "merged_count": 1}}, {"type": "Feature", "geometry": {"type": "Point", "coordinates": [110.101621, 39.246768]}, "properties": {"mine_name": "Wenjiata Coal Mine", "mine_name_zh": "鄂尔多斯市乌兰煤炭(集团)有限责任公司温家塔煤矿", "owners": "Ordos City Ulan Coal Group [100%]", "parent_company": "Ordos City Ulan Development Group", "capacity_mtpa": 2.4, "status": "Operating", "mine_type": "Underground", "prefecture": "Ordos", "merged_count": 1}}, {"type": "Feature", "geometry": {"type": "Point", "coordinates": [116.702955, 44.654941]}, "properties": {"mine_name": "West No. 1 Coal Mine", "mine_name_zh": "华润电力（锡林郭勒）煤业有限公司西一号煤矿", "owners": "China Resources Power (Xilinguole) Coal Industry Company [100%]", "parent_company": "China Resources Holdings", "capacity_mtpa": 8.0, "status": "Proposed", "mine_type": "Underground", "prefecture": "Xilin Gol", "merged_count": 1}}, {"type": "Feature", "geometry": {"type": "Point", "coordinates": [110.051171, 39.452333]}, "properties": {"mine_name": "Wotugou Coal Mine", "mine_name_zh": "伊金霍洛旗蒙泰煤炭有限责任公司窝兔沟煤矿", "owners": "Yijinhuoluo Banner Mongolian Coal Company [100%]", "parent_company": "Mengfa Energy Holding Group", "capacity_mtpa": 3.0, "status": "Operating", "mine_type": "Underground", "prefecture": "Ordos", "merged_count": 1}}, {"type": "Feature", "geometry": {"type": "Point", "coordinates": [107.066463, 39.629415]}, "properties": {"mine_name": "Wurenduxi Coal Mine", "mine_name_zh": "鄂托克旗乌仁都西煤焦有限责任公司煤矿", "owners": "Otog Banner Wurenduxi Coal and Coking Company [100%]", "parent_company": "Ordos Taiheng Investment Company", "capacity_mtpa": 1.2, "status": "Operating", "mine_type": "Surface", "prefecture": "Ordos", "merged_count": 1}}, {"type": "Feature", "geometry": {"type": "Point", "coordinates": [111.361925, 39.992688]}, "properties": {"mine_name": "Xiaoyugou Coal Mine", "mine_name_zh": "内蒙古三维资源集团小鱼沟煤炭有限公司", "owners": "Inner Mongolia Three-dimensional Resource Group Xiaoyugou Coal Company. [100%]", "parent_company": "Hin Fat Investment Company", "capacity_mtpa": 3.0, "status": "Operating", "mine_type": "Underground", "prefecture": "Ordos", "merged_count": 1}}, {"type": "Feature", "geometry": {"type": "Point", "coordinates": [111.328355, 39.850508]}, "properties": {"mine_name": "Xiehua Coal Mine", "mine_name_zh": "内蒙古特弘煤电集团有限责任公司协华煤矿", "owners": "Inner Mongolia Tehong Coal Power Group Xiehua Coal Mine [100%]", "parent_company": "Inner Mongolia Tehong Coal Power Group", "capacity_mtpa": 0.9, "status": "Operating", "mine_type": "Underground", "prefecture": "Hohhot", "merged_count": 1}}, {"type": "Feature", "geometry": {"type": "Point", "coordinates": [109.897533, 39.966561]}, "properties": {"mine_name": "Xingheng Coal Mine", "mine_name_zh": "内蒙古嘉烨煤业有限责任公司兴恒煤矿", "owners": "Inner Mongolia Jiaye Coal Industry Company [100%]", "parent_company": "Inner Mongolia Jiaye Energy Group", "capacity_mtpa": 1.5, "status": "Operating", "mine_type": "Surface", "prefecture": "Ordos", "merged_count": 1}}, {"type": "Feature", "geometry": {"type": "Point", "coordinates": [111.254573, 39.794309]}, "properties": {"mine_name": "Xinglong Heidaigou Coal Mine", "mine_name_zh": "内蒙古兴隆能源集团有限公司黑岱沟煤矿", "owners": "Inner Mongolia Xinglong Energy Group [100%]", "parent_company": "Inner Mongolia Xinglong Energy Group", "capacity_mtpa": 1.5, "status": "Operating", "mine_type": "Underground", "prefecture": "Ordos", "merged_count": 1}}, {"type": "Feature", "geometry": {"type": "Point", "coordinates": [110.393091, 39.380376]}, "properties": {"mine_name": "Xinmiao Jinglaoyuan Coal Mine", "mine_name_zh": "铁煤集团内蒙古东新煤炭有限责任公司伊金霍洛旗新庙镇敬老院煤矿", "owners": "Tiemei Group Inner Mongolia Dongxin Coal Company [100%]", "parent_company": "Liaoning Energy Industry Holding Group", "capacity_mtpa": 1.2, "status": "Operating", "mine_type": "Underground", "prefecture": "Ordos", "merged_count": 1}}, {"type": "Feature", "geometry": {"type": "Point", "coordinates": [121.423076, 49.499745]}, "properties": {"mine_name": "Yakeshi Shengli Coal Mine", "mine_name_zh": "内蒙古牙克石五九煤炭（集团）有限责任公司胜利煤矿", "owners": "Inner Mongolia Yakeshi 59 Coal Group [100%]", "parent_company": "Shandong Energy", "capacity_mtpa": 1.5, "status": "Operating", "mine_type": "Underground", "prefecture": "Hulun Buir", "merged_count": 1}}, {"type": "Feature", "geometry": {"type": "Point", "coordinates": [110.153087, 39.8069]}, "properties": {"mine_name": "Yangjiacun Coal Mine", "mine_name_zh": "内蒙古双欣矿业有限公司杨家村煤矿", "owners": "Inner Mongolia Shuangxin Mining Company [100%]", "parent_company": "Shandong Energy", "capacity_mtpa": 8.0, "status": "Operating", "mine_type": "Underground", "prefecture": "Ordos", "merged_count": 1}}, {"type": "Feature", "geometry": {"type": "Point", "coordinates": [110.654701, 39.272821]}, "properties": {"mine_name": "Yangshita No.1 Coal Mine", "mine_name_zh": "内蒙古汇能煤电集团羊市塔煤炭有限责任公司一矿", "owners": "Inner Mongolia Huineng Coal and Electricity Group Yangshita Coal Company [100%]", "parent_company": "Beijing Huayuan Jiaxin Investment Company", "capacity_mtpa": 3.9, "status": "Operating", "mine_type": "Underground", "prefecture": "Ordos", "merged_count": 1}}, {"type": "Feature", "geometry": {"type": "Point", "coordinates": [110.641123, 39.444701]}, "properties": {"mine_name": "Yangta Coal Mine", "mine_name_zh": "内蒙古聚祥煤业集团有限公司阳塔煤矿", "owners": "Inner Mongolia Juxiang Coal Industry Group [100%]", "parent_company": "Inner Mongolia Juxiang Holdings Company", "capacity_mtpa": 2.4, "status": "Operating", "mine_type": "Underground", "prefecture": "Ordos", "merged_count": 1}}, {"type": "Feature", "geometry": {"type": "Point", "coordinates": [110.27454, 39.681227]}, "properties": {"mine_name": "Yanjiagou Xindong Coal Mine", "mine_name_zh": "鄂尔多斯市闫家沟鑫东煤炭有限责任公司", "owners": "Ordos Yanjiagou Xindong Coal Company [100%]", "parent_company": "Ordos Xindong Energy Investment Company", "capacity_mtpa": 1.2, "status": "Operating", "mine_type": "Underground", "prefecture": "Ordos", "merged_count": 1}}, {"type": "Feature", "geometry": {"type": "Point", "coordinates": [111.343965, 39.92757]}, "properties": {"mine_name": "Yaogou Poverty Alleviation Coal Mine", "mine_name_zh": "内蒙古伊东煤炭集团窑沟扶贫煤炭有限责任公司", "owners": "Inner Mongolia Yidong Coal Group Yaogou Poverty Alleviation Coal Company [100%]", "parent_company": "Inner Mongolia Yidong Investment Group", "capacity_mtpa": 2.4, "status": "Operating", "mine_type": "Underground", "prefecture": "Ordos", "merged_count": 1}}, {"type": "Feature", "geometry": {"type": "Point", "coordinates": [110.199993, 39.742105]}, "properties": {"mine_name": "Yidong Hongxin Coal Mine", "mine_name_zh": "内蒙古伊东集团宏鑫煤炭有限责任公司", "owners": "Inner Mongolia Yidong Group Hongxin Coal Company [100%]", "parent_company": "Inner Mongolia Yidong Investment Group", "capacity_mtpa": 2.4, "status": "Operating", "mine_type": "Underground", "prefecture": "Ordos", "merged_count": 1}}, {"type": "Feature", "geometry": {"type": "Point", "coordinates": [110.373073, 39.367159]}, "properties": {"mine_name": "Yimin Coal Mine", "mine_name_zh": "内蒙古友恒煤炭有限责任公司益民煤矿", "owners": "Inner Mongolia Yimin Coal Company Yimin Coal Mine [100%]", "parent_company": "Ordos Kaiyuan Investment Company", "capacity_mtpa": 1.2, "status": "Operating", "mine_type": "Underground", "prefecture": "Ordos", "merged_count": 1}}, {"type": "Feature", "geometry": {"type": "Point", "coordinates": [108.945391, 38.467484]}, "properties": {"mine_name": "Yingpanhao Coal Mine", "mine_name_zh": "鄂尔多斯市营盘壕煤炭有限公司营盘壕矿", "owners": "Erdos Yingpanhao Coal Industry Company [100%]", "parent_company": "Shandong Energy [82%]; Other [28%]", "capacity_mtpa": 8.0, "status": "Operating", "mine_type": "Underground", "prefecture": "Ordos", "merged_count": 1}}, {"type": "Feature", "geometry": {"type": "Point", "coordinates": [110.222396, 39.69447]}, "properties": {"mine_name": "Yingshahao Coal Mine", "mine_name_zh": "准格尔旗神陶煤炭运销有限责任公司营沙壕煤矿", "owners": "Jungar Banner Shentao Coal Transportation and Marketing Company Yingshahao Coal Mine [100%]", "parent_company": "Jungar Banner Shentao Coal Transportation and Marketing Company", "capacity_mtpa": 1.0, "status": "Operating", "mine_type": "Underground", "prefecture": "Ordos", "merged_count": 1}}, {"type": "Feature", "geometry": {"type": "Point", "coordinates": [110.371276, 39.453893]}, "properties": {"mine_name": "Yitai Baoshan Coal Mine", "mine_name_zh": "内蒙古伊泰宝山煤炭有限责任公司", "owners": "Inner Mongolia Yitai Baoshan Coal Company [100%]", "parent_company": "Inner Mongolia Yitai Investment", "capacity_mtpa": 1.8, "status": "Operating", "mine_type": "Underground", "prefecture": "Ordos", "merged_count": 1}}, {"type": "Feature", "geometry": {"type": "Point", "coordinates": [110.228282, 39.465984]}, "properties": {"mine_name": "Yongli Coal Mine", "mine_name_zh": "准格尔旗神山镇永利煤炭有限责任公司永利煤矿", "owners": "Guizhou Oasis Hongcheng Energy Investment Company [100%]", "parent_company": "Guizhou Oasis Hongcheng Energy Investment Company", "capacity_mtpa": 1.8, "status": "Mothballed", "mine_type": "Underground", "prefecture": "Ordos", "merged_count": 1}}, {"type": "Feature", "geometry": {"type": "Point", "coordinates": [110.207892, 39.68883]}, "properties": {"mine_name": "Yongzhi Coal Mine", "mine_name_zh": "准格尔旗永智煤炭有限公司煤矿", "owners": "Jungar Yongzhi Coal Company [100%]", "parent_company": "Manshi Investment Group", "capacity_mtpa": 1.8, "status": "Operating", "mine_type": "Underground", "prefecture": "Ordos", "merged_count": 1}}, {"type": "Feature", "geometry": {"type": "Point", "coordinates": [110.609589, 39.376968]}, "properties": {"mine_name": "Yuanxing Coal Mine", "mine_name_zh": "鄂尔多斯市准格尔旗蒙泰远兴煤炭有限责任公司远兴煤矿", "owners": "Ordos City Jungar Banner Mengtai Yuanxing Coal Company [100%]", "parent_company": "China Cinda Asset Management", "capacity_mtpa": 1.2, "status": "Operating", "mine_type": "Surface", "prefecture": "Ordos", "merged_count": 1}}, {"type": "Feature", "geometry": {"type": "Point", "coordinates": [106.673372, 38.258025]}, "properties": {"mine_name": "Yushujing Coal Mine", "mine_name_zh": "内蒙古上海庙矿业有限责任公司榆树井煤矿", "owners": "Inner Mongolia Shanghai Temple Mining Company [100%]", "parent_company": "Shandong Energy [50%]; China National Tobacco Corporation [50%]", "capacity_mtpa": 3.8, "status": "Operating", "mine_type": "Underground", "prefecture": "Ordos", "merged_count": 1}}, {"type": "Feature", "geometry": {"type": "Point", "coordinates": [106.985809, 39.405333]}, "properties": {"mine_name": "Zhengfeng Shuangxin Coal Mine", "mine_name_zh": "鄂尔多斯市正丰矿业有限责任公司鄂托克旗双欣煤矿", "owners": "Ordos Zhengfeng Mining Company [100%]", "parent_company": "Inner Mongolia Shuangxin Resources Holding Company", "capacity_mtpa": 1.2, "status": "Operating", "mine_type": "Underground", "prefecture": "Ordos", "merged_count": 1}}, {"type": "Feature", "geometry": {"type": "Point", "coordinates": [110.109982, 39.570975]}, "properties": {"mine_name": "Zhuanlongwan Coal Mine", "mine_name_zh": "鄂尔多斯市转龙湾煤炭有限公司转龙湾煤矿", "owners": "Erdos Zhuanlongwan Coal Company [100%]", "parent_company": "Shandong Energy [46%]; HKSCC Nominees Limited [40%]; Others [14%]", "capacity_mtpa": 10.0, "status": "Operating", "mine_type": "Underground", "prefecture": "Ordos", "merged_count": 1}}, {"type": "Feature", "geometry": {"type": "Point", "coordinates": [118.666974, 44.947927]}, "properties": {"mine_name": "Baiyinhua Haizhou No. 4 Surface Mine", "mine_name_zh": "内蒙古白音华海州露天煤矿有限公司", "owners": "Inner Mongolia Baiyinhua Haizhou Surface Mine Company [100%]", "parent_company": "Liaoning Energy Industry Holding Group [83%]; China Huaneng [5%]", "capacity_mtpa": 13.0, "status": "Operating (multi-phase)", "mine_type": "Underground", "prefecture": "Xilin Gol", "merged_count": 2}}, {"type": "Feature", "geometry": {"type": "Point", "coordinates": [118.615908, 44.897826]}, "properties": {"mine_name": "Baiyinhua No.3 Surface Mine", "mine_name_zh": "内蒙古白音华蒙东露天煤业有限公司白音华三号露天矿", "owners": "Inner Mongolia Baiyinhua Mengdong Surface Coal Industry Company [100%]", "parent_company": "State Power Investment Corporation [SPIC] [43%]; Huolinhe Coal Industry Group [23%]; Industrial and Commercial Bank of China [33%]", "capacity_mtpa": 20.0, "status": "Operating", "mine_type": "Surface", "prefecture": "Xilin Gol", "merged_count": 1}}, {"type": "Feature", "geometry": {"type": "Point", "coordinates": [119.423037, 45.378683]}, "properties": {"mine_name": "Zhahazhuoer Surface Coal Mine", "mine_name_zh": "扎鲁特旗扎哈淖尔煤业有限公司扎哈淖尔露天煤矿", "owners": "Inner Mongolia Huolinhe Open-Pit Coal Industry Company [100%]", "parent_company": "State Power Investment Corporation [SPIC] [39%]; Huolinhe Coal Industry Group [26%]; Others [35%]", "capacity_mtpa": 18.0, "status": "Operating", "mine_type": "Surface", "prefecture": "Tongliao", "merged_count": 1}}, {"type": "Feature", "geometry": {"type": "Point", "coordinates": [119.757048, 48.588717]}, "properties": {"mine_name": "Yimin Surface Mine", "mine_name_zh": "华能伊敏煤电有限责任公司露天矿", "owners": "Huaneng Yimin Coal and Electricity Company [100%]", "parent_company": "China Huaneng", "capacity_mtpa": 35.0, "status": "Operating", "mine_type": "Surface", "prefecture": "Hulun Buir", "merged_count": 1}}, {"type": "Feature", "geometry": {"type": "Point", "coordinates": [111.361253, 39.488626]}, "properties": {"mine_name": "Chuancao Gedan Coal Mine", "mine_name_zh": "准格尔旗云飞矿业有限责任公司串草圪旦煤矿", "owners": "Jungar Banner Yunfei Mining Industry Company [100%]", "parent_company": "Kailuan Group", "capacity_mtpa": 2.4, "status": "Operating", "mine_type": "Underground", "prefecture": "Ordos", "merged_count": 1}}, {"type": "Feature", "geometry": {"type": "Point", "coordinates": [111.290036, 39.452624]}, "properties": {"mine_name": "Hongshuliang Coal Mine", "mine_name_zh": "准格尔旗宏丰煤炭运销有限责任公司红树梁煤矿", "owners": "Inner Mongolia Kailuan Hongfeng Coal Company [100%]", "parent_company": "Kailuan Group [60%]; Inner Mongolia Shengli Resource Group [16%]; Erdos Chunhui Forest Company [12%]; Junggar Juli Cultivation Company [12%]", "capacity_mtpa": 10.0, "status": "Operating", "mine_type": "Underground", "prefecture": "Ordos", "merged_count": 1}}, {"type": "Feature", "geometry": {"type": "Point", "coordinates": [110.196901, 39.758949]}, "properties": {"mine_name": "Jiadong Coal Mine", "mine_name_zh": "鄂尔多斯市嘉东煤业有限公司", "owners": "Ordos Jiadong Coal Industry Company [100%]", "parent_company": "Jizhong Energy Group", "capacity_mtpa": 2.1, "status": "Operating", "mine_type": "Surface", "prefecture": "Ordos", "merged_count": 1}}, {"type": "Feature", "geometry": {"type": "Point", "coordinates": [110.048793, 39.845356]}, "properties": {"mine_name": "Jiaxinde Coal Mine", "mine_name_zh": "鄂尔多斯市嘉信德煤业有限公司煤矿", "owners": "Ordos Jiaxinde Coal Industry Company [100%]", "parent_company": "Jizhong Energy Group", "capacity_mtpa": 3.0, "status": "Operating", "mine_type": "Surface", "prefecture": "Ordos", "merged_count": 1}}, {"type": "Feature", "geometry": {"type": "Point", "coordinates": [110.01973, 39.935038]}, "properties": {"mine_name": "Ordos Shengxin Coal Mine", "mine_name_zh": "鄂尔多斯市盛鑫煤业有限责任公司煤矿", "owners": "Ordos Shengxin Coal Industry Company [100%]", "parent_company": "Jizhong Energy Group", "capacity_mtpa": 1.5, "status": "Operating", "mine_type": "Underground", "prefecture": "Ordos", "merged_count": 1}}, {"type": "Feature", "geometry": {"type": "Point", "coordinates": [111.197535, 39.51466]}, "properties": {"mine_name": "Madiliang Coal Mine", "mine_name_zh": "内蒙古智能煤炭有限责任公司麻地梁煤矿", "owners": "Inner Mongolia Zhineng Coal Company [100%]", "parent_company": "Wanbei Coal & Electrical Group [ 53.79%]; Others [46.21%]", "capacity_mtpa": 10.0, "status": "Operating", "mine_type": "Underground", "prefecture": "Ordos", "merged_count": 1}}, {"type": "Feature", "geometry": {"type": "Point", "coordinates": [106.6966, 38.3227]}, "properties": {"mine_name": "New Shanghai No.1 Coal Mine", "mine_name_zh": "内蒙古上海庙矿业有限责任公司新上海一号煤矿", "owners": "Inner Mongolia Shanghai Temple Mining Company [100%]", "parent_company": "Shandong Energy [50%]; China National Tobacco Corporation [50%）", "capacity_mtpa": 4.0, "status": "Operating", "mine_type": "Underground", "prefecture": "Ordos", "merged_count": 1}}, {"type": "Feature", "geometry": {"type": "Point", "coordinates": [111.213023, 39.762206]}, "properties": {"mine_name": "Dafanpu Coal Mine", "mine_name_zh": "内蒙古准格尔旗力量煤业有限公司大饭铺煤矿", "owners": "Inner Mongolia Jungar Banner Liliang Coal Industry Company [100%]", "parent_company": "Kinetic Mines And Energy", "capacity_mtpa": 6.5, "status": "Operating", "mine_type": "Underground", "prefecture": "Ordos", "merged_count": 1}}, {"type": "Feature", "geometry": {"type": "Point", "coordinates": [109.973302, 39.495115]}, "properties": {"mine_name": "Xinzhen Coal Mine", "mine_name_zh": "内蒙古丹蒙得煤业有限责任公司鑫臻煤矿", "owners": "Inner Mongolia Danmengde Coal Industry Co Ltd. [100%]", "parent_company": "Inner Mongolia Yuanxing Energy Company [70%]; Hong Kong Resources Investment Company [30%]", "capacity_mtpa": 4.5, "status": "Operating", "mine_type": "Underground", "prefecture": "Ordos", "merged_count": 1}}, {"type": "Feature", "geometry": {"type": "Point", "coordinates": [109.39955, 38.742674]}, "properties": {"mine_name": "Bayangol Coal Mine", "mine_name_zh": "内蒙古黄陶勒盖煤炭有限责任公司巴彦高勒煤矿", "owners": "Inner Mongolia Huang Taolegai Coal Company [100%]", "parent_company": "Shandong Energy [60%]; Inner Mongolia Shilin Investment Group [40%）", "capacity_mtpa": 8.0, "status": "Operating", "mine_type": "Underground", "prefecture": "Ordos", "merged_count": 1}}, {"type": "Feature", "geometry": {"type": "Point", "coordinates": [106.668299, 38.474786]}, "properties": {"mine_name": "Ba Leng Coal Mine", "mine_name_zh": "鄂托克前旗恒源投资实业有限责任公司巴愣煤矿", "owners": "Etuoke Qianqi Hengyuan Investment Industrial Company [100%]", "parent_company": "Jinneng Group", "capacity_mtpa": 8.0, "status": "Proposed", "mine_type": "Underground", "prefecture": "Ordos", "merged_count": 1}}, {"type": "Feature", "geometry": {"type": "Point", "coordinates": [106.837222, 38.270833]}, "properties": {"mine_name": "Inner Mongolia Yingjun No.1 Coal Mine", "mine_name_zh": "内蒙古鹰骏一号矿井", "owners": "Inner Mongolia Weihua Mining Company [100%]", "parent_company": "National Energy Investment Group", "capacity_mtpa": 6.0, "status": "Proposed", "mine_type": "Underground", "prefecture": "Ordos", "merged_count": 1}}, {"type": "Feature", "geometry": {"type": "Point", "coordinates": [109.844292, 39.866469]}, "properties": {"mine_name": "Selian No.1 Coal Mine", "mine_name_zh": "内蒙古同煤鄂尔多斯矿业投资有限公司色连一号煤矿", "owners": "Inner Mongolia Erdos Mining Investment Company [100%]", "parent_company": "Jinneng Group [29%]; Inner Mongolia Erdos Investment Group [30%]; Zhejiang Energy Group [19%]; Others [22%]", "capacity_mtpa": 8.0, "status": "Operating", "mine_type": "Underground", "prefecture": "Ordos", "merged_count": 1}}, {"type": "Feature", "geometry": {"type": "Point", "coordinates": [109.205991, 39.996232]}, "properties": {"mine_name": "Taran Gaole Coal Mine", "mine_name_zh": "国家能源投资集团有限责任公司塔然高勒煤矿", "owners": "China Energy [100%]", "parent_company": "China Energy", "capacity_mtpa": 10.0, "status": "Proposed", "mine_type": "Underground", "prefecture": "Ordos", "merged_count": 1}}, {"type": "Feature", "geometry": {"type": "Point", "coordinates": [111.336127, 40.012229]}, "properties": {"mine_name": "Buliangou Coal Mine", "mine_name_zh": "内蒙古蒙泰不连沟煤业有限责任公司不连沟煤矿", "owners": "Inner Mongolia Mengtai Buliangou Coal Industry Company [100%]", "parent_company": "Inner Mongolia Mengtai Group [49%]; China Huadian [35%]; Others [16%]", "capacity_mtpa": 18.0, "status": "Operating", "mine_type": "Underground", "prefecture": "Ordos", "merged_count": 1}}, {"type": "Feature", "geometry": {"type": "Point", "coordinates": [110.065041, 39.724671]}, "properties": {"mine_name": "Gaojialiang No.1 Coal Mine", "mine_name_zh": "鄂尔多斯市昊华精煤有限责任公司高家梁一号矿", "owners": "Ordos Haohua Fine Coal Company [100%]", "parent_company": "Beijing Energy [50%]; Ordos Energy Investment and Development Company [20%]; Shougang Group [1%]; Others [29%]", "capacity_mtpa": 8.5, "status": "Operating", "mine_type": "Underground", "prefecture": "Ordos", "merged_count": 1}}, {"type": "Feature", "geometry": {"type": "Point", "coordinates": [111.29515, 39.534982]}, "properties": {"mine_name": "Weijiamao Open Pit Mine", "mine_name_zh": "北方魏家峁煤电有限责任公司魏家峁露天煤矿", "owners": "North Weijiamao Coal Power Company [100%]", "parent_company": "China Huaneng [42%]; Guangdong Hengjian Investment Holding Company; [8%] China Energy [3%]; China Securities Finance Corporation [3%]; Others [44%]", "capacity_mtpa": 15.0, "status": "Operating", "mine_type": "Surface", "prefecture": "Ordos", "merged_count": 1}}, {"type": "Feature", "geometry": {"type": "Point", "coordinates": [109.935854, 39.946309]}, "properties": {"mine_name": "Nahui Coal Mine", "mine_name_zh": "鄂尔多斯市巴音孟克纳汇煤炭有限责任公司", "owners": "Ordos Bayin Mengke Nahui Coal Company [100%]", "parent_company": "Ordos Bayinmengke Investment Group", "capacity_mtpa": 3.0, "status": "Operating", "mine_type": "Underground", "prefecture": "Ordos", "merged_count": 1}}, {"type": "Feature", "geometry": {"type": "Point", "coordinates": [110.234222, 39.544637]}, "properties": {"mine_name": "Baijialiang Coal Mine", "mine_name_zh": "内蒙古伊泰煤炭股份有限公司白家梁煤矿", "owners": "Inner Mongolia Yitai Investment Company [100%]", "parent_company": "Inner Mongolia Yitai Investment", "capacity_mtpa": 0.9, "status": "Operating", "mine_type": "Surface", "prefecture": "Ordos", "merged_count": 1}}, {"type": "Feature", "geometry": {"type": "Point", "coordinates": [118.455621, 44.786827]}, "properties": {"mine_name": "Baiyinhua No.1 Surface Mine", "mine_name_zh": "内蒙古平西白音华煤业有限公司", "owners": "Inner Mongolia Pingxi Baiyinhua Coal Industry Group [100%]", "parent_company": "China Energy [51%]; China Cinda Asset Management [32%]; Chifeng City Economic and Information Commission [17%]", "capacity_mtpa": 12.0, "status": "Operating", "mine_type": "Surface", "prefecture": "Xilin Gol", "merged_count": 1}}, {"type": "Feature", "geometry": {"type": "Point", "coordinates": [119.269262, 45.250314]}, "properties": {"mine_name": "Bao'erhu Shugaobu Coal Mine", "mine_name_zh": "西乌珠穆沁旗意隆煤业有限责任公司包尔呼舒高布煤矿", "owners": "West Ujimqin Banner Yilong Coal Industry Company [100%]", "parent_company": "West Ujimqin Banner Yilong Coal Industry Company", "capacity_mtpa": 1.5, "status": "Operating", "mine_type": "Surface", "prefecture": "Xilin Gol", "merged_count": 1}}, {"type": "Feature", "geometry": {"type": "Point", "coordinates": [119.239319, 45.221363]}, "properties": {"mine_name": "Baorihushuo Coal Mine", "mine_name_zh": "西乌珠穆沁旗宝日胡硕煤矿", "owners": "Xiwuzhumuqin Banner Baorihushuo Coal Company [100%]", "parent_company": "Xiwuzhumuqin Banner Baorihushuo Coal Company", "capacity_mtpa": 1.2, "status": "Operating", "mine_type": "Surface", "prefecture": "Xilin Gol", "merged_count": 1}}, {"type": "Feature", "geometry": {"type": "Point", "coordinates": [111.315913, 39.802623]}, "properties": {"mine_name": "Baotong Coal Mine", "mine_name_zh": "准格尔旗准格尔矿区星达工贸有限责任公司宝通煤矿", "owners": "Zhungeer Banner Zhungeer Mining Area Xingda Industry and Trade Company [100%]", "parent_company": "Inner Mongolia Shuntai Investment Company [70%]; Su Zhenping [30%]", "capacity_mtpa": 1.2, "status": "Operating", "mine_type": "Surface", "prefecture": "Ordos", "merged_count": 1}}, {"type": "Feature", "geometry": {"type": "Point", "coordinates": [110.486821, 39.458886]}, "properties": {"mine_name": "Changxu Surface Mine", "mine_name_zh": "准格尔旗昶旭煤炭有限责任公司煤矿", "owners": "Inner Mongolia Manshi Coal Group [100%]", "parent_company": "Manshi Investment Group", "capacity_mtpa": 4.0, "status": "Operating", "mine_type": "Surface", "prefecture": "Ordos", "merged_count": 1}}, {"type": "Feature", "geometry": {"type": "Point", "coordinates": [110.333999, 39.882664]}, "properties": {"mine_name": "Dianshigou Surface Coal Mine", "mine_name_zh": "内蒙古满世煤炭集团点石沟煤炭有限责任公司煤矿", "owners": "Inner Mongolia Manshi Coal Group Dianshigou Coal Company [100%]", "parent_company": "Manshi Investment Group", "capacity_mtpa": 3.0, "status": "Operating", "mine_type": "Surface", "prefecture": "Ordos", "merged_count": 1}}, {"type": "Feature", "geometry": {"type": "Point", "coordinates": [111.258324, 39.731044]}, "properties": {"mine_name": "Haerwusu Surface Mine", "mine_name_zh": "中国神华能源股份有限公司哈尔乌素露天煤矿", "owners": "China Shenhua Energy [100%]", "parent_company": "China Energy [69%]; HKSCC Nominees Limited [17%]; Others [14%]", "capacity_mtpa": 35.0, "status": "Operating", "mine_type": "Surface", "prefecture": "Ordos", "merged_count": 1}}, {"type": "Feature", "geometry": {"type": "Point", "coordinates": [119.1066869, 45.92834677]}, "properties": {"mine_name": "Hesigewula South Surface Coal Mine", "mine_name_zh": "内蒙古锡林河煤化工有限责任公司贺斯格乌拉南露天煤矿", "owners": "Inner Mongolia Xilinhe Coal Chemical Company [100%]", "parent_company": "China Energy [51%]; Inner Mongolia Jarud Banner Xingta Mining Industry Company [49%]", "capacity_mtpa": 15.0, "status": "Operating", "mine_type": "Surface", "prefecture": "Xilin Gol", "merged_count": 1}}, {"type": "Feature", "geometry": {"type": "Point", "coordinates": [111.370441, 39.86517]}, "properties": {"mine_name": "Huafu Coal Mine", "mine_name_zh": "准格尔旗华富煤炭有限责任公司煤矿", "owners": "Jungar Banner Huafu Coal Company [100%]", "parent_company": "Jilin Liwang Group", "capacity_mtpa": 2.4, "status": "Operating", "mine_type": "Surface", "prefecture": "Ordos", "merged_count": 1}}, {"type": "Feature", "geometry": {"type": "Point", "coordinates": [106.928247, 39.443556]}, "properties": {"mine_name": "Inner Mongolia Yuantong Changfu Surface Mine", "mine_name_zh": "内蒙古源通长富煤业有限责任公司 (露天煤矿）", "owners": "Inner Mongolia Yuantong Changfu Coal Industry Company [100%]", "parent_company": "Inner Mongolia Yuantong Coal Group", "capacity_mtpa": 1.5, "status": "Operating", "mine_type": "Surface", "prefecture": "Wuhai", "merged_count": 1}}, {"type": "Feature", "geometry": {"type": "Point", "coordinates": [110.283297, 39.629959]}, "properties": {"mine_name": "Jingwei Coal Mine", "mine_name_zh": "准格尔旗经纬煤业有限责任公司煤矿", "owners": "Jungar Jingwei Coal Industry Company [100%]", "parent_company": "Huangling Qinlong Company", "capacity_mtpa": 3.6, "status": "Operating", "mine_type": "Surface", "prefecture": "Ordos", "merged_count": 1}}, {"type": "Feature", "geometry": {"type": "Point", "coordinates": [111.337833, 39.868788]}, "properties": {"mine_name": "Jinzhengtai Surface Mine", "mine_name_zh": "准格尔旗金正泰煤炭有限责任公司", "owners": "Zhungeer Jinzhengtai Coal Company [100%]", "parent_company": "Shandong Energy", "capacity_mtpa": 5.0, "status": "Operating", "mine_type": "Surface", "prefecture": "Ordos", "merged_count": 1}}, {"type": "Feature", "geometry": {"type": "Point", "coordinates": [110.504765, 39.418761]}, "properties": {"mine_name": "Jungar Bu'erdong Coal Mine", "mine_name_zh": "准格尔旗弓家塔布尔洞煤炭有限责任公司煤矿", "owners": "Jungar Banner Gongjia Bu'erdong Coal Company [100%]", "parent_company": "Beijing Huayuan Jiaxin Investment Company", "capacity_mtpa": 1.2, "status": "Operating", "mine_type": "Surface", "prefecture": "Ordos", "merged_count": 1}}, {"type": "Feature", "geometry": {"type": "Point", "coordinates": [110.306898, 39.669395]}, "properties": {"mine_name": "Jungar Gonggou Coal Mine", "mine_name_zh": "准格尔旗公沟煤炭有限责任公司煤矿", "owners": "Inner Mongolia Huineng Coal and Electricity Group [100%]", "parent_company": "Beijing Huayuan Jiaxin Investment Company", "capacity_mtpa": 1.2, "status": "Operating", "mine_type": "Surface", "prefecture": "Ordos", "merged_count": 1}}, {"type": "Feature", "geometry": {"type": "Point", "coordinates": [111.359854, 39.882934]}, "properties": {"mine_name": "Jungar Zhaofu Coal Mine", "mine_name_zh": "准格尔旗召富煤炭有限责任公司煤矿", "owners": "Jungar Banner Zhaofu Coal Company [100%]", "parent_company": "Inner Mongolia Sidaoliu Coal Company", "capacity_mtpa": 1.2, "status": "Proposed", "mine_type": "Surface", "prefecture": "Ordos", "merged_count": 1}}, {"type": "Feature", "geometry": {"type": "Point", "coordinates": [110.423168, 39.401715]}, "properties": {"mine_name": "Jungar Zhunlian Coal Mine", "mine_name_zh": "准格尔旗准联煤炭有限责任公司煤矿", "owners": "Jungar Banner Zhunlian Coal Company [100%]", "parent_company": "Ordos Kaiyuan Investment Company", "capacity_mtpa": 1.8, "status": "Proposed", "mine_type": "Surface", "prefecture": "Ordos", "merged_count": 1}}, {"type": "Feature", "geometry": {"type": "Point", "coordinates": [106.892109, 39.623996]}, "properties": {"mine_name": "Kabuqi Coal Mine", "mine_name_zh": "乌海市温明矿业有限责任公司卡布其煤矿", "owners": "Wuhai Wenming Mining Company [100%]", "parent_company": "Inner Mongolia Tianyu Innovation Investment Group", "capacity_mtpa": 1.2, "status": "Operating", "mine_type": "Surface", "prefecture": "Wuhai", "merged_count": 1}}, {"type": "Feature", "geometry": {"type": "Point", "coordinates": [107.142482, 39.465275]}, "properties": {"mine_name": "Kuli Huoshatu Coal Mine", "mine_name_zh": "内蒙古蒙西矿业有限公司库里火沙兔煤矿", "owners": "Inner Mongolia Mengxi Mining Company [100%]", "parent_company": "Inner Mongolia Xinya Energy Investment Group", "capacity_mtpa": 1.2, "status": "Operating", "mine_type": "Surface", "prefecture": "Ordos", "merged_count": 1}}, {"type": "Feature", "geometry": {"type": "Point", "coordinates": [113.229983, 44.036567]}, "properties": {"mine_name": "Manglai Surface Coal Mine", "mine_name_zh": "中铁资源苏尼特左旗芒来矿业有限公司芒来露天煤矿", "owners": "China Railway Resources Sunitezuoqi Manglai Surface Mine Company [100%]", "parent_company": "China Reform Holdings Company [18%]; China Coal [14%]; China Chengtong Holding Company [10%]; China Energy [7%]; Cathay Olympic Investment Company [49%]; Others [2%]", "capacity_mtpa": 10.0, "status": "Operating", "mine_type": "Surface", "prefecture": "Xilin Gol", "merged_count": 1}}, {"type": "Feature", "geometry": {"type": "Point", "coordinates": [107.03672, 39.643152]}, "properties": {"mine_name": "Mengxi Coal Mine", "mine_name_zh": "内蒙古蒙西煤炭有限责任公司蒙西煤矿", "owners": "Inner Mongolia Mengxi Coal Company [100%]", "parent_company": "Inner Mongolia Guanghui Coal Company", "capacity_mtpa": 1.8, "status": "Operating", "mine_type": "Surface", "prefecture": "Ordos", "merged_count": 1}}, {"type": "Feature", "geometry": {"type": "Point", "coordinates": [111.340673, 39.721095]}, "properties": {"mine_name": "Mengxiang Open-Pit Coal Mine", "mine_name_zh": "准格尔旗蒙祥煤炭有限责任公司蒙祥煤矿", "owners": "Zhungeer Banner Mengxiang Coal Company [100%]", "parent_company": "Inner Mongolia Xinglong Energy Group [94.2%]; Others [5.8%]", "capacity_mtpa": 5.0, "status": "Operating", "mine_type": "Surface", "prefecture": "Ordos", "merged_count": 1}}, {"type": "Feature", "geometry": {"type": "Point", "coordinates": [110.552622, 39.617386]}, "properties": {"mine_name": "Nahugou Coal Mine", "mine_name_zh": "准格尔旗鸿鑫纳户沟煤炭有限责任公司", "owners": "Jungar Banner Hongxin Nahugou Coal Company [100%]", "parent_company": "Ordos Taiheng Investment Company", "capacity_mtpa": 1.2, "status": "Operating", "mine_type": "Surface", "prefecture": "Ordos", "merged_count": 1}}, {"type": "Feature", "geometry": {"type": "Point", "coordinates": [115.91126, 43.954677]}, "properties": {"mine_name": "Shengli West No.2 Coal Mine", "mine_name_zh": "锡林郭勒盟蒙东矿业有限责任公司胜利西二号露天煤矿", "owners": "Xilin Gol Mengdong Mining Company [100%]", "parent_company": "China Energy [51%]; Chaoyang Hongwen Investment Company [49%]", "capacity_mtpa": 10.0, "status": "Operating", "mine_type": "Surface", "prefecture": "Xilin Gol", "merged_count": 1}}, {"type": "Feature", "geometry": {"type": "Point", "coordinates": [111.254573, 39.794309]}, "properties": {"mine_name": "Shenhua Heidaigou Surface Coal Mine", "mine_name_zh": "神华准格尔能源有限责任公司黑岱沟露天煤矿", "owners": "Shenhua Junggar Energy [100%]", "parent_company": "China Energy [40%]; China Cinda Asset Management Company [42%]; Others [18%]", "capacity_mtpa": 34.0, "status": "Operating", "mine_type": "Surface", "prefecture": "Ordos", "merged_count": 1}}, {"type": "Feature", "geometry": {"type": "Point", "coordinates": [110.535944, 39.576954]}, "properties": {"mine_name": "Shigetu Coal Mine", "mine_name_zh": "准格尔旗川掌镇石圪图煤炭有限责任公司", "owners": "Jungar Banner Chuanzhang Town Shigetu Coal Company [100%]", "parent_company": "China Cinda Asset Management", "capacity_mtpa": 1.2, "status": "Mothballed", "mine_type": "Surface", "prefecture": "Ordos", "merged_count": 1}}, {"type": "Feature", "geometry": {"type": "Point", "coordinates": [111.334636, 39.872686]}, "properties": {"mine_name": "Tingziyan Surface Mine", "mine_name_zh": "准格尔旗窑沟乡厅子堰煤矿有限责任公司厅子堰煤矿", "owners": "Jungar Yaogouxiang Tingziyan Coal Minging Company [100%]", "parent_company": "Inner Mongolia Xinglong Energy Group [51%]; Shanxi Lanhua Coal Industry Group [44.48%]; Capital Industy Construction Group[4%]; Others [0.52%]", "capacity_mtpa": 3.0, "status": "Operating", "mine_type": "Surface", "prefecture": "Ordos", "merged_count": 1}}, {"type": "Feature", "geometry": {"type": "Point", "coordinates": [106.877813, 39.74697]}, "properties": {"mine_name": "Wanqi Jinghua Coal Mine", "mine_name_zh": "乌海市万企景华煤业有限责任公司煤矿", "owners": "Wuhai Wanqi Jinghua Coal Industry Company [100%]", "parent_company": "Inner Mongolia Wening Mining Industry Group", "capacity_mtpa": 1.2, "status": "Operating", "mine_type": "Surface", "prefecture": "Wuhai", "merged_count": 1}}, {"type": "Feature", "geometry": {"type": "Point", "coordinates": [116.00104, 43.999168]}, "properties": {"mine_name": "West No. 3 Surface Coal Mine", "mine_name_zh": "内蒙古胜利矿区胜利西三号露天矿", "owners": "Inner Mongolia Energy Power Generation Investment Group [100%]", "parent_company": "Inner Mongolia Energy Power Generation Investment Group", "capacity_mtpa": 6.0, "status": "Operating", "mine_type": "Surface", "prefecture": "Xilin Gol", "merged_count": 1}}, {"type": "Feature", "geometry": {"type": "Point", "coordinates": [106.972803, 39.436558]}, "properties": {"mine_name": "Wuhai Dongfeng Surface Mine", "mine_name_zh": "乌海市君正矿业有限责任公司东风露天矿", "owners": "Wuhai Junzheng Mining Company [100%]", "parent_company": "Inner Mongolia Junzheng Energy & Chemical Group", "capacity_mtpa": 0.9, "status": "Operating", "mine_type": "Surface", "prefecture": "Wuhai", "merged_count": 1}}, {"type": "Feature", "geometry": {"type": "Point", "coordinates": [106.621735, 39.500496]}, "properties": {"mine_name": "Wuhai Huayin No.2 Coal Mine", "mine_name_zh": "乌海市华银煤炭有限责任公司二矿", "owners": "Wuhai Huayin Coal Company [100%]", "parent_company": "Beijing Haohai Yongxing Investment Company", "capacity_mtpa": 0.9, "status": "Mothballed", "mine_type": "Surface", "prefecture": "Wuhai", "merged_count": 1}}, {"type": "Feature", "geometry": {"type": "Point", "coordinates": [106.613571, 39.511455]}, "properties": {"mine_name": "Wuhai Huayin No.3 Coal Mine", "mine_name_zh": "乌海市华银煤炭有限责任公司三矿", "owners": "Wuhai Huayin Coal Company [100%]", "parent_company": "Beijing Haohai Yongxing Investment Company", "capacity_mtpa": 0.9, "status": "Mothballed", "mine_type": "Surface", "prefecture": "Wuhai", "merged_count": 1}}, {"type": "Feature", "geometry": {"type": "Point", "coordinates": [106.630726, 39.51001]}, "properties": {"mine_name": "Wuhai Jian'an Coal Mine", "mine_name_zh": "乌海市建安煤矿有限责任公司", "owners": "Wuhai Jian'an Coal Mine Company [100%]", "parent_company": "Inner Mongolia Yihua Mining Investment Development Company", "capacity_mtpa": 0.9, "status": "Mothballed", "mine_type": "Surface", "prefecture": "Wuhai", "merged_count": 1}}, {"type": "Feature", "geometry": {"type": "Point", "coordinates": [110.183639, 39.278553]}, "properties": {"mine_name": "Wujiata Surface Mine", "mine_name_zh": "内蒙古神东天隆集团股份有限公司武家塔露天煤矿", "owners": "Shendong Tianlong Group [100%]", "parent_company": "China Energy", "capacity_mtpa": 4.0, "status": "Operating", "mine_type": "Surface", "prefecture": "Ordos", "merged_count": 1}}, {"type": "Feature", "geometry": {"type": "Point", "coordinates": [110.243357, 39.716304]}, "properties": {"mine_name": "Wulanhada Coal Mine", "mine_name_zh": "准格尔旗神山煤炭有限公司乌兰哈达煤矿", "owners": "Jungar Banner Shenshan Coal Company Wulanhada Coal Mine [100%]", "parent_company": "Ordos City Huneng Coal Group", "capacity_mtpa": 5.0, "status": "Operating", "mine_type": "Surface", "prefecture": "Ordos", "merged_count": 1}}, {"type": "Feature", "geometry": {"type": "Point", "coordinates": [110.67681, 39.556694]}, "properties": {"mine_name": "Xinxin Coal Mine", "mine_name_zh": "内蒙古蒙泰新鑫煤业有限责任公司新鑫煤矿", "owners": "Inner Mongolia Mengtai Xinxin Coal Industry Company [100%]", "parent_company": "Inner Mongolia Mengtai Group", "capacity_mtpa": 2.4, "status": "Operating", "mine_type": "Surface", "prefecture": "Ordos", "merged_count": 1}}, {"type": "Feature", "geometry": {"type": "Point", "coordinates": [110.510476, 39.47018]}, "properties": {"mine_name": "Yidong Group Lijiata Coal Mine", "mine_name_zh": "内蒙古伊东集团栗家塔煤炭有限责任公司煤矿", "owners": "Inner Mongolia Yidong Group Lijiata Coal Company [100%]", "parent_company": "Inner Mongolia Yidong Investment Group", "capacity_mtpa": 1.8, "status": "Operating", "mine_type": "Surface", "prefecture": "Ordos", "merged_count": 1}}, {"type": "Feature", "geometry": {"type": "Point", "coordinates": [110.735759, 39.432694]}, "properties": {"mine_name": "Yidong Gucheng Coal Mine", "mine_name_zh": "内蒙古伊东集团古城煤炭有限责任公司古城煤矿", "owners": "Inner Mongolia Yidong Group Gucheng Coal Company [100%]", "parent_company": "Yidong Group [99.08%]; Others [0.92%]", "capacity_mtpa": 3.0, "status": "Operating", "mine_type": "Surface", "prefecture": "Ordos", "merged_count": 1}}, {"type": "Feature", "geometry": {"type": "Point", "coordinates": [110.526454, 39.452055]}, "properties": {"mine_name": "Yihe Juyuan Coal Mine", "mine_name_zh": "内蒙古怡和聚源煤炭有限公司", "owners": "Inner Mongolia Yihe Juyuan Coal Company [100%]", "parent_company": "Inner Mongolia Yongxin Asset Management Company", "capacity_mtpa": 1.2, "status": "Operating", "mine_type": "Surface", "prefecture": "Ordos", "merged_count": 1}}, {"type": "Feature", "geometry": {"type": "Point", "coordinates": [119.313046, 42.337293]}, "properties": {"mine_name": "Yuanbaoshan Coal Mine", "mine_name_zh": "内蒙古平庄煤业（集团）有限责任公司元宝山露天煤矿", "owners": "Inner Mongolia Pingzhuang Coal Industry Group [100%]", "parent_company": "China Energy [51%]; China Cinda Asset Management [32%]; Chifeng City Economic and Information Commission [17%]", "capacity_mtpa": 12.0, "status": "Operating", "mine_type": "Surface", "prefecture": "Chifeng", "merged_count": 1}}, {"type": "Feature", "geometry": {"type": "Point", "coordinates": [119.549702, 45.464911]}, "properties": {"mine_name": "Yuanyuan Surface Coal Mine 958 Mining Area", "mine_name_zh": "内蒙古源源能源集团有限责任公司露天煤矿958采区", "owners": "Inner Mongolia Yuanyuan Energy Group Surface Coal Mine [100%]", "parent_company": "Inner Mongolia Yuanyuan Energy Group", "capacity_mtpa": 1.2, "status": "Operating", "mine_type": "Surface", "prefecture": "Tongliao", "merged_count": 1}}, {"type": "Feature", "geometry": {"type": "Point", "coordinates": [110.609856, 39.569878]}, "properties": {"mine_name": "Yunkai Coal Mine", "mine_name_zh": "准格尔旗云凯煤炭有限责任公司", "owners": "Jungar Banner Yunkai Coal Company [100%]", "parent_company": "Jungar Banner Yunkai Coal Company", "capacity_mtpa": 1.2, "status": "Mothballed", "mine_type": "Surface", "prefecture": "Ordos", "merged_count": 1}}, {"type": "Feature", "geometry": {"type": "Point", "coordinates": [110.115952, 39.841549]}, "properties": {"mine_name": "Balongtu Surface Mine", "mine_name_zh": "内蒙古汇能煤电集团巴隆图煤炭有限公司煤矿", "owners": "Inner Mongolia Huineng Coal Power Group Balongtu Coal Company [100%]", "parent_company": "Inner Mongolia Huineng Coal & Electrical Group", "capacity_mtpa": 5.0, "status": "Operating", "mine_type": "Surface", "prefecture": "Ordos", "merged_count": 1}}, {"type": "Feature", "geometry": {"type": "Point", "coordinates": [110.375265, 39.833314]}, "properties": {"mine_name": "Chaonaoliang Coal Mine", "mine_name_zh": "内蒙古鄂尔多斯潮脑梁煤炭有限公司", "owners": "Inner Mongolia Ordos Chaonaoliang Coal Company [100%]", "parent_company": "Ordos Shenglihong Coal Industry Company", "capacity_mtpa": 8.0, "status": "Operating", "mine_type": "Surface", "prefecture": "Ordos", "merged_count": 1}}, {"type": "Feature", "geometry": {"type": "Point", "coordinates": [119.666179, 49.413808]}, "properties": {"mine_name": "Dongming Surface Mine", "mine_name_zh": "呼伦贝尔东明矿业有限责任公司东明露天矿", "owners": "Hulun Buir Dongming Mining Industry [100%]", "parent_company": "Yuntianhua Group", "capacity_mtpa": 4.0, "status": "Operating", "mine_type": "Surface", "prefecture": "Hulun Buir", "merged_count": 1}}, {"type": "Feature", "geometry": {"type": "Point", "coordinates": [106.961764, 39.440937]}, "properties": {"mine_name": "Guanghui Surface Mine", "mine_name_zh": "内蒙古广汇煤炭有限责任公司煤矿", "owners": "Inner Mongolia Guanghui Coal Company [100%]", "parent_company": "Inner Mongolia Guanghui Coal Company", "capacity_mtpa": 0.9, "status": "Operating", "mine_type": "Surface", "prefecture": "Ordos", "merged_count": 1}}, {"type": "Feature", "geometry": {"type": "Point", "coordinates": [110.657344, 39.38428]}, "properties": {"mine_name": "Hedong Baijialiang Coal Mine", "mine_name_zh": "内蒙古恒东集团白家梁煤炭有限责任公司煤矿", "owners": "Inner Mongolia Hengdong Energy Group [100%]", "parent_company": "Inner Mongolia Hengdong Energy Group", "capacity_mtpa": 2.4, "status": "Operating", "mine_type": "Surface", "prefecture": "Ordos", "merged_count": 1}}, {"type": "Feature", "geometry": {"type": "Point", "coordinates": [110.514796, 39.544816]}, "properties": {"mine_name": "Hengbo Coal Mine", "mine_name_zh": "内蒙古恒东集团恒博煤炭有限责任公司煤矿", "owners": "Inner Mongolia Hengdong Group Hengbo Coal Company [100%]", "parent_company": "Inner Mongolia Hengdong Energy Group", "capacity_mtpa": 2.4, "status": "Operating", "mine_type": "Surface", "prefecture": "Ordos", "merged_count": 1}}, {"type": "Feature", "geometry": {"type": "Point", "coordinates": [111.378532, 39.903715]}, "properties": {"mine_name": "Hongran Coal Mine", "mine_name_zh": "内蒙古宏燃能源有限公司煤矿", "owners": "Inner Mongolia Hongran Energy Company [100%]", "parent_company": "Fujian Jiujia Investment Company", "capacity_mtpa": 1.2, "status": "Operating", "mine_type": "Surface", "prefecture": "Ordos", "merged_count": 1}}, {"type": "Feature", "geometry": {"type": "Point", "coordinates": [110.362034, 39.744641]}, "properties": {"mine_name": "Huajian Surface Mine", "mine_name_zh": "内蒙古北联电能源开发有限责任公司铧尖露天煤矿", "owners": "Inner Mongolia Beilian Power Energy Development Company [100%]", "parent_company": "China Huaneng [70%]; Guangdong Energy Group [20%]; China Energy [10%]", "capacity_mtpa": 4.0, "status": "Operating", "mine_type": "Surface", "prefecture": "Ordos", "merged_count": 1}}, {"type": "Feature", "geometry": {"type": "Point", "coordinates": [111.230021, 39.479599]}, "properties": {"mine_name": "Huilong Surface Mine", "mine_name_zh": "内蒙古恒东集团汇隆煤炭有限责任公司汇隆煤矿", "owners": "Inner Mongolia Hengdong Huilong Coal Company [100%]", "parent_company": "Hengdong Energy Group [83.61%]; Others [16.39%]", "capacity_mtpa": 6.0, "status": "Operating", "mine_type": "Surface", "prefecture": "Ordos", "merged_count": 1}}, {"type": "Feature", "geometry": {"type": "Point", "coordinates": [109.856628, 40.030282]}, "properties": {"mine_name": "Inner Mongolia Haihua Coal Co., Ltd. Jiangmu Tunan Well", "mine_name_zh": "内蒙古海华煤炭有限公司江木图南井", "owners": "Inner Mongolia Haihua Coal Company [100%]", "parent_company": "Zhonghai Shengfeng [Beijing] Capital Management Company", "capacity_mtpa": 0.9, "status": "Operating", "mine_type": "Surface", "prefecture": "Ordos", "merged_count": 1}}, {"type": "Feature", "geometry": {"type": "Point", "coordinates": [117.252294, 44.315907]}, "properties": {"mine_name": "Jilin Gol No. 2 Surface Mine", "mine_name_zh": "内蒙古吉林郭勒二号露天煤矿有限公司吉林郭勒二号露天煤矿", "owners": "Inner Mongolia Jilin Gol No. 2 Open Pit Mine Company [100%]", "parent_company": "Liaoning Tiefa Energy [27.82%]; China Cinda Asset Management Company [12.18%]; Liaoning Chuncheng Industry & Trade Group [35%]; Beijing Fengjia Investment Company [25%]", "capacity_mtpa": 18.0, "status": "Proposed", "mine_type": "Surface", "prefecture": "Xilin Gol", "merged_count": 1}}, {"type": "Feature", "geometry": {"type": "Point", "coordinates": [110.29172, 39.615948]}, "properties": {"mine_name": "Kejian Coal Mine", "mine_name_zh": "内蒙古科建煤炭有限责任公司煤矿", "owners": "Inner Mongolia Kejian Coal Company [100%]", "parent_company": "Zhongwei Investment Company", "capacity_mtpa": 1.8, "status": "Mothballed", "mine_type": "Surface", "prefecture": "Ordos", "merged_count": 1}}, {"type": "Feature", "geometry": {"type": "Point", "coordinates": [116.00678, 44.002945]}, "properties": {"mine_name": "Shengli No.1 Open-Pit Coal Mine", "mine_name_zh": "中国神华能源股份有限公司胜利一号露天矿", "owners": "China Energy Beidian Shengli Energy [100%]", "parent_company": "China Energy [46%]; China Huaneng[26%]; Others[28%]", "capacity_mtpa": 28.0, "status": "Operating", "mine_type": "Surface", "prefecture": "Xilin Gol", "merged_count": 1}}, {"type": "Feature", "geometry": {"type": "Point", "coordinates": [110.200637, 39.712643]}, "properties": {"mine_name": "Sunsangou Coal Mine", "mine_name_zh": "内蒙古鸿远煤炭集团有限公司孙三沟煤矿", "owners": "Inner Mongolia Hongyuan Coal Group [100%]", "parent_company": "Inner Mongolia Hongyuan Coal Group", "capacity_mtpa": 1.8, "status": "Operating", "mine_type": "Surface", "prefecture": "Ordos", "merged_count": 1}}, {"type": "Feature", "geometry": {"type": "Point", "coordinates": [110.668228, 39.381082]}, "properties": {"mine_name": "Yangbaoqu Coal Mine", "mine_name_zh": "内蒙古恒东集团阳堡渠煤炭有限责任公司", "owners": "Inner Mongolia Hengdong Group Yangbaoqu Coal Company [100%]", "parent_company": "Inner Mongolia Hengdong Energy Group", "capacity_mtpa": 1.2, "status": "Operating", "mine_type": "Surface", "prefecture": "Ordos", "merged_count": 1}}, {"type": "Feature", "geometry": {"type": "Point", "coordinates": [120.227287, 49.147909]}, "properties": {"mine_name": "Zhanihe Surface Mine", "mine_name_zh": "内蒙古大雁矿业集团有限责任公司扎尼河露天矿", "owners": "Dayan Mine Industry Group [100%]", "parent_company": "China Energy", "capacity_mtpa": 8.0, "status": "Operating", "mine_type": "Surface", "prefecture": "Hulun Buir", "merged_count": 1}}, {"type": "Feature", "geometry": {"type": "Point", "coordinates": [118.500466, 44.809523]}, "properties": {"mine_name": "Baiyinhua No. 2 Surface Mine", "mine_name_zh": "内蒙古锡林郭勒白音华煤电有限责任公司露天矿", "owners": "Inner Mongolia Xilin Gol Baiyinhua Coal and Electricity Company [100%]", "parent_company": "State Power Investment Corporation [SPIC] [91.2%]; Huolinhe Coal Industry Group [8%]; Others [1%]", "capacity_mtpa": 15.0, "status": "Operating", "mine_type": "Surface", "prefecture": "Xilin Gol", "merged_count": 1}}, {"type": "Feature", "geometry": {"type": "Point", "coordinates": [110.296794, 39.869613]}, "properties": {"mine_name": "Baoli Coal Mine", "mine_name_zh": "内蒙古宝利煤炭有限公司煤矿", "owners": "Inner Mongolia Baoli Coal Company [100%]", "parent_company": "China Datang", "capacity_mtpa": 3.0, "status": "Operating", "mine_type": "Surface", "prefecture": "Ordos", "merged_count": 1}}, {"type": "Feature", "geometry": {"type": "Point", "coordinates": [110.321401, 39.874613]}, "properties": {"mine_name": "Gaoshangou Coal Mine", "mine_name_zh": "达拉特旗文兴煤炭有限责任公司高山沟煤矿", "owners": "Dalate Wenxing Coal Company [100%]", "parent_company": "Inner Mongolia Huarui Mining Company [70%]; Ma Tongchun [30%]", "capacity_mtpa": 1.2, "status": "Mothballed", "mine_type": "Surface", "prefecture": "Ordos", "merged_count": 1}}, {"type": "Feature", "geometry": {"type": "Point", "coordinates": [110.514061, 39.490309]}, "properties": {"mine_name": "Haolailiang Caol Mine", "mine_name_zh": "鄂尔多斯市准格尔旗聚能煤炭集团有限责任公司壕赖梁煤矿", "owners": "Ordos Jungar Banner Juneng Coal Group [100%]", "parent_company": "Inner Mongolia Yikaixin Energy Company", "capacity_mtpa": 2.0, "status": "Operating", "mine_type": "Surface", "prefecture": "Ordos", "merged_count": 1}}, {"type": "Feature", "geometry": {"type": "Point", "coordinates": [110.040952, 39.899371]}, "properties": {"mine_name": "Hongfeng Surface Mine", "mine_name_zh": "鄂尔多斯市宏丰煤炭有限责任公司", "owners": "Ordos Hongfeng Coal Company [100%]", "parent_company": "Ordos Hongfeng Coal Company", "capacity_mtpa": 5.0, "status": "Operating", "mine_type": "Surface", "prefecture": "Ordos", "merged_count": 1}}, {"type": "Feature", "geometry": {"type": "Point", "coordinates": [110.30777, 39.442733]}, "properties": {"mine_name": "Houwenjialiang Coal Mine", "mine_name_zh": "鄂尔多斯市乌兰煤炭（集团）有限责任公司后温家梁煤矿", "owners": "Ordos Ulan Coal Group [100%]", "parent_company": "Ordos Ulan Development Group", "capacity_mtpa": 1.8, "status": "Operating", "mine_type": "Surface", "prefecture": "Ordos", "merged_count": 1}}, {"type": "Feature", "geometry": {"type": "Point", "coordinates": [110.266371, 39.482982]}, "properties": {"mine_name": "Manlailiang Surface Mine", "mine_name_zh": "鄂尔多斯市乌兰煤炭（集团）有限责任公司满来梁煤矿", "owners": "Ordos City Ulan Coal Group [100%]", "parent_company": "Ordos City Ulan Development Group", "capacity_mtpa": 2.4, "status": "Operating", "mine_type": "Surface", "prefecture": "Ordos", "merged_count": 1}}, {"type": "Feature", "geometry": {"type": "Point", "coordinates": [106.878364, 39.698208]}, "properties": {"mine_name": "Mengxi Xinyuan Coal Mine", "mine_name_zh": "鄂尔多斯市蒙西鑫源煤业有限公司", "owners": "Ordos Mengxi Xinuan Coal Industry [100%]", "parent_company": "Ordos Mengxi Xinuan Coal Industry Company", "capacity_mtpa": 1.2, "status": "Operating", "mine_type": "Surface", "prefecture": "Ordos", "merged_count": 1}}, {"type": "Feature", "geometry": {"type": "Point", "coordinates": [110.142382, 39.833503]}, "properties": {"mine_name": "Minda Surface Mine", "mine_name_zh": "鄂尔多斯市民达煤炭有限责任公司煤矿（民达露天矿）", "owners": "Ordos Minda Coal Company [100%]", "parent_company": "Ordos Minda Coal Company", "capacity_mtpa": 8.0, "status": "Operating", "mine_type": "Surface", "prefecture": "Ordos", "merged_count": 1}}, {"type": "Feature", "geometry": {"type": "Point", "coordinates": [110.08335, 39.857572]}, "properties": {"mine_name": "Qianjin Surface Mine", "mine_name_zh": "鄂尔多斯市永恒华煤炭运销有限公司前进煤矿", "owners": "Erdos City Yonghenghua Coal Transportation and Sales Company [100%]", "parent_company": "Hainan Jiasheng Jinye Investment Company", "capacity_mtpa": 5.0, "status": "Operating", "mine_type": "Surface", "prefecture": "Ordos", "merged_count": 1}}, {"type": "Feature", "geometry": {"type": "Point", "coordinates": [107.076739, 39.623682]}, "properties": {"mine_name": "Qianligou Wolong Coal Mine", "mine_name_zh": "鄂托克旗千里沟卧龙煤矿", "owners": "Etuoke Banner Qianligou Wolong [100%]", "parent_company": "Etuoke Banner Qianligou Wolong", "capacity_mtpa": 1.2, "status": "Operating", "mine_type": "Surface", "prefecture": "Ordos", "merged_count": 1}}, {"type": "Feature", "geometry": {"type": "Point", "coordinates": [110.3315, 39.586293]}, "properties": {"mine_name": "Rongheng Surface Mine", "mine_name_zh": "鄂尔多斯市乌兰煤炭（集团）有限责任公司荣恒煤矿", "owners": "Ordos City Ulan Coal Group [100%]", "parent_company": "Ordos City Ulan Development Group", "capacity_mtpa": 2.4, "status": "Operating", "mine_type": "Surface", "prefecture": "Ordos", "merged_count": 1}}, {"type": "Feature", "geometry": {"type": "Point", "coordinates": [110.514711, 39.544371]}, "properties": {"mine_name": "Ruide Coal Mine", "mine_name_zh": "鄂尔多斯市瑞德煤化有限责任公司瑞德煤矿", "owners": "Ordos Ruide Coal Chemical Company [100%]", "parent_company": "Ordos Ruide Coal Chemical Company", "capacity_mtpa": 1.8, "status": "Operating", "mine_type": "Surface", "prefecture": "Ordos", "merged_count": 1}}, {"type": "Feature", "geometry": {"type": "Point", "coordinates": [119.746017, 49.391925]}, "properties": {"mine_name": "Shenhua Baorixile Surface Coal Mine", "mine_name_zh": "国能宝日希勒能源有限公司露天煤矿", "owners": "China Energy Baorixile Energy Company [100%]", "parent_company": "China Energy [39%]; Guangda Holding Company [17%]; China National Petroleum Corporation [9%]; Changchun Jijun Trade Company [2%]; Others [33%]", "capacity_mtpa": 35.0, "status": "Operating", "mine_type": "Surface", "prefecture": "Hulun Buir", "merged_count": 1}}, {"type": "Feature", "geometry": {"type": "Point", "coordinates": [110.603908, 40.693531]}, "properties": {"mine_name": "Shuiquan Surface Coal Mine", "mine_name_zh": "国能包头能源有限责任公司水泉露天煤矿（曾用名：神华集团包头矿业有限责任公司水泉露天煤矿）", "owners": "Shenhua Baotou Energy Company Shuiquan Surface Coal Mine [100%]", "parent_company": "China Energy", "capacity_mtpa": 1.2, "status": "Operating", "mine_type": "Surface", "prefecture": "Baotou", "merged_count": 1}}, {"type": "Feature", "geometry": {"type": "Point", "coordinates": [110.082137, 39.857996]}, "properties": {"mine_name": "Tengyuan Coal Mine", "mine_name_zh": "鄂尔多斯市腾远煤炭有限责任公司", "owners": "Ordos Tengyuan Coal Company [100%]", "parent_company": "Ordos Juding Coal Machinery Industry Group", "capacity_mtpa": 2.4, "status": "Operating", "mine_type": "Surface", "prefecture": "Ordos", "merged_count": 1}}, {"type": "Feature", "geometry": {"type": "Point", "coordinates": [110.354533, 39.660819]}, "properties": {"mine_name": "Wugetujing Coal Mine", "mine_name_zh": "鄂尔多斯市西部煤炭运销有限责任公司五圪图精煤矿", "owners": "Erdos West Coal Transportation and Sales Company [100%]", "parent_company": "Inner Mongolia Rixin Energy Group [51%]; Zhang Bin [49%]", "capacity_mtpa": 1.2, "status": "Mothballed", "mine_type": "Surface", "prefecture": "Ordos", "merged_count": 1}}, {"type": "Feature", "geometry": {"type": "Point", "coordinates": [110.042081, 39.863619]}, "properties": {"mine_name": "Yongshun Coal Mine", "mine_name_zh": "鄂尔多斯市永顺煤炭有限责任公司煤矿", "owners": "Ordos Yongshun Coal Company [100%]", "parent_company": "Inner Mongolia Kaiyuan Industrial Group", "capacity_mtpa": 2.4, "status": "Operating", "mine_type": "Surface", "prefecture": "Ordos", "merged_count": 1}}, {"type": "Feature", "geometry": {"type": "Point", "coordinates": [110.305378, 39.801343]}, "properties": {"mine_name": "Nayuan Surface Coal Mine", "mine_name_zh": "鄂尔多斯市巴音孟克纳源煤炭有限责任公司（纳源露天矿）", "owners": "Ordos Bayin Mengke Nayuan Coal Company [100%]", "parent_company": "Ordos Bayin Mengke Investment Group [65%]; Shanghai Haihao Investment and Development Company [25%]; Others [10%]", "capacity_mtpa": 6.0, "status": "Operating", "mine_type": "Surface", "prefecture": "Ordos", "merged_count": 1}}, {"type": "Feature", "geometry": {"type": "Point", "coordinates": [109.919668, 40.016215]}, "properties": {"mine_name": "Ordos Jinyun Coal Mine", "mine_name_zh": "鄂尔多斯市金运煤炭有限责任公司煤矿", "owners": "Ordos Jinyun Coal Company [100%]", "parent_company": "Jizhong Energy Group", "capacity_mtpa": 2.4, "status": "Operating", "mine_type": "Surface", "prefecture": "Ordos", "merged_count": 1}}, {"type": "Feature", "geometry": {"type": "Point", "coordinates": [108.889268, 38.205058]}, "properties": {"mine_name": "Ordos Taohutu Coal Mine", "mine_name_zh": "内蒙古纳林河矿区成达矿业有限公司陶忽图煤矿", "owners": "Ordos Chengda Mining Company [100%]", "parent_company": "Huaibei Mining Group", "capacity_mtpa": 8.0, "status": "Proposed", "mine_type": "Underground", "prefecture": "Ordos", "merged_count": 1}}, {"type": "Feature", "geometry": {"type": "Point", "coordinates": [107.023085, 39.392004]}, "properties": {"mine_name": "Inner Mongolia Xilaifeng Coal Mine", "mine_name_zh": "内蒙古棋盘井矿业有限责任公司荣兴西来峰煤矿", "owners": "Inner Mongolia Qipanjing Mining Co Ltd [100%]", "parent_company": null, "capacity_mtpa": 0.9, "status": "Operating", "mine_type": "Surface", "prefecture": "Ordos", "merged_count": 1}}, {"type": "Feature", "geometry": {"type": "Point", "coordinates": [110.578134, 39.303071]}, "properties": {"mine_name": "Inner Mongolia Rongda Coal Mine", "mine_name_zh": "内蒙古荣达煤业（集团）有限公司荣达煤矿", "owners": "Inner Mongolia Rongda Coal Industry Group Co Ltd [100%]", "parent_company": null, "capacity_mtpa": 0.9, "status": "Operating", "mine_type": "Underground", "prefecture": "Ordos", "merged_count": 1}}, {"type": "Feature", "geometry": {"type": "Point", "coordinates": [110.372285, 39.445963]}, "properties": {"mine_name": "Inner Mongolia Yifeng Coal Mine", "mine_name_zh": "内蒙古伊丰矿业有限责任公司煤矿", "owners": "Inner Mongolia Yifeng Mining Co Ltd [100%]", "parent_company": null, "capacity_mtpa": 0.9, "status": "Mothballed", "mine_type": "Underground", "prefecture": "Ordos", "merged_count": 1}}, {"type": "Feature", "geometry": {"type": "Point", "coordinates": [110.520024, 39.584698]}, "properties": {"mine_name": "Inner Mongolia Jungar Banner Sujiagou Coal Mine", "mine_name_zh": "内蒙古准格尔旗如意苏家沟煤矿有限责任公司", "owners": "Inner Mongolia Jungar Banner Ruyi Sujiagou Coal Mine Co Ltd [100%]", "parent_company": null, "capacity_mtpa": 0.9, "status": "Mothballed", "mine_type": "Surface", "prefecture": "Ordos", "merged_count": 1}}, {"type": "Feature", "geometry": {"type": "Point", "coordinates": [109.625291, 40.023749]}, "properties": {"mine_name": "Inner Mongolia Dalat Banner Yangchang Coal Mine", "mine_name_zh": "陕西宇佳投资置业有限公司达旗羊场煤矿", "owners": "Shaanxi Yujia Investment Property Co Ltd [100%]", "parent_company": null, "capacity_mtpa": 1.8, "status": "Operating", "mine_type": "Surface", "prefecture": "Ordos", "merged_count": 1}}, {"type": "Feature", "geometry": {"type": "Point", "coordinates": [110.388194, 39.386565]}, "properties": {"mine_name": "Inner Mongolia Ejin Horo Banner Xiao Nalingou Coal Mine", "mine_name_zh": "伊金霍洛旗纳林陶亥煤炭经营运销公司小纳林沟煤矿", "owners": "Ejin Horo Banner Nalin Taohai Coal Management Transportation & Sales Co Ltd [100%]", "parent_company": null, "capacity_mtpa": 0.9, "status": "Operating", "mine_type": "Surface", "prefecture": "Ordos", "merged_count": 1}}, {"type": "Feature", "geometry": {"type": "Point", "coordinates": [110.390732, 39.383694]}, "properties": {"mine_name": "Inner Mongolia Ejin Horo Banner zhifu Coal Mine", "mine_name_zh": "伊金霍洛旗新庙阿会沟致富煤矿", "owners": "Ejin Horo Banner Xinmiao Ahuigou Zhifu Coal Mine Co Ltd [100%]", "parent_company": null, "capacity_mtpa": 0.9, "status": "Operating", "mine_type": "Underground", "prefecture": "Ordos", "merged_count": 1}}, {"type": "Feature", "geometry": {"type": "Point", "coordinates": [110.271733, 39.461617]}, "properties": {"mine_name": "Inner Mongolia Ejin Horo Banner Xinglong Coal Mine", "mine_name_zh": "伊金霍洛旗兴隆煤矿", "owners": "Ejin Horo Banner Xinglong Coal Mine Co Ltd [100%]", "parent_company": null, "capacity_mtpa": 0.9, "status": "Operating", "mine_type": "Surface", "prefecture": "Ordos", "merged_count": 1}}, {"type": "Feature", "geometry": {"type": "Point", "coordinates": [110.190089, 39.55765]}, "properties": {"mine_name": "Inner Mongolia Ejin Horo Banner Balong Tugou Coal Mine", "mine_name_zh": "伊金霍洛旗赛特煤业有限责任公司机井队巴龙图沟煤矿", "owners": "Ejin Horo Banner Saite Coal Industry Co Ltd [100%]", "parent_company": null, "capacity_mtpa": 0.9, "status": "Mothballed", "mine_type": "Surface", "prefecture": "Ordos", "merged_count": 1}}, {"type": "Feature", "geometry": {"type": "Point", "coordinates": [116.821847, 48.685473]}, "properties": {"mine_name": "Inner Mongolia Qingsheng Coal Mine", "mine_name_zh": "新巴尔虎右旗庆升热力有限责任公司西乌日图庆升煤矿", "owners": "New Barag Right Banner Qingsheng Thermal Co Ltd [100%]", "parent_company": null, "capacity_mtpa": 0.9, "status": "Operating", "mine_type": "Surface", "prefecture": "Hulun Buir", "merged_count": 1}}, {"type": "Feature", "geometry": {"type": "Point", "coordinates": [110.365254, 39.405147]}, "properties": {"mine_name": "Inner Mongolia Ejin Horo Banner Zhenxing Coal Mine", "mine_name_zh": "伊金霍洛旗振兴煤炭有限责任公司煤矿", "owners": "Ejin Horo Banner Zhenxing Coal Co Ltd [100%]", "parent_company": null, "capacity_mtpa": 0.9, "status": "Operating", "mine_type": "Underground", "prefecture": "Ordos", "merged_count": 1}}, {"type": "Feature", "geometry": {"type": "Point", "coordinates": [110.479294, 39.485687]}, "properties": {"mine_name": "Inner Mongolia Jungar Banner Chuanfa Coal Mine", "mine_name_zh": "准格尔旗川发煤炭有限责任公司煤矿", "owners": "Jungar Banner Chuanfa Coal Co Ltd [100%]", "parent_company": null, "capacity_mtpa": 0.9, "status": "Operating", "mine_type": "Surface", "prefecture": "Ordos", "merged_count": 1}}, {"type": "Feature", "geometry": {"type": "Point", "coordinates": [110.555069, 39.455673]}, "properties": {"mine_name": "Inner Mongolia Jungar Banner Xiliang Coal Mine", "mine_name_zh": "准格尔旗西梁煤炭有限责任公司煤矿(西梁圪旦煤矿）", "owners": "Jungar Banner Xiliang Coal Co Ltd [100%]", "parent_company": null, "capacity_mtpa": 0.9, "status": "Operating", "mine_type": "Surface", "prefecture": "Ordos", "merged_count": 1}}, {"type": "Feature", "geometry": {"type": "Point", "coordinates": [110.354037, 39.662174]}, "properties": {"mine_name": "Inner Mongolia Hushatu Coal Mine", "mine_name_zh": "内蒙古伊东集团忽沙图煤炭有限责任公司忽沙图煤矿（二矿）", "owners": "Inner Mongolia Yidong Group Hushatu Coal Co Ltd [100%]", "parent_company": null, "capacity_mtpa": 0.9, "status": "Mothballed", "mine_type": "Underground", "prefecture": "Ordos", "merged_count": 1}}, {"type": "Feature", "geometry": {"type": "Point", "coordinates": [110.423774, 39.407975]}, "properties": {"mine_name": "Inner Mongolia Jungar Banner Dongda Coal Mine", "mine_name_zh": "鄂尔多斯市万兴隆工贸有限责任公司准旗东达煤矿", "owners": "Ordos City Wanxinglong Gongmao Co Ltd [100%]", "parent_company": null, "capacity_mtpa": 1.8, "status": "Mothballed", "mine_type": "Surface", "prefecture": "Ordos", "merged_count": 1}}, {"type": "Feature", "geometry": {"type": "Point", "coordinates": [110.200351, 39.778045]}, "properties": {"mine_name": "Inner Mongolia Ordos Shentong Coal Mine", "mine_name_zh": "鄂尔多斯市神通煤炭有限责任公司煤矿", "owners": "Ordos City Shentong Coal Co Ltd [100%]", "parent_company": null, "capacity_mtpa": 0.9, "status": "Operating", "mine_type": "Underground", "prefecture": "Ordos", "merged_count": 1}}, {"type": "Feature", "geometry": {"type": "Point", "coordinates": [110.401992, 39.443395]}, "properties": {"mine_name": "Inner Mongolia Jungar Banner Yangjiaqu Coal Mine", "mine_name_zh": "准格尔旗杨家渠煤炭有限责任公司煤矿", "owners": "Jungar Banner Yangjiaqu Coal Co Ltd [100%]", "parent_company": null, "capacity_mtpa": 2.0, "status": "Operating", "mine_type": "Surface", "prefecture": "Ordos", "merged_count": 1}}, {"type": "Feature", "geometry": {"type": "Point", "coordinates": [110.202507, 39.530423]}, "properties": {"mine_name": "Inner Mongolia Wenyu Coal Mine", "mine_name_zh": "内蒙古鑫泰煤炭开采有限公司文玉煤矿", "owners": "Inner Mongolia Xintai Coal Co Ltd [100%]", "parent_company": null, "capacity_mtpa": 1.2, "status": "Operating", "mine_type": "Underground", "prefecture": "Ordos", "merged_count": 1}}, {"type": "Feature", "geometry": {"type": "Point", "coordinates": [107.069998, 39.414318]}, "properties": {"mine_name": "Inner Mongolia Anlian Coal Mine", "mine_name_zh": "内蒙古广泰煤业集团安联煤炭销售有限责任公司煤矿", "owners": "Inner Mongolia Guangtai Coal Industry Group Anlian Coal Sales Co Ltd [100%]", "parent_company": null, "capacity_mtpa": 1.8, "status": "Shelved", "mine_type": "Surface", "prefecture": "Ordos", "merged_count": 1}}, {"type": "Feature", "geometry": {"type": "Point", "coordinates": [106.914016, 39.337847]}, "properties": {"mine_name": "Inner Mongolia Wuhai Wanyuan Surface Coal Mine", "mine_name_zh": "内蒙古乌海市万源露天煤业有限责任公司煤矿", "owners": "Inner Mongolia Wuhai City Wanyuan Opencast Coal Industry Co Ltd [100%]", "parent_company": null, "capacity_mtpa": 0.9, "status": "Operating", "mine_type": "Surface", "prefecture": "Wuhai", "merged_count": 1}}, {"type": "Feature", "geometry": {"type": "Point", "coordinates": [106.92991, 39.436442]}, "properties": {"mine_name": "Inner Mongolia Wuhai Zhongke Baocheng Coal Mine", "mine_name_zh": "乌海市中科宝诚煤业有限公司煤矿", "owners": "Wuhai City Zhongke Baocheng Coal Industry Co Ltd [100%]", "parent_company": null, "capacity_mtpa": 0.9, "status": "Operating", "mine_type": "Surface", "prefecture": "Wuhai", "merged_count": 1}}, {"type": "Feature", "geometry": {"type": "Point", "coordinates": [110.600974, 39.373601]}, "properties": {"mine_name": "Inner Mongolia Ordos Nalinmiao Coal Mine", "mine_name_zh": "鄂尔多斯市广利煤炭有限责任公司纳林庙煤矿", "owners": "Ordos City Guangli Coal Co Ltd [100%]", "parent_company": null, "capacity_mtpa": 0.9, "status": "Operating", "mine_type": "Surface", "prefecture": "Ordos", "merged_count": 1}}, {"type": "Feature", "geometry": {"type": "Point", "coordinates": [110.113478, 39.439834]}, "properties": {"mine_name": "Inner Mongolia Ordos Shigetai Coal Mine", "mine_name_zh": "鄂尔多斯市乌兰煤炭（集团）有限责任公司石圪台煤矿", "owners": "Ordos City Wulan Coal Group Co Ltd [100%]", "parent_company": null, "capacity_mtpa": 0.9, "status": "Operating", "mine_type": "Underground", "prefecture": "Ordos", "merged_count": 1}}, {"type": "Feature", "geometry": {"type": "Point", "coordinates": [110.33101, 39.434821]}, "properties": {"mine_name": "Inner Mongolia Ordos Wenjialiang No.3 Coal Mine", "mine_name_zh": "鄂尔多斯市乌兰煤炭（集团）有限责任公司温家梁三号煤矿", "owners": "Ordos City Wulan Coal Group Co Ltd [100%]", "parent_company": null, "capacity_mtpa": 0.9, "status": "Operating", "mine_type": "Underground", "prefecture": "Ordos", "merged_count": 1}}, {"type": "Feature", "geometry": {"type": "Point", "coordinates": [110.234915, 39.537778]}, "properties": {"mine_name": "Inner Mongolia Ordos Yanjiaqu Coal Mine", "mine_name_zh": "鄂尔多斯市闫家渠煤炭有限责任公司闫家渠煤矿", "owners": "Ordos City Yanjiaqu Coal Co Ltd [100%]", "parent_company": null, "capacity_mtpa": 0.9, "status": "Operating", "mine_type": "Underground", "prefecture": "Ordos", "merged_count": 1}}, {"type": "Feature", "geometry": {"type": "Point", "coordinates": [106.938264, 39.386197]}, "properties": {"mine_name": "Inner Mongolia Ordos Baiyunwusu Line 11-15 Coal Mine", "mine_name_zh": "内蒙古鄂尔多斯煤炭有限责任公司白云乌素矿区11-15线煤矿（白云乌素煤矿）", "owners": "Inner Mongolia Ordos Coal Co Ltd [100%]", "parent_company": null, "capacity_mtpa": 0.9, "status": "Operating", "mine_type": "Underground", "prefecture": "Ordos", "merged_count": 1}}, {"type": "Feature", "geometry": {"type": "Point", "coordinates": [110.306173, 39.510986]}, "properties": {"mine_name": "Inner Mongolia Liaoyuan Coal Mine", "mine_name_zh": "内蒙古燎原煤业有限责任公司煤矿", "owners": "Inner Mongolia Liaoyuan Coal Industry Co Ltd [100%]", "parent_company": null, "capacity_mtpa": 0.9, "status": "Operating", "mine_type": "Underground", "prefecture": "Ordos", "merged_count": 1}}, {"type": "Feature", "geometry": {"type": "Point", "coordinates": [106.656204, 38.360074]}, "properties": {"mine_name": "Changcheng No. 2 Coal Mine", "mine_name_zh": "内蒙古上海庙矿区长城二号煤矿", "owners": "Xinkuang Inner Mongolia Energy Co Ltd [100%]; Xinkuang Inner Mongolia Energy Company [100%]", "parent_company": "Yankuang Group", "capacity_mtpa": 1.2, "status": "Operating", "mine_type": "Underground", "prefecture": "Ordos", "merged_count": 1}}, {"type": "Feature", "geometry": {"type": "Point", "coordinates": [110.21606, 39.753968]}, "properties": {"mine_name": "Baotou Energy Shenshan Coal Mine", "mine_name_zh": "国能包头能源有限责任公司神山露天煤矿", "owners": "Guoneng Baotou Energy Co Ltd [100%]", "parent_company": null, "capacity_mtpa": 1.2, "status": "Operating", "mine_type": "Surface", "prefecture": "Ordos", "merged_count": 1}}, {"type": "Feature", "geometry": {"type": "Point", "coordinates": [110.15036, 39.854638]}, "properties": {"mine_name": "Inner Mongolia Xinyuan Coal Mine", "mine_name_zh": "内蒙古蒙泰集团有限公司鑫源煤矿", "owners": "Inner Mongolia Mengtai Group Co Ltd [100%]", "parent_company": null, "capacity_mtpa": 1.5, "status": "Operating", "mine_type": "Surface", "prefecture": "Ordos", "merged_count": 1}}, {"type": "Feature", "geometry": {"type": "Point", "coordinates": [117.412272, 45.851603]}, "properties": {"mine_name": "Inner Mongolia Wunite Coal Mine", "mine_name_zh": "内蒙古裕通实业有限公司乌尼特煤矿", "owners": "Inner Mongolia Wunite Mining Co Ltd [100%]", "parent_company": null, "capacity_mtpa": 1.2, "status": "Operating", "mine_type": "Surface", "prefecture": "Xilin Gol", "merged_count": 1}}, {"type": "Feature", "geometry": {"type": "Point", "coordinates": [109.6447107, 40.058046]}, "properties": {"mine_name": "Inner Mongolia Dalat Banner  Li Wuxing Coal Mine", "mine_name_zh": "达拉特旗高头窑李五兴煤矿", "owners": "Dalat Banner Gaotouyao Liwuxing Coal Mine Co Ltd [100%]", "parent_company": null, "capacity_mtpa": 2.4, "status": "Operating", "mine_type": "Surface", "prefecture": "Ordos", "merged_count": 1}}, {"type": "Feature", "geometry": {"type": "Point", "coordinates": [109.702837, 40.064267]}, "properties": {"mine_name": "Inner Mongolia Dalat Banner  Gaotouyao Coal Mine", "mine_name_zh": "达拉特旗益阳煤炭有限责任公司高头窑煤矿", "owners": "Dalat Banner Yiyang Coal Co Ltd [100%]", "parent_company": null, "capacity_mtpa": 2.4, "status": "Operating", "mine_type": "Surface", "prefecture": "Ordos", "merged_count": 1}}, {"type": "Feature", "geometry": {"type": "Point", "coordinates": [110.116142, 39.40442]}, "properties": {"mine_name": "Inner Mongolia Ejin Horo Banner Delong Coal Mine", "mine_name_zh": "伊金霍洛旗德隆矿业有限公司", "owners": "Ejin Horo Banner Delong Mining Co Ltd [100%]", "parent_company": null, "capacity_mtpa": 1.2, "status": "Operating", "mine_type": "Surface", "prefecture": "Ordos", "merged_count": 1}}, {"type": "Feature", "geometry": {"type": "Point", "coordinates": [109.7705567, 40.049603]}, "properties": {"mine_name": "Inner Mongolia Dalat Banner  Fengshengkui Coal Mine", "mine_name_zh": "达拉特旗纳林丰胜奎煤矿", "owners": "Dalat Banner Nalin Fengshengkui Coal Mine Co Ltd [100%]", "parent_company": null, "capacity_mtpa": 1.8, "status": "Operating", "mine_type": "Surface", "prefecture": "Ordos", "merged_count": 1}}, {"type": "Feature", "geometry": {"type": "Point", "coordinates": [110.280598, 39.870999]}, "properties": {"mine_name": "Inner Mongolia Dalat Banner  Wuhua Coal Mine", "mine_name_zh": "达拉特旗物华煤炭有限责任公司", "owners": "Dalat Banner Wuhua Coal Co Ltd [100%]", "parent_company": null, "capacity_mtpa": 1.2, "status": "Operating", "mine_type": "Surface", "prefecture": "Ordos", "merged_count": 1}}, {"type": "Feature", "geometry": {"type": "Point", "coordinates": [109.854127, 40.034892]}, "properties": {"mine_name": "Inner Mongolia Ordos Yihong Coal Mine", "mine_name_zh": "鄂尔多斯市亿宏煤矿", "owners": "Ordos City Yihong Coal Mine Co Ltd [100%]", "parent_company": null, "capacity_mtpa": 1.2, "status": "Mothballed", "mine_type": "Surface", "prefecture": "Ordos", "merged_count": 1}}, {"type": "Feature", "geometry": {"type": "Point", "coordinates": [110.553739, 39.651191]}, "properties": {"mine_name": "Inner Mongolia Jungar Banner Dashiquan Coal Mine", "mine_name_zh": "内蒙古准格尔旗大石圈煤矿有限责任公司", "owners": "Inner Mongolia Jungar Banner Dashiquan Coal Mine Co Ltd [100%]", "parent_company": null, "capacity_mtpa": 1.2, "status": "Operating", "mine_type": "Surface", "prefecture": "Ordos", "merged_count": 1}}, {"type": "Feature", "geometry": {"type": "Point", "coordinates": [111.316354, 39.773302]}, "properties": {"mine_name": "Inner Mongolia Cuiergezui Coal Mine", "mine_name_zh": "内蒙古生力资源集团富能煤炭有限责任公司崔二圪咀煤矿", "owners": "Inner Mongolia Shengli Resources Group Funeng Coal Co Ltd [100%]", "parent_company": null, "capacity_mtpa": 4.0, "status": "Proposed", "mine_type": "Surface", "prefecture": "Ordos", "merged_count": 1}}, {"type": "Feature", "geometry": {"type": "Point", "coordinates": [109.93784, 39.975916]}, "properties": {"mine_name": "Inner Mongolia Yiyuan Coal Mine", "mine_name_zh": "内蒙古亿源煤业有限公司亿源煤矿", "owners": "Inner Mongolia Yiyuan Coal Industry Co Ltd [100%]", "parent_company": null, "capacity_mtpa": 1.0, "status": "Operating", "mine_type": "Surface", "prefecture": "Ordos", "merged_count": 1}}, {"type": "Feature", "geometry": {"type": "Point", "coordinates": [110.04187, 39.904111]}, "properties": {"mine_name": "Inner Mongolia Ordos Juxinlong Coal Mine", "mine_name_zh": "鄂尔多斯市聚鑫龙煤炭有限公司煤矿", "owners": "Ordos City Juxinlong Coal Co Ltd [100%]", "parent_company": null, "capacity_mtpa": 1.2, "status": "Operating", "mine_type": "Surface", "prefecture": "Ordos", "merged_count": 1}}, {"type": "Feature", "geometry": {"type": "Point", "coordinates": [110.186457, 39.807812]}, "properties": {"mine_name": "Inner Mongolia Ordos Zhangjialiang Coal Mine", "mine_name_zh": "鄂尔多斯市张家梁煤炭有限责任公司", "owners": "Ordos City Zhangjialiang Coal Co Ltd [100%]", "parent_company": null, "capacity_mtpa": 1.0, "status": "Operating", "mine_type": "Surface", "prefecture": "Ordos", "merged_count": 1}}, {"type": "Feature", "geometry": {"type": "Point", "coordinates": [110.09196, 39.901489]}, "properties": {"mine_name": "Inner Mongolia Ordos Bayin Mengke Coal Mine", "mine_name_zh": "鄂尔多斯市巴音孟克煤炭有限责任公司", "owners": "Ordos City Bayinmengke Coal Co Ltd [100%]", "parent_company": null, "capacity_mtpa": 1.2, "status": "Operating", "mine_type": "Surface", "prefecture": "Ordos", "merged_count": 1}}, {"type": "Feature", "geometry": {"type": "Point", "coordinates": [110.623987, 39.530841]}, "properties": {"mine_name": "Inner Mongolia Jungar Banner Wujialiang Coal Mine", "mine_name_zh": "准格尔旗景福煤炭有限责任公司吴家梁煤矿", "owners": "Jungar Banner Jingfu Coal Co Ltd [100%]", "parent_company": null, "capacity_mtpa": 1.2, "status": "Operating", "mine_type": "Surface", "prefecture": "Ordos", "merged_count": 1}}, {"type": "Feature", "geometry": {"type": "Point", "coordinates": [110.578043, 39.610447]}, "properties": {"mine_name": "Inner Mongolia Jungar Banner Zhaoerchengqu Coal Mine", "mine_name_zh": "准格尔旗赵二成渠煤炭有限责任公司煤矿", "owners": "Jungar Banner Zhaoerchengqu Coal Co Ltd [100%]", "parent_company": null, "capacity_mtpa": 1.2, "status": "Operating", "mine_type": "Surface", "prefecture": "Ordos", "merged_count": 1}}, {"type": "Feature", "geometry": {"type": "Point", "coordinates": [110.218824, 39.743878]}, "properties": {"mine_name": "Inner Mongolia Jungar Banner Gaoxigou Coal Mine", "mine_name_zh": "准格尔旗聚鑫煤焦有限责任公司高西沟煤矿", "owners": "Jungar Banner Juxin Coal Coke Co Ltd [100%]", "parent_company": null, "capacity_mtpa": 1.2, "status": "Operating", "mine_type": "Surface", "prefecture": "Ordos", "merged_count": 1}}, {"type": "Feature", "geometry": {"type": "Point", "coordinates": [107.102408, 39.370736]}, "properties": {"mine_name": "Inner Mongolia Otog Banner Ergetu Coal Mine", "mine_name_zh": "鄂托克旗尔格图煤矿", "owners": "Otog Banner Ergetu Coal Mine Co Ltd [100%]", "parent_company": null, "capacity_mtpa": 1.2, "status": "Operating", "mine_type": "Surface", "prefecture": "Ordos", "merged_count": 1}}, {"type": "Feature", "geometry": {"type": "Point", "coordinates": [106.927493, 39.477341]}, "properties": {"mine_name": "Inner Mongolia Lida Coal Mine", "mine_name_zh": "内蒙古广纳煤业集团利达矿业有限公司", "owners": "Inner Mongolia Guangna Coal Industry Group Lida Mining Co Ltd [100%]", "parent_company": null, "capacity_mtpa": 0.6, "status": "Operating", "mine_type": "Surface", "prefecture": "Ordos", "merged_count": 1}}, {"type": "Feature", "geometry": {"type": "Point", "coordinates": [106.942337, 39.541065]}, "properties": {"mine_name": "Inner Mongolia Ordos Luotuoshan Coal Mine", "mine_name_zh": "鄂尔多斯市蒙泰骆驼山煤业有限责任公司", "owners": "Ordos City Mengtai Luotuoshan Coal Industry Co Ltd [100%]", "parent_company": null, "capacity_mtpa": 1.2, "status": "Operating", "mine_type": "Surface", "prefecture": "Ordos", "merged_count": 1}}, {"type": "Feature", "geometry": {"type": "Point", "coordinates": [110.580811, 39.560307]}, "properties": {"mine_name": "Inner Mongolia Zhifu Coal Mine", "mine_name_zh": "内蒙古伊东煤炭有限责任公司致富煤矿", "owners": "Inner Mongolia Yidong Coal Co Ltd [100%]", "parent_company": null, "capacity_mtpa": 1.2, "status": "Operating", "mine_type": "Surface", "prefecture": "Ordos", "merged_count": 1}}, {"type": "Feature", "geometry": {"type": "Point", "coordinates": [111.374417, 39.739756]}, "properties": {"mine_name": "Inner Mongolia Qingshuihe Tianci Coal Mine", "mine_name_zh": "清水河县天赐源煤炭有限责任公司", "owners": "Qingshuihe County Tianciyuan Coal Co Ltd [100%]", "parent_company": null, "capacity_mtpa": 1.2, "status": "Operating", "mine_type": "Surface", "prefecture": "Hohhot", "merged_count": 1}}, {"type": "Feature", "geometry": {"type": "Point", "coordinates": [111.379703, 39.744496]}, "properties": {"mine_name": "Inner Mongolia Qingshuihe Liuhuliang Coal Mine", "mine_name_zh": "清水河县刘胡梁煤炭有限责任公司刘胡梁采区", "owners": "Qingshuihe County Liuhuliang Coal Co Ltd [100%]", "parent_company": null, "capacity_mtpa": 1.0, "status": "Operating", "mine_type": "Surface", "prefecture": "Hohhot", "merged_count": 1}}, {"type": "Feature", "geometry": {"type": "Point", "coordinates": [110.557282, 40.710661]}, "properties": {"mine_name": "Inner Mongolia Tumut Right Banner Manqiaogou Coal Mine", "mine_name_zh": "土默特右旗曼巧沟矿业有限责任公司", "owners": "Tumed Right Banner Manqiaogou Mining Co Ltd [100%]", "parent_company": null, "capacity_mtpa": 0.6, "status": "Operating", "mine_type": "Surface", "prefecture": "Baotou", "merged_count": 1}}, {"type": "Feature", "geometry": {"type": "Point", "coordinates": [110.567694, 40.699534]}, "properties": {"mine_name": "Inner Mongolia Tumut Right Banner Dashun Coal Mine", "mine_name_zh": "土默特右旗大顺矿业有限责任公司大顺煤矿", "owners": "Tumed Right Banner Dashun Mining Co Ltd [100%]", "parent_company": null, "capacity_mtpa": 0.6, "status": "Operating", "mine_type": "Surface", "prefecture": "Baotou", "merged_count": 1}}, {"type": "Feature", "geometry": {"type": "Point", "coordinates": [114.380891, 42.135646]}, "properties": {"mine_name": "Inner Mongolia Yuanlin Coal Mine", "mine_name_zh": "铁煤集团内蒙古东林煤炭有限责任公司塬林煤矿", "owners": "Tiemei Group Inner Mongolia Donglin Coal Co Ltd [100%]", "parent_company": null, "capacity_mtpa": 0.6, "status": "Operating", "mine_type": "Underground", "prefecture": "Xilin Gol", "merged_count": 1}}, {"type": "Feature", "geometry": {"type": "Point", "coordinates": [110.044559, 39.93431]}, "properties": {"mine_name": "Inner Mongolia Babaogou Coal Mine", "mine_name_zh": "内蒙古八宝沟煤炭有限责任公司", "owners": "Inner Mongolia Babaogou Coal Co Ltd [100%]", "parent_company": null, "capacity_mtpa": 1.8, "status": "Operating", "mine_type": "Surface", "prefecture": "Ordos", "merged_count": 1}}, {"type": "Feature", "geometry": {"type": "Point", "coordinates": [109.925591, 40.018314]}, "properties": {"mine_name": "Inner Mongolia Dalat Banner  Chuangxin Coal Mine", "mine_name_zh": "达拉特旗创新煤矿", "owners": "Dalat Banner Chuangxin Coal Mine Co Ltd [100%]", "parent_company": null, "capacity_mtpa": 0.6, "status": "Mothballed", "mine_type": "Surface", "prefecture": "Ordos", "merged_count": 1}}, {"type": "Feature", "geometry": {"type": "Point", "coordinates": [110.630824, 39.366872]}, "properties": {"mine_name": "Inner Mongolia Jungar Banner Guangyu Coal Mine", "mine_name_zh": "准格尔旗光裕煤矿有限责任公司", "owners": "Jungar Banner Guangyu Coal Mine Co Ltd [100%]", "parent_company": null, "capacity_mtpa": 0.6, "status": "Operating", "mine_type": "Underground", "prefecture": "Ordos", "merged_count": 1}}, {"type": "Feature", "geometry": {"type": "Point", "coordinates": [110.481561, 39.409577]}, "properties": {"mine_name": "Inner Mongolia Damiaoqu Coal Mine", "mine_name_zh": "内蒙古伊东煤炭集团有限责任公司大庙渠煤矿", "owners": "Inner Mongolia Yidong Coal Group Co Ltd [100%]", "parent_company": null, "capacity_mtpa": 1.2, "status": "Operating", "mine_type": "Surface", "prefecture": "Ordos", "merged_count": 1}}, {"type": "Feature", "geometry": {"type": "Point", "coordinates": [110.223886, 39.679718]}, "properties": {"mine_name": "Inner Mongolia Wulanqu Coal Mine", "mine_name_zh": "内蒙古西蒙悦达能源有限公司乌兰渠煤矿", "owners": "Inner Mongolia Ximeng Yueda Energy Co Ltd [100%]", "parent_company": null, "capacity_mtpa": 1.2, "status": "Operating", "mine_type": "Surface", "prefecture": "Ordos", "merged_count": 1}}, {"type": "Feature", "geometry": {"type": "Point", "coordinates": [110.568987, 39.563914]}, "properties": {"mine_name": "Inner Mongolia Aolaobula Coal Mine", "mine_name_zh": "内蒙古伊东煤炭有限责任公司敖劳不拉煤矿", "owners": "Inner Mongolia Yidong Coal Co Ltd [100%]", "parent_company": null, "capacity_mtpa": 0.6, "status": "Operating", "mine_type": "Underground", "prefecture": "Ordos", "merged_count": 1}}, {"type": "Feature", "geometry": {"type": "Point", "coordinates": [110.450242, 39.404603]}, "properties": {"mine_name": "Inner Mongolia Jungar Banner Gongjiata Coal Mine", "mine_name_zh": "内蒙古西蒙煤炭有限责任公司准旗弓家塔煤矿", "owners": "Inner Mongolia Ximeng Coal Co Ltd [100%]", "parent_company": null, "capacity_mtpa": 1.2, "status": "Operating", "mine_type": "Surface", "prefecture": "Ordos", "merged_count": 1}}, {"type": "Feature", "geometry": {"type": "Point", "coordinates": [110.67703, 39.311109]}, "properties": {"mine_name": "Inner Mongolia Jungar Banner Wulasu Coal Mine", "mine_name_zh": "准格尔旗羊市塔乡乌拉素煤炭有限责任公司", "owners": "Jungar Banner Yangshita Township Wulasu Coal Co Ltd [100%]", "parent_company": null, "capacity_mtpa": 0.6, "status": "Operating", "mine_type": "Underground", "prefecture": "Ordos", "merged_count": 1}}, {"type": "Feature", "geometry": {"type": "Point", "coordinates": [110.639841, 39.307691]}, "properties": {"mine_name": "Inner Mongolia Jungar Banner Shangui Coal Mine", "mine_name_zh": "准格尔旗山贵煤炭有限责任公司煤矿", "owners": "Jungar Banner Shangui Coal Co Ltd [100%]", "parent_company": null, "capacity_mtpa": 0.6, "status": "Mothballed", "mine_type": "Underground", "prefecture": "Ordos", "merged_count": 1}}, {"type": "Feature", "geometry": {"type": "Point", "coordinates": [110.574417, 39.614338]}, "properties": {"mine_name": "Inner Mongolia Jungar Banner Shilian Coal Mine", "mine_name_zh": "准格尔旗食联煤炭有限责任公司煤矿", "owners": "Jungar Banner Shilian Coal Co Ltd [100%]", "parent_company": null, "capacity_mtpa": 1.2, "status": "Operating", "mine_type": "Surface", "prefecture": "Ordos", "merged_count": 1}}, {"type": "Feature", "geometry": {"type": "Point", "coordinates": [110.676822, 39.550717]}, "properties": {"mine_name": "Jungar Banner Zhuozheng Coal Mine", "mine_name_zh": "准格尔旗卓正煤矿有限责任公司", "owners": "Jungar Banner Zhuozheng Coal Mine Co Ltd [100%]", "parent_company": null, "capacity_mtpa": 1.2, "status": "Mothballed", "mine_type": "Surface", "prefecture": "Ordos", "merged_count": 1}}, {"type": "Feature", "geometry": {"type": "Point", "coordinates": [110.694697, 39.313996]}, "properties": {"mine_name": "Inner Mongolia Ordos Ruide No.2 Coal Mine", "mine_name_zh": "鄂尔多斯市瑞德煤化有限责任公司瑞德二矿", "owners": "Ordos City Ruide Coal Chemical Co Ltd [100%]", "parent_company": null, "capacity_mtpa": 0.6, "status": "Operating", "mine_type": "Underground", "prefecture": "Ordos", "merged_count": 1}}, {"type": "Feature", "geometry": {"type": "Point", "coordinates": [107.043684, 39.613494]}, "properties": {"mine_name": "Inner Mongolia Otog Banner Chenguang Coal Mine", "mine_name_zh": "鄂托克旗晨光煤焦化有限责任公司煤矿", "owners": "Otog Banner Chen'guang Coal Coke Co Ltd [100%]", "parent_company": null, "capacity_mtpa": 0.6, "status": "Mothballed", "mine_type": "Surface", "prefecture": "Ordos", "merged_count": 1}}, {"type": "Feature", "geometry": {"type": "Point", "coordinates": [107.019172, 39.39764]}, "properties": {"mine_name": "Inner Mongolia Otog Banner Dongheng Coal Mine", "mine_name_zh": "鄂托克旗东亨煤矿", "owners": "Otog Banner Dongheng Coal Mine Co Ltd [100%]", "parent_company": null, "capacity_mtpa": 0.6, "status": "Operating", "mine_type": "Underground", "prefecture": "Ordos", "merged_count": 1}}, {"type": "Feature", "geometry": {"type": "Point", "coordinates": [107.022014, 39.398745]}, "properties": {"mine_name": "Inner Mongolia Otog Banner Dongchen Coal Mine", "mine_name_zh": "鄂托克旗东辰煤矿", "owners": "Otog Banner Dongchen Coal Mine Co Ltd [100%]", "parent_company": null, "capacity_mtpa": 0.6, "status": "Operating", "mine_type": "Surface", "prefecture": "Ordos", "merged_count": 1}}, {"type": "Feature", "geometry": {"type": "Point", "coordinates": [107.066637, 39.464459]}, "properties": {"mine_name": "Inner Mongolia Otog Banner Jinou Coal Mine", "mine_name_zh": "鄂托克旗金欧煤业有限责任公司煤矿", "owners": "Otog Banner Jin‘ou Coal Industry Co Ltd [100%]", "parent_company": null, "capacity_mtpa": 0.6, "status": "Operating", "mine_type": "Surface", "prefecture": "Ordos", "merged_count": 1}}, {"type": "Feature", "geometry": {"type": "Point", "coordinates": [106.906409, 39.371067]}, "properties": {"mine_name": "Inner Mongolia Baofeng Coal Mine", "mine_name_zh": "弘业集团内蒙古宝丰煤矿有限责任公司", "owners": "Hongye Group Inner Mongolia Baofeng Coal Mine Co Ltd [100%]", "parent_company": null, "capacity_mtpa": 0.6, "status": "Operating", "mine_type": "Surface", "prefecture": "Ordos", "merged_count": 1}}, {"type": "Feature", "geometry": {"type": "Point", "coordinates": [107.060983, 39.420228]}, "properties": {"mine_name": "Inner Mongolia Otog Banner Xinsheng Coal Mine", "mine_name_zh": "鄂托克旗棋盘井新胜煤矿", "owners": "Otog Banner Qipanjing Xinsheng Coal Mine Co Ltd [100%]", "parent_company": null, "capacity_mtpa": 0.6, "status": "Mothballed", "mine_type": "Surface", "prefecture": "Ordos", "merged_count": 1}}, {"type": "Feature", "geometry": {"type": "Point", "coordinates": [107.05301, 39.420884]}, "properties": {"mine_name": "Inner Mongolia Huawu Coal Mine", "mine_name_zh": "内蒙古广泰煤业集团华武煤业有限公司", "owners": "Inner Mongolia Guangtai Coal Industry Group Huawu Coal Industry Co Ltd [100%]", "parent_company": null, "capacity_mtpa": 0.6, "status": "Operating", "mine_type": "Surface", "prefecture": "Ordos", "merged_count": 1}}, {"type": "Feature", "geometry": {"type": "Point", "coordinates": [106.935265, 39.491153]}, "properties": {"mine_name": "Inner Mongolia Otog Banner Haoyuan Coal Mine", "mine_name_zh": "内蒙古鄂托克旗昊源煤焦化有限责任公司煤矿", "owners": "Inner Mongolia Otog Banner Haoyuan Coal Coke Co Ltd [100%]", "parent_company": null, "capacity_mtpa": 0.6, "status": "Operating", "mine_type": "Underground", "prefecture": "Ordos", "merged_count": 1}}, {"type": "Feature", "geometry": {"type": "Point", "coordinates": [110.210225, 39.521725]}, "properties": {"mine_name": "Inner Mongolia Youfangqu Coal Mine", "mine_name_zh": "内蒙古油房渠矿业有限公司煤矿", "owners": "Inner Mongolia Youfangqu Mining Co Ltd [100%]", "parent_company": null, "capacity_mtpa": 0.6, "status": "Operating", "mine_type": "Underground", "prefecture": "Ordos", "merged_count": 1}}, {"type": "Feature", "geometry": {"type": "Point", "coordinates": [109.843776, 39.53099]}, "properties": {"mine_name": "Inner Mongolia Ordos Jiajiaqu Coal Mine", "mine_name_zh": "鄂尔多斯市鸿森矿业有限责任公司贾家渠煤矿", "owners": "Ordos City Hongsen Mining Co Ltd [100%]", "parent_company": null, "capacity_mtpa": 0.6, "status": "Operating", "mine_type": "Underground", "prefecture": "Ordos", "merged_count": 1}}, {"type": "Feature", "geometry": {"type": "Point", "coordinates": [110.068508, 39.474353]}, "properties": {"mine_name": "Inner Mongolia Ordos Yulong Fuxiang Coal Mine", "mine_name_zh": "鄂尔多斯市裕隆富祥矿业有限公司裕隆富祥煤矿", "owners": "Ordos City Yulong Fuxiang Mining Co Ltd [100%]", "parent_company": null, "capacity_mtpa": 0.6, "status": "Operating", "mine_type": "Underground", "prefecture": "Ordos", "merged_count": 1}}, {"type": "Feature", "geometry": {"type": "Point", "coordinates": [110.339788, 39.408628]}, "properties": {"mine_name": "Inner Mongolia Ejin Horo Banner Changqing Coal Mine", "mine_name_zh": "伊金霍洛旗常青煤炭有限责任公司", "owners": "Ejin Horo Banner Changqing Coal Co Ltd [100%]", "parent_company": null, "capacity_mtpa": 0.6, "status": "Operating", "mine_type": "Surface", "prefecture": "Ordos", "merged_count": 1}}, {"type": "Feature", "geometry": {"type": "Point", "coordinates": [110.29099, 39.576853]}, "properties": {"mine_name": "Inner Mongolia Ejin Horo Banner Yucai Coal Mine", "mine_name_zh": "伊金霍洛旗育才煤炭有限责任公司煤矿", "owners": "Ejin Horo Banner Yucai Coal Co Ltd [100%]", "parent_company": null, "capacity_mtpa": 0.6, "status": "Operating", "mine_type": "Underground", "prefecture": "Ordos", "merged_count": 1}}, {"type": "Feature", "geometry": {"type": "Point", "coordinates": [110.102577, 39.443132]}, "properties": {"mine_name": "Inner Mongolia Ejin Horo Banner Huanengjing Coal Mine", "mine_name_zh": "伊金霍洛旗华能井煤矿有限公司煤矿", "owners": "Ejin Horo Banner Huanengjing Coal Mine Co Ltd [100%]", "parent_company": null, "capacity_mtpa": 0.6, "status": "Operating", "mine_type": "Surface", "prefecture": "Ordos", "merged_count": 1}}, {"type": "Feature", "geometry": {"type": "Point", "coordinates": [110.367096, 39.43795]}, "properties": {"mine_name": "Inner Mongolia Ejin Horo Banner Dingjialiang Coal Mine", "mine_name_zh": "伊金霍洛旗新庙丁家梁煤矿", "owners": "Ejin Horo Banner Xinmiao Dingjialiang Coal Mine Co Ltd [100%]", "parent_company": null, "capacity_mtpa": 0.6, "status": "Operating", "mine_type": "Underground", "prefecture": "Ordos", "merged_count": 1}}, {"type": "Feature", "geometry": {"type": "Point", "coordinates": [110.418515, 39.400661]}, "properties": {"mine_name": "Inner Mongolia Tongfu Coal Mine", "mine_name_zh": "内蒙古通福煤炭有限公司煤矿", "owners": "Inner Mongolia Tongfu Coal Co Ltd [100%]", "parent_company": null, "capacity_mtpa": 0.6, "status": "Operating", "mine_type": "Surface", "prefecture": "Ordos", "merged_count": 1}}, {"type": "Feature", "geometry": {"type": "Point", "coordinates": [110.221163, 39.51184]}, "properties": {"mine_name": "Inner Mongolia Ordos Liujiaqu Coal Mine", "mine_name_zh": "鄂尔多斯市广厦煤炭运销有限公司刘家渠煤矿", "owners": "Ordos City Guangsha Coal Transportation & Sales Co Ltd [100%]", "parent_company": null, "capacity_mtpa": 0.6, "status": "Operating", "mine_type": "Underground", "prefecture": "Ordos", "merged_count": 1}}, {"type": "Feature", "geometry": {"type": "Point", "coordinates": [106.93112, 39.388585]}, "properties": {"mine_name": "Inner Mongolia Otog Bannerr Xinya Coal Mine", "mine_name_zh": "鄂托克旗新亚煤焦有限责任公司煤矿", "owners": "Otog Banner Xinya Coal Coke Co Ltd [100%]", "parent_company": null, "capacity_mtpa": 0.6, "status": "Operating", "mine_type": "Surface", "prefecture": "Ordos", "merged_count": 1}}, {"type": "Feature", "geometry": {"type": "Point", "coordinates": [107.064734, 39.476362]}, "properties": {"mine_name": "Inner Mongolia Otog Banner Bayin Wusu Coal Mine", "mine_name_zh": "鄂托克旗巴音乌素煤矿", "owners": "Otog Banner Bayinwusu Coal Mine Co Ltd [100%]", "parent_company": null, "capacity_mtpa": 0.6, "status": "Operating", "mine_type": "Surface", "prefecture": "Ordos", "merged_count": 1}}, {"type": "Feature", "geometry": {"type": "Point", "coordinates": [110.372388, 39.445662]}, "properties": {"mine_name": "Inner Mongolia Ordos Sanxing Coal Mine", "mine_name_zh": "鄂尔多斯市庚泰煤炭有限责任公司三星煤矿", "owners": "Ordos City Gengtai Coal Co Ltd [100%]", "parent_company": null, "capacity_mtpa": 0.6, "status": "Operating", "mine_type": "Underground", "prefecture": "Ordos", "merged_count": 1}}, {"type": "Feature", "geometry": {"type": "Point", "coordinates": [106.553221, 38.268941]}, "properties": {"mine_name": "Inner Mongolia Otog Front Banner Changcheng Coal Mine", "mine_name_zh": "鄂托克前旗长城煤矿有限公司", "owners": "Otog Front Banner Changcheng Coal Mine Co Ltd [100%]", "parent_company": null, "capacity_mtpa": 1.8, "status": "Operating", "mine_type": "Underground", "prefecture": "Ordos", "merged_count": 1}}, {"type": "Feature", "geometry": {"type": "Point", "coordinates": [110.582227, 39.611013]}, "properties": {"mine_name": "Inner Mongolia Ordos Jinbang Coal Mine", "mine_name_zh": "鄂尔多斯市锦邦煤炭有限公司煤矿", "owners": "Ordos City Jinbang Coal Co Ltd [100%]", "parent_company": null, "capacity_mtpa": 0.6, "status": "Operating", "mine_type": "Surface", "prefecture": "Ordos", "merged_count": 1}}, {"type": "Feature", "geometry": {"type": "Point", "coordinates": [106.872648, 39.642111]}, "properties": {"mine_name": "Inner Mongolia Shenlong Coal Mine", "mine_name_zh": "内蒙古神隆矿业有限公司煤矿", "owners": "Inner Mongolia Shenlong Mining Co Ltd [100%]", "parent_company": null, "capacity_mtpa": 0.6, "status": "Operating", "mine_type": "Underground", "prefecture": "Wuhai", "merged_count": 1}}, {"type": "Feature", "geometry": {"type": "Point", "coordinates": [106.959354, 39.449054]}, "properties": {"mine_name": "Inner Mongolia Baocheng Coal Mine", "mine_name_zh": "内蒙古广远集团宝成煤业有限公司（露天）煤矿", "owners": "Inner Mongolia Guangyuan Group Baocheng Coal Industry Co Ltd [100%]", "parent_company": null, "capacity_mtpa": 0.6, "status": "Operating", "mine_type": "Surface", "prefecture": "Wuhai", "merged_count": 1}}, {"type": "Feature", "geometry": {"type": "Point", "coordinates": [106.937096, 39.387809]}, "properties": {"mine_name": "Inner Mongolia Wuhai Hairong Coal Mine", "mine_name_zh": "乌海市海融矿业有限责任公司煤矿", "owners": "Wuhai City Hairong Mining Co Ltd [100%]", "parent_company": null, "capacity_mtpa": 0.6, "status": "Operating", "mine_type": "Underground", "prefecture": "Wuhai", "merged_count": 1}}, {"type": "Feature", "geometry": {"type": "Point", "coordinates": [106.908689, 39.438827]}, "properties": {"mine_name": "Inner Mongolia Wuhai Lisheng Coal Mine", "mine_name_zh": "乌海市裕隆利胜矿业有限公司利胜煤矿", "owners": "Wuhai City Yulong Lisheng Mining Co Ltd [100%]", "parent_company": null, "capacity_mtpa": 0.6, "status": "Operating", "mine_type": "Underground", "prefecture": "Wuhai", "merged_count": 1}}, {"type": "Feature", "geometry": {"type": "Point", "coordinates": [106.889646, 39.454892]}, "properties": {"mine_name": "Wuhai Tianyu Coal Mine", "mine_name_zh": "乌海市天裕工贸有限公司煤矿", "owners": "Wuhai City Tianyu Gongmao Co Ltd [100%]", "parent_company": null, "capacity_mtpa": 0.6, "status": "Operating", "mine_type": "Underground", "prefecture": "Wuhai", "merged_count": 1}}, {"type": "Feature", "geometry": {"type": "Point", "coordinates": [106.235742, 39.192515]}, "properties": {"mine_name": "Inner Mongolia Bailing Coal Mine", "mine_name_zh": "内蒙古庆华集团阿拉善百灵煤炭有限责任公司煤矿", "owners": "Inner Mongolia Qinghua Group Alashan Bailin Coal Co Ltd [100%]", "parent_company": null, "capacity_mtpa": 1.8, "status": "Mothballed", "mine_type": "Underground", "prefecture": "Alxa", "merged_count": 1}}, {"type": "Feature", "geometry": {"type": "Point", "coordinates": [110.372553, 40.352004]}, "properties": {"mine_name": "Inner Mongolia Dalat Banner Hanggaigou Coal Mine", "mine_name_zh": "达拉特旗蒙新煤炭有限责任公司杭盖沟煤矿", "owners": "Ordos City Dalat Banner Mengxin Coal Co Ltd [100%]", "parent_company": null, "capacity_mtpa": 0.3, "status": "Operating", "mine_type": "Surface", "prefecture": "Ordos", "merged_count": 1}}, {"type": "Feature", "geometry": {"type": "Point", "coordinates": [108.223357, 39.464161]}, "properties": {"mine_name": "Inner Mongolia Otog Banner Dongchen Huitong Coal Mine", "mine_name_zh": "鄂托克旗东辰汇通矿业有限责任公司一矿", "owners": "Otog Banner Dongchen Huitong Mining Co Ltd [100%]", "parent_company": null, "capacity_mtpa": 0.6, "status": "Operating", "mine_type": "Surface", "prefecture": "Ordos", "merged_count": 1}}, {"type": "Feature", "geometry": {"type": "Point", "coordinates": [109.952407, 40.000585]}, "properties": {"mine_name": "Inner Mongolia Yanjiata Coal Mine", "mine_name_zh": "内蒙古德耀能源有限公司燕家塔煤矿", "owners": "Inner Mongolia Deyao Energy Co Ltd [100%]", "parent_company": null, "capacity_mtpa": 1.2, "status": "Operating", "mine_type": "Surface", "prefecture": "Ordos", "merged_count": 1}}, {"type": "Feature", "geometry": {"type": "Point", "coordinates": [109.911202, 40.025573]}, "properties": {"mine_name": "Inner Mongolia Xingwang Coal Mine", "mine_name_zh": "内蒙古华通瑞盛能源有限公司兴旺露天矿", "owners": "Inner Mongolia Huatong Ruisheng Energy Co Ltd [100%]", "parent_company": null, "capacity_mtpa": 5.0, "status": "Operating", "mine_type": "Surface", "prefecture": "Ordos", "merged_count": 1}}, {"type": "Feature", "geometry": {"type": "Point", "coordinates": [110.514916, 40.681488]}, "properties": {"mine_name": "Inner Mongolia Tumut Right Banner Santian Coal Mine", "mine_name_zh": "土默特右旗三田矿业有限责任公司三田煤矿", "owners": "Tumed Right Banner Santian Mining Co Ltd [100%]", "parent_company": null, "capacity_mtpa": 0.6, "status": "Operating", "mine_type": "Surface", "prefecture": "Baotou", "merged_count": 1}}, {"type": "Feature", "geometry": {"type": "Point", "coordinates": [109.894518, 39.977508]}, "properties": {"mine_name": "Inner Mongolia Chuangye Coal Mine", "mine_name_zh": "内蒙古嘉烨煤业有限责任公司创业煤矿", "owners": "Inner Mongolia Jiaye Coal Industry Co Ltd [100%]", "parent_company": null, "capacity_mtpa": 0.6, "status": "Operating", "mine_type": "Surface", "prefecture": "Ordos", "merged_count": 1}}, {"type": "Feature", "geometry": {"type": "Point", "coordinates": [110.466464, 39.416973]}, "properties": {"mine_name": "Inner Mongolia Jintai Chuanhong Coal Mine", "mine_name_zh": "内蒙古锦泰川宏煤炭有限公司", "owners": "Inner Mongolia Jintai Chuanhong Coal Co Ltd [100%]", "parent_company": null, "capacity_mtpa": 1.5, "status": "Proposed", "mine_type": "Surface", "prefecture": "Ordos", "merged_count": 1}}, {"type": "Feature", "geometry": {"type": "Point", "coordinates": [115.633339, 45.127363]}, "properties": {"mine_name": "Inner Mongolia Tiandi Xilin Coal Mine", "mine_name_zh": "天地锡林郭勒煤业有限公司天地锡林煤矿", "owners": "Tiandi Xilingol Coal Industry Co Ltd [100%]", "parent_company": null, "capacity_mtpa": 0.6, "status": "Proposed", "mine_type": "Surface", "prefecture": "Xilin Gol", "merged_count": 1}}, {"type": "Feature", "geometry": {"type": "Point", "coordinates": [115.643676, 45.203807]}, "properties": {"mine_name": "Inner Mongolia East Ujimqin Banner Amuguleng", "mine_name_zh": "东乌珠穆沁旗阿木古楞矿业有限责任公司", "owners": "East Ujimqin Banner Amuguleng Mining Co Ltd [100%]", "parent_company": null, "capacity_mtpa": 0.6, "status": "Proposed", "mine_type": "Surface", "prefecture": "Xilin Gol", "merged_count": 1}}, {"type": "Feature", "geometry": {"type": "Point", "coordinates": [106.933593, 39.471687]}, "properties": {"mine_name": "Inner Mongolia Wuhai Tongda Coal Mine", "mine_name_zh": "乌海市海南区巴音陶亥乡通达煤矿", "owners": "Wuhai City Hainan District Bayintaohai Township Tongda Coal Mine Co Ltd [100%]", "parent_company": null, "capacity_mtpa": 0.6, "status": "Operating", "mine_type": "Surface", "prefecture": "Wuhai", "merged_count": 1}}, {"type": "Feature", "geometry": {"type": "Point", "coordinates": [119.118122, 45.655521]}, "properties": {"mine_name": "Inner Mongolia Xilingol League Chagan Tolgoi Coal Mine", "mine_name_zh": "锡林郭勒盟乌拉盖河矿业有限公司查干陶勒盖煤矿", "owners": "Xilingol League Wulagaihe Mining Co Ltd [100%]", "parent_company": null, "capacity_mtpa": 5.0, "status": "Proposed", "mine_type": "Surface", "prefecture": "Xilin Gol", "merged_count": 1}}, {"type": "Feature", "geometry": {"type": "Point", "coordinates": [110.212263, 39.697076]}, "properties": {"mine_name": "Inner Mongolia Jungar Banner Zhongxing Coal Mine", "mine_name_zh": "准格尔旗西召中兴煤矿有限责任公司", "owners": "Jungar Banner Xizhao Zhongxing Coal Mine Co Ltd [100%]", "parent_company": null, "capacity_mtpa": 0.9, "status": "Operating", "mine_type": "Surface", "prefecture": "Ordos", "merged_count": 1}}, {"type": "Feature", "geometry": {"type": "Point", "coordinates": [121.027244, 49.114584]}, "properties": {"mine_name": "Inner Mongolia Hulunbuir Yaxing  Coal Mine", "mine_name_zh": "呼伦贝尔市牙星煤业有限公司露天煤矿", "owners": "Hulunbuir City Yaxing Coal Industry Co Ltd [100%]", "parent_company": null, "capacity_mtpa": 0.6, "status": "Proposed", "mine_type": "Surface", "prefecture": "Hulun Buir", "merged_count": 1}}, {"type": "Feature", "geometry": {"type": "Point", "coordinates": [119.294471, 42.087097]}, "properties": {"mine_name": "Inner Mongolia Chifeng Xiangyang Coal Mine", "mine_name_zh": "赤峰向阳煤业有限责任公司煤矿", "owners": "Chifeng Xiangyang Coal Industry Co Ltd [100%]", "parent_company": null, "capacity_mtpa": 0.6, "status": "Proposed", "mine_type": "Underground", "prefecture": "Chifeng", "merged_count": 1}}, {"type": "Feature", "geometry": {"type": "Point", "coordinates": [106.944817, 39.536772]}, "properties": {"mine_name": "Inner Mongolia Otog Banner Maogetu Coal Mine", "mine_name_zh": "鄂托克旗骆驼山毛盖图煤矿", "owners": "Otog Banner Luotuoshan Maogaitu Coal Mine Co Ltd [100%]", "parent_company": null, "capacity_mtpa": 0.6, "status": "Shelved", "mine_type": "Surface", "prefecture": "Ordos", "merged_count": 1}}, {"type": "Feature", "geometry": {"type": "Point", "coordinates": [106.274431, 39.177021]}, "properties": {"mine_name": "Inner Mongolia Bayin Coal Mine", "mine_name_zh": "内蒙古兰太资源开发有限责任公司巴音煤矿", "owners": "Inner Mongolia Lantai Resources Development Co Ltd [100%]", "parent_company": null, "capacity_mtpa": 0.6, "status": "Proposed", "mine_type": "Underground", "prefecture": "Alxa", "merged_count": 1}}, {"type": "Feature", "geometry": {"type": "Point", "coordinates": [111.148333, 39.653611]}, "properties": {"mine_name": "Inner Mongolia Liusangedan Coal Mine", "mine_name_zh": "兖矿能源内蒙古矿业刘三圪旦煤矿", "owners": "Inner Mongolia Bolentai Coal Co Ltd [100%]", "parent_company": null, "capacity_mtpa": 8.0, "status": "Proposed", "mine_type": "Underground", "prefecture": "Ordos", "merged_count": 1}}, {"type": "Feature", "geometry": {"type": "Point", "coordinates": [106.653273, 38.37015]}, "properties": {"mine_name": "Inner Mongolia Yingjun No.3 Coal Mine", "mine_name_zh": "鹰骏三号矿井", "owners": "Inner Mongolia Lumeng Energy Development Co Ltd [100%]", "parent_company": null, "capacity_mtpa": 6.0, "status": "Proposed", "mine_type": "Underground", "prefecture": "Ordos", "merged_count": 1}}, {"type": "Feature", "geometry": {"type": "Point", "coordinates": [106.705278, 38.166667]}, "properties": {"mine_name": "Inner Mongolia Yingjun No.2 Coal Mine", "mine_name_zh": "鹰骏二号井田", "owners": "Inner Mongolia Weihua Mining Co Ltd [100%]", "parent_company": null, "capacity_mtpa": 6.0, "status": "Proposed", "mine_type": "Underground", "prefecture": "Ordos", "merged_count": 1}}, {"type": "Feature", "geometry": {"type": "Point", "coordinates": [107.44705, 38.195672]}, "properties": {"mine_name": "Inner Mongolia Yingjun No.5 Coal Mine", "mine_name_zh": "鹰骏五号井田", "owners": "Inner Mongolia Weihua Mining Co Ltd [100%]", "parent_company": null, "capacity_mtpa": 4.0, "status": "Proposed", "mine_type": "Underground", "prefecture": "Ordos", "merged_count": 1}}, {"type": "Feature", "geometry": {"type": "Point", "coordinates": [107.515395, 38.16354]}, "properties": {"mine_name": "Inner Mongolia Malan Coal Mine", "mine_name_zh": "上海庙矿区马兰井田", "owners": "Inner Mongolia Shanghaimiao Mining Co Ltd [100%]", "parent_company": null, "capacity_mtpa": 4.0, "status": "Proposed", "mine_type": "Underground", "prefecture": "Ordos", "merged_count": 1}}, {"type": "Feature", "geometry": {"type": "Point", "coordinates": [111.234722, 39.679444]}, "properties": {"mine_name": "Inner Mongolia Shiyangou Coal Mine", "mine_name_zh": "准格尔煤田石岩沟矿井", "owners": "Inner Mongolia Yidong Shiyangou Coal Co Ltd [100%]", "parent_company": null, "capacity_mtpa": 6.0, "status": "Proposed", "mine_type": "Underground", "prefecture": "Ordos", "merged_count": 1}}, {"type": "Feature", "geometry": {"type": "Point", "coordinates": [109.062263, 38.375612]}, "properties": {"mine_name": "Inner Mongolia Buriqi Coal Mine", "mine_name_zh": "纳林河矿区布日奇井田", "owners": NaN, "parent_company": null, "capacity_mtpa": 10.0, "status": "Proposed", "mine_type": null, "prefecture": "Ordos", "merged_count": 1}}, {"type": "Feature", "geometry": {"type": "Point", "coordinates": [109.494576, 39.222974]}, "properties": {"mine_name": "Inner Mongolia Xinjie No.1 Coal Mine", "mine_name_zh": "内蒙古新街台格庙矿区新街一井", "owners": "Shenhua New Street Energy Co Ltd [100%]", "parent_company": null, "capacity_mtpa": 8.0, "status": "Proposed", "mine_type": "Underground", "prefecture": "Ordos", "merged_count": 1}}, {"type": "Feature", "geometry": {"type": "Point", "coordinates": [109.615015, 39.285808]}, "properties": {"mine_name": "Inner Mongolia Xinjie No.2 Coal Mine", "mine_name_zh": "内蒙古新街台格庙矿区新街二井", "owners": "Shenhua New Street Energy Co Ltd [100%]", "parent_company": null, "capacity_mtpa": 8.0, "status": "Proposed", "mine_type": "Underground", "prefecture": "Ordos", "merged_count": 1}}, {"type": "Feature", "geometry": {"type": "Point", "coordinates": [109.434444, 39.275556]}, "properties": {"mine_name": "Inner Mongolia Bayannao Coal Mine", "mine_name_zh": "内蒙古鄂尔多斯巴彦淖煤矿", "owners": "Ordos City Jingdongfang Energy Investment Co Ltd [100%]", "parent_company": null, "capacity_mtpa": 8.0, "status": "Proposed", "mine_type": "Underground", "prefecture": "Ordos", "merged_count": 1}}, {"type": "Feature", "geometry": {"type": "Point", "coordinates": [109.317222, 39.094722]}, "properties": {"mine_name": "Inner Mongolia Dahaimiao Coal Mine", "mine_name_zh": "内蒙古鄂尔多斯达海庙煤矿", "owners": "China Coal Energy Co Ltd [100%]", "parent_company": null, "capacity_mtpa": 8.0, "status": "Proposed", "mine_type": "Underground", "prefecture": "Ordos", "merged_count": 1}}, {"type": "Feature", "geometry": {"type": "Point", "coordinates": [111.0005, 39.5524]}, "properties": {"mine_name": "Inner Mongolia Geliugou Coal Mine", "mine_name_zh": "内蒙古鄂尔多斯圪柳沟井田", "owners": "Inner Mongolia Geliugou Energy Co Ltd [100%]", "parent_company": null, "capacity_mtpa": 10.0, "status": "Proposed", "mine_type": "Underground", "prefecture": "Ordos", "merged_count": 1}}, {"type": "Feature", "geometry": {"type": "Point", "coordinates": [111.079167, 39.975]}, "properties": {"mine_name": "Inner Mongolia Laosangou Coal Mine", "mine_name_zh": "内蒙古鄂尔多斯老三沟井田", "owners": "CNOOC Inner Mongolia Energy Investment Co Ltd [100%]", "parent_company": null, "capacity_mtpa": 10.0, "status": "Proposed", "mine_type": "Underground", "prefecture": "Ordos", "merged_count": 1}}, {"type": "Feature", "geometry": {"type": "Point", "coordinates": [108.775278, 38.091944]}, "properties": {"mine_name": "Inner Mongolia Wudinghe Coal Mine", "mine_name_zh": "内蒙古鄂尔多斯无定河井田", "owners": "Ordos City Taishengheng Mining Co Ltd [100%]", "parent_company": null, "capacity_mtpa": 7.0, "status": "Proposed", "mine_type": "Underground", "prefecture": "Ordos", "merged_count": 1}}, {"type": "Feature", "geometry": {"type": "Point", "coordinates": [108.775278, 38.456111]}, "properties": {"mine_name": "Inner Mongolia Galutu Coal Mine", "mine_name_zh": "内蒙古鄂尔多斯嘎鲁图矿井", "owners": "Inner Mongolia Yitaiga Lutu Mining Co Ltd [100%]", "parent_company": null, "capacity_mtpa": 5.0, "status": "Proposed", "mine_type": "Underground", "prefecture": "Ordos", "merged_count": 1}}, {"type": "Feature", "geometry": {"type": "Point", "coordinates": [111.076667, 39.883333]}, "properties": {"mine_name": "Inner Mongolia Hadatu Coal Mine", "mine_name_zh": "内蒙古鄂尔多斯哈达图矿井", "owners": "Inner Mongolia Beikong Hadatu Mining Co Ltd [100%]", "parent_company": null, "capacity_mtpa": 10.0, "status": "Proposed", "mine_type": "Underground", "prefecture": "Ordos", "merged_count": 1}}, {"type": "Feature", "geometry": {"type": "Point", "coordinates": [109.400556, 39.379722]}, "properties": {"mine_name": "Inner Mongolia Tonggelang Coal Mine", "mine_name_zh": "内蒙古鄂尔多斯通格朗煤矿", "owners": "Inner Mongolia Beikong Tonggelang Mining Co Ltd [100%]", "parent_company": null, "capacity_mtpa": 8.0, "status": "Proposed", "mine_type": "Underground", "prefecture": "Ordos", "merged_count": 1}}, {"type": "Feature", "geometry": {"type": "Point", "coordinates": [109.0, 38.598889]}, "properties": {"mine_name": "Inner Mongolia Bayin Aobao Coal Mine", "mine_name_zh": "内蒙古鄂尔多斯巴音敖包矿井", "owners": NaN, "parent_company": null, "capacity_mtpa": 12.0, "status": "Proposed", "mine_type": "Underground", "prefecture": "Ordos", "merged_count": 1}}, {"type": "Feature", "geometry": {"type": "Point", "coordinates": [109.0002, 38.3134]}, "properties": {"mine_name": "Inner Mongolia Bayanchaidamu Coal Mine", "mine_name_zh": "内蒙古鄂尔多斯巴彦柴达木矿井", "owners": "China Power Investment Mengxi Energy Co Ltd [100%]", "parent_company": null, "capacity_mtpa": 10.0, "status": "Proposed", "mine_type": "Underground", "prefecture": "Ordos", "merged_count": 1}}, {"type": "Feature", "geometry": {"type": "Point", "coordinates": [111.028187, 40.01031]}, "properties": {"mine_name": "Inner Mongolia Fangziliang Coal Mine", "mine_name_zh": "内蒙古鄂尔多斯房子梁矿井", "owners": NaN, "parent_company": null, "capacity_mtpa": 8.0, "status": "Proposed", "mine_type": "Underground", "prefecture": "Ordos", "merged_count": 1}}, {"type": "Feature", "geometry": {"type": "Point", "coordinates": [109.316944, 38.870278]}, "properties": {"mine_name": "Inner Mongolia Meilinmiao Coal Mine", "mine_name_zh": "内蒙古鄂尔多斯梅林庙矿井", "owners": "Uxin Banner Menggeqin Energy Development Co Ltd [100%]", "parent_company": null, "capacity_mtpa": 10.0, "status": "Proposed", "mine_type": "Underground", "prefecture": "Ordos", "merged_count": 1}}, {"type": "Feature", "geometry": {"type": "Point", "coordinates": [109.614167, 39.815278]}, "properties": {"mine_name": "Inner Mongolia Chengliang Coal Mine", "mine_name_zh": "内蒙古鄂尔多斯城梁煤矿", "owners": "Inner Mongolia Ordos City Jinniu Coal Power Co Ltd [100%]", "parent_company": null, "capacity_mtpa": 6.0, "status": "Proposed", "mine_type": "Underground", "prefecture": "Ordos", "merged_count": 1}}, {"type": "Feature", "geometry": {"type": "Point", "coordinates": [108.584, 38.053]}, "properties": {"mine_name": "Inner Mongolia Nalinhe No.1 Coal Mine", "mine_name_zh": "内蒙古鄂尔多斯纳林河一号", "owners": "Ordos City Chengfeng Petrochemical Co Ltd [100%]", "parent_company": null, "capacity_mtpa": 4.0, "status": "Proposed", "mine_type": "Underground", "prefecture": "Ordos", "merged_count": 1}}, {"type": "Feature", "geometry": {"type": "Point", "coordinates": [108.7825, 39.831667]}, "properties": {"mine_name": "Inner Mongolia Sinibrag No. 1 Coal Mine", "mine_name_zh": "内蒙古鄂尔多斯锡尼布拉格一号煤矿井", "owners": NaN, "parent_company": null, "capacity_mtpa": 6.0, "status": "Proposed", "mine_type": "Underground", "prefecture": "Ordos", "merged_count": 1}}, {"type": "Feature", "geometry": {"type": "Point", "coordinates": [109.040278, 39.941944]}, "properties": {"mine_name": "Inner Mongolia Sinibrag No. 2 Coal Mine", "mine_name_zh": "内蒙古鄂尔多斯锡尼布拉格二号煤矿井", "owners": NaN, "parent_company": null, "capacity_mtpa": 6.0, "status": "Proposed", "mine_type": "Underground", "prefecture": "Ordos", "merged_count": 1}}, {"type": "Feature", "geometry": {"type": "Point", "coordinates": [109.269444, 39.646944]}, "properties": {"mine_name": "Inner Mongolia Subu'erga Coal Mine", "mine_name_zh": "内蒙古鄂尔多斯苏布尔嘎井田", "owners": "Inner Mongolia Suburga Coal Development Co Ltd [100%]", "parent_company": null, "capacity_mtpa": 8.0, "status": "Proposed", "mine_type": "Underground", "prefecture": "Ordos", "merged_count": 1}}, {"type": "Feature", "geometry": {"type": "Point", "coordinates": [109.749915, 39.543774]}, "properties": {"mine_name": "Inner Mongolia Nalinxili Coal Mine", "mine_name_zh": "内蒙古鄂尔多斯纳林希里井田", "owners": "Inner Mongolia Kaiyuan Nalinxili Coal Development Co Ltd [100%]", "parent_company": null, "capacity_mtpa": 8.0, "status": "Proposed", "mine_type": "Underground", "prefecture": "Ordos", "merged_count": 1}}, {"type": "Feature", "geometry": {"type": "Point", "coordinates": [109.451082, 39.579941]}, "properties": {"mine_name": "Inner Mongolia Haolaisu Coal Mine", "mine_name_zh": "内蒙古鄂尔多斯壕赖苏矿井", "owners": NaN, "parent_company": null, "capacity_mtpa": 8.0, "status": "Proposed", "mine_type": "Underground", "prefecture": "Ordos", "merged_count": 1}}, {"type": "Feature", "geometry": {"type": "Point", "coordinates": [109.354167, 39.746944]}, "properties": {"mine_name": "Inner Mongolia Kuitenggou Coal Mine", "mine_name_zh": "内蒙古鄂尔多斯奎腾沟矿井", "owners": NaN, "parent_company": null, "capacity_mtpa": 8.0, "status": "Proposed", "mine_type": "Underground", "prefecture": "Ordos", "merged_count": 1}}, {"type": "Feature", "geometry": {"type": "Point", "coordinates": [109.078697, 39.69819]}, "properties": {"mine_name": "Inner Mongolia Bayintaolegai Coal Mine", "mine_name_zh": "内蒙古鄂尔多斯巴音陶勒盖煤矿", "owners": NaN, "parent_company": null, "capacity_mtpa": 5.0, "status": "Proposed", "mine_type": null, "prefecture": "Ordos", "merged_count": 1}}, {"type": "Feature", "geometry": {"type": "Point", "coordinates": [109.015833, 39.716944]}, "properties": {"mine_name": "Inner Mongolia Ayanbulu Coal Mine", "mine_name_zh": "内蒙古鄂尔多斯阿彦布鲁煤矿井", "owners": NaN, "parent_company": null, "capacity_mtpa": 5.0, "status": "Proposed", "mine_type": "Underground", "prefecture": "Ordos", "merged_count": 1}}, {"type": "Feature", "geometry": {"type": "Point", "coordinates": [109.105833, 38.549722]}, "properties": {"mine_name": "Inner Mongolia Houliuwan Coal Mine", "mine_name_zh": "内蒙古鄂尔多斯后柳湾井田", "owners": "Inner Mongolia Houliuwan Energy Co Ltd [100%]", "parent_company": null, "capacity_mtpa": 8.0, "status": "Proposed", "mine_type": "Underground", "prefecture": "Ordos", "merged_count": 1}}, {"type": "Feature", "geometry": {"type": "Point", "coordinates": [111.069722, 39.796589]}, "properties": {"mine_name": "Inner Mongolia Haizita Coal Mine", "mine_name_zh": "内蒙古鄂尔多斯海子塔井田", "owners": "Inner Mongolia Haizita Mining Co Ltd [100%]", "parent_company": null, "capacity_mtpa": 8.0, "status": "Proposed", "mine_type": "Underground", "prefecture": "Ordos", "merged_count": 1}}, {"type": "Feature", "geometry": {"type": "Point", "coordinates": [110.999722, 39.654722]}, "properties": {"mine_name": "Inner Mongolia Sandao'aobao Coal Mine", "mine_name_zh": "内蒙古鄂尔多斯三道敖包井田", "owners": NaN, "parent_company": null, "capacity_mtpa": 8.0, "status": "Proposed", "mine_type": "Underground", "prefecture": "Ordos", "merged_count": 1}}, {"type": "Feature", "geometry": {"type": "Point", "coordinates": [111.0, 39.654167]}, "properties": {"mine_name": "Inner Mongolia Changtanxi Coal Mine", "mine_name_zh": "内蒙古鄂尔多斯长滩西井田", "owners": "Inner Mongolia Huineng Coal Power Group Co Ltd [100%]", "parent_company": null, "capacity_mtpa": 7.0, "status": "Proposed", "mine_type": "Underground", "prefecture": "Ordos", "merged_count": 1}}, {"type": "Feature", "geometry": {"type": "Point", "coordinates": [110.059167, 39.766944]}, "properties": {"mine_name": "Inner Mongolia Bandongliang Coal Mine", "mine_name_zh": "内蒙古鄂尔多斯板洞梁煤矿", "owners": "Inner Mongolia Coal Based Oil and Gas Investment Co Ltd [100%]", "parent_company": null, "capacity_mtpa": 3.0, "status": "Proposed", "mine_type": null, "prefecture": "Ordos", "merged_count": 1}}, {"type": "Feature", "geometry": {"type": "Point", "coordinates": [110.255168, 39.681516]}, "properties": {"mine_name": "Inner Mongolia Wulanqu Surface Coal Mine", "mine_name_zh": "内蒙古鄂尔多斯乌兰渠露天煤矿", "owners": "Inner Mongolia Ximeng Yueda Energy Co Ltd [100%]", "parent_company": null, "capacity_mtpa": 1.2, "status": "Proposed", "mine_type": "Surface", "prefecture": "Ordos", "merged_count": 1}}, {"type": "Feature", "geometry": {"type": "Point", "coordinates": [111.320119, 39.438906]}, "properties": {"mine_name": "Inner Mongolia Duijiugou Coal Mine", "mine_name_zh": "内蒙古锦泰碓臼沟煤炭有限公司碓臼沟煤矿", "owners": "Inner Mongolia Jintai Duiugou Coal Co Ltd [100%]", "parent_company": null, "capacity_mtpa": 1.2, "status": "Mothballed", "mine_type": "Underground", "prefecture": "Ordos", "merged_count": 1}}, {"type": "Feature", "geometry": {"type": "Point", "coordinates": [110.223194, 39.678725]}, "properties": {"mine_name": "Inner Mongolia Dianli Mandula Coal Mine", "mine_name_zh": "内蒙古西蒙悦达能源有限公司电力满都拉煤矿", "owners": "Inner Mongolia Ximeng Yueda Energy Co Ltd [100%]", "parent_company": null, "capacity_mtpa": 1.2, "status": "Operating", "mine_type": "Underground", "prefecture": "Ordos", "merged_count": 1}}, {"type": "Feature", "geometry": {"type": "Point", "coordinates": [107.021111, 39.400278]}, "properties": {"mine_name": "Inner Mongolia 11-15 Line Coal Mine", "mine_name_zh": "内蒙古鄂尔多斯煤炭有限责任公司白云乌素矿区11-15线煤矿", "owners": "Inner Mongolia Ordos Coal Co Ltd [100%]", "parent_company": null, "capacity_mtpa": 0.9, "status": "Operating", "mine_type": "Underground", "prefecture": "Ordos", "merged_count": 1}}, {"type": "Feature", "geometry": {"type": "Point", "coordinates": [107.098454, 39.425227]}, "properties": {"mine_name": "Inner Mongolia Ordos Electric Power No. 1 Coal Mine", "mine_name_zh": "内蒙古鄂尔多斯电力冶金集团股份有限公司一矿", "owners": "Inner Mongolia Ordos Electric Power Co Ltd [100%]", "parent_company": null, "capacity_mtpa": 0.8, "status": "Operating", "mine_type": "Underground", "prefecture": "Ordos", "merged_count": 1}}, {"type": "Feature", "geometry": {"type": "Point", "coordinates": [107.028721, 39.362787]}, "properties": {"mine_name": "Inner Mongolia Ordos Electric Power No. 2 Coal Mine", "mine_name_zh": "内蒙古鄂尔多斯电力冶金集团股份有限公司二矿", "owners": "Inner Mongolia Ordos Electric Power Co Ltd [100%]", "parent_company": null, "capacity_mtpa": 0.6, "status": "Operating", "mine_type": "Underground", "prefecture": "Ordos", "merged_count": 1}}, {"type": "Feature", "geometry": {"type": "Point", "coordinates": [111.383197, 39.895299]}, "properties": {"mine_name": "Inner Mongolia Ping'an Coal Mine", "mine_name_zh": "鄂尔多斯市乾新煤业有限责任公司平安煤矿", "owners": "Ordos City Qianxin Coal Industry Co Ltd [100%]", "parent_company": null, "capacity_mtpa": 0.6, "status": "Shelved", "mine_type": "Underground", "prefecture": "Ordos", "merged_count": 1}}]}