{
"type": "FeatureCollection",
"name": "tang_sm_centroids",
"crs": { "type": "name", "properties": { "name": "urn:ogc:def:crs:OGC:1.3:CRS84" } },
"features": [
{ "type": "Feature", "properties": { "tang_id": 904, "area_km2": 1.219382 }, "geometry": { "type": "Point", "coordinates": [ 119.048636162425936, 41.523959123280534 ] } },
{ "type": "Feature", "properties": { "tang_id": 905, "area_km2": 1.285338 }, "geometry": { "type": "Point", "coordinates": [ 119.051804417869249, 41.535262500503499 ] } },
{ "type": "Feature", "properties": { "tang_id": 906, "area_km2": 1.415634 }, "geometry": { "type": "Point", "coordinates": [ 119.063594231836973, 41.531332642493027 ] } },
{ "type": "Feature", "properties": { "tang_id": 1039, "area_km2": 0.17353 }, "geometry": { "type": "Point", "coordinates": [ 116.279326829406529, 44.81675130391428 ] } },
{ "type": "Feature", "properties": { "tang_id": 1040, "area_km2": 0.430591 }, "geometry": { "type": "Point", "coordinates": [ 116.272021680069358, 44.81885297823753 ] } },
{ "type": "Feature", "properties": { "tang_id": 1041, "area_km2": 0.015635 }, "geometry": { "type": "Point", "coordinates": [ 116.279253732854826, 44.822092433582938 ] } },
{ "type": "Feature", "properties": { "tang_id": 1042, "area_km2": 0.191499 }, "geometry": { "type": "Point", "coordinates": [ 116.263355076635207, 44.81264800677036 ] } },
{ "type": "Feature", "properties": { "tang_id": 1043, "area_km2": 0.479403 }, "geometry": { "type": "Point", "coordinates": [ 116.281991826135368, 44.850705398946772 ] } },
{ "type": "Feature", "properties": { "tang_id": 1044, "area_km2": 0.088344 }, "geometry": { "type": "Point", "coordinates": [ 116.479491338355885, 44.860489066126405 ] } },
{ "type": "Feature", "properties": { "tang_id": 1045, "area_km2": 0.036863 }, "geometry": { "type": "Point", "coordinates": [ 116.474195939140557, 44.855151361009028 ] } },
{ "type": "Feature", "properties": { "tang_id": 1046, "area_km2": 0.020707 }, "geometry": { "type": "Point", "coordinates": [ 116.472279177078889, 44.853094467131228 ] } },
{ "type": "Feature", "properties": { "tang_id": 1047, "area_km2": 0.012311 }, "geometry": { "type": "Point", "coordinates": [ 116.476046526668782, 44.853123657208222 ] } },
{ "type": "Feature", "properties": { "tang_id": 1048, "area_km2": 0.081265 }, "geometry": { "type": "Point", "coordinates": [ 116.475108145604111, 44.849550107814373 ] } },
{ "type": "Feature", "properties": { "tang_id": 1049, "area_km2": 0.015482 }, "geometry": { "type": "Point", "coordinates": [ 116.478920586224831, 44.846306090084532 ] } },
{ "type": "Feature", "properties": { "tang_id": 1050, "area_km2": 0.005034 }, "geometry": { "type": "Point", "coordinates": [ 116.476552654276972, 44.846108879641392 ] } },
{ "type": "Feature", "properties": { "tang_id": 1051, "area_km2": 0.191273 }, "geometry": { "type": "Point", "coordinates": [ 116.487094123958443, 44.84378692570359 ] } },
{ "type": "Feature", "properties": { "tang_id": 1052, "area_km2": 0.408554 }, "geometry": { "type": "Point", "coordinates": [ 116.488705392070642, 44.85673590407729 ] } },
{ "type": "Feature", "properties": { "tang_id": 1053, "area_km2": 0.043929 }, "geometry": { "type": "Point", "coordinates": [ 116.624937537430284, 44.863485692499864 ] } },
{ "type": "Feature", "properties": { "tang_id": 1054, "area_km2": 0.108803 }, "geometry": { "type": "Point", "coordinates": [ 116.647827510358042, 44.854387315391634 ] } },
{ "type": "Feature", "properties": { "tang_id": 1055, "area_km2": 0.024925 }, "geometry": { "type": "Point", "coordinates": [ 116.651841077541235, 44.851713410781926 ] } },
{ "type": "Feature", "properties": { "tang_id": 1096, "area_km2": 3.321884 }, "geometry": { "type": "Point", "coordinates": [ 116.356483385986266, 44.676665866714679 ] } },
{ "type": "Feature", "properties": { "tang_id": 1097, "area_km2": 0.742375 }, "geometry": { "type": "Point", "coordinates": [ 116.347821616870917, 44.66253340332316 ] } },
{ "type": "Feature", "properties": { "tang_id": 1322, "area_km2": 0.020273 }, "geometry": { "type": "Point", "coordinates": [ 97.734855893839821, 41.350460960785639 ] } },
{ "type": "Feature", "properties": { "tang_id": 1323, "area_km2": 0.003437 }, "geometry": { "type": "Point", "coordinates": [ 97.745817815419855, 41.35015685345472 ] } },
{ "type": "Feature", "properties": { "tang_id": 1324, "area_km2": 0.002225 }, "geometry": { "type": "Point", "coordinates": [ 97.743689420471881, 41.350691413562082 ] } },
{ "type": "Feature", "properties": { "tang_id": 1325, "area_km2": 0.001848 }, "geometry": { "type": "Point", "coordinates": [ 97.742958836200089, 41.350745575243778 ] } },
{ "type": "Feature", "properties": { "tang_id": 1326, "area_km2": 0.002649 }, "geometry": { "type": "Point", "coordinates": [ 97.742194916443211, 41.351495791484105 ] } },
{ "type": "Feature", "properties": { "tang_id": 1327, "area_km2": 0.001554 }, "geometry": { "type": "Point", "coordinates": [ 97.741092690868101, 41.351793485699091 ] } },
{ "type": "Feature", "properties": { "tang_id": 1329, "area_km2": 0.122955 }, "geometry": { "type": "Point", "coordinates": [ 97.714263692023607, 41.353803028428146 ] } },
{ "type": "Feature", "properties": { "tang_id": 1330, "area_km2": 0.037459 }, "geometry": { "type": "Point", "coordinates": [ 97.711791129124308, 41.359767096730387 ] } },
{ "type": "Feature", "properties": { "tang_id": 1331, "area_km2": 0.10389 }, "geometry": { "type": "Point", "coordinates": [ 97.702544391532797, 41.358998871865232 ] } },
{ "type": "Feature", "properties": { "tang_id": 1335, "area_km2": 1.409133 }, "geometry": { "type": "Point", "coordinates": [ 98.310209791816646, 41.080852210169205 ] } },
{ "type": "Feature", "properties": { "tang_id": 1336, "area_km2": 0.259168 }, "geometry": { "type": "Point", "coordinates": [ 98.319353740268937, 41.085602244298201 ] } },
{ "type": "Feature", "properties": { "tang_id": 1363, "area_km2": 0.638953 }, "geometry": { "type": "Point", "coordinates": [ 99.989581115853611, 41.161052005428672 ] } },
{ "type": "Feature", "properties": { "tang_id": 1364, "area_km2": 0.090526 }, "geometry": { "type": "Point", "coordinates": [ 99.960181458964939, 41.168842572734391 ] } },
{ "type": "Feature", "properties": { "tang_id": 1365, "area_km2": 0.084486 }, "geometry": { "type": "Point", "coordinates": [ 99.960910515610749, 41.163918305786162 ] } },
{ "type": "Feature", "properties": { "tang_id": 1366, "area_km2": 0.04837 }, "geometry": { "type": "Point", "coordinates": [ 99.960348974184939, 41.160741213267443 ] } },
{ "type": "Feature", "properties": { "tang_id": 1367, "area_km2": 0.004306 }, "geometry": { "type": "Point", "coordinates": [ 99.956529835846553, 41.158553866330855 ] } },
{ "type": "Feature", "properties": { "tang_id": 1368, "area_km2": 0.010685 }, "geometry": { "type": "Point", "coordinates": [ 99.953768777021708, 41.159261750486117 ] } },
{ "type": "Feature", "properties": { "tang_id": 1369, "area_km2": 0.100437 }, "geometry": { "type": "Point", "coordinates": [ 99.940869457676826, 41.162299447525264 ] } },
{ "type": "Feature", "properties": { "tang_id": 1370, "area_km2": 0.051764 }, "geometry": { "type": "Point", "coordinates": [ 99.942480648995485, 41.159552755668699 ] } },
{ "type": "Feature", "properties": { "tang_id": 1371, "area_km2": 0.130995 }, "geometry": { "type": "Point", "coordinates": [ 99.937728124050622, 41.158296574132251 ] } },
{ "type": "Feature", "properties": { "tang_id": 1372, "area_km2": 0.031594 }, "geometry": { "type": "Point", "coordinates": [ 99.933304857020829, 41.156717387935103 ] } },
{ "type": "Feature", "properties": { "tang_id": 1373, "area_km2": 0.017179 }, "geometry": { "type": "Point", "coordinates": [ 99.936314404195741, 41.153402227238715 ] } },
{ "type": "Feature", "properties": { "tang_id": 1374, "area_km2": 0.011229 }, "geometry": { "type": "Point", "coordinates": [ 99.943789974888119, 41.148759515364986 ] } },
{ "type": "Feature", "properties": { "tang_id": 1375, "area_km2": 0.06611 }, "geometry": { "type": "Point", "coordinates": [ 99.940950404091339, 41.149861626784535 ] } },
{ "type": "Feature", "properties": { "tang_id": 1376, "area_km2": 0.038076 }, "geometry": { "type": "Point", "coordinates": [ 99.948955254902515, 41.149924542959027 ] } },
{ "type": "Feature", "properties": { "tang_id": 1377, "area_km2": 0.226726 }, "geometry": { "type": "Point", "coordinates": [ 99.924745931780706, 41.160321996027157 ] } },
{ "type": "Feature", "properties": { "tang_id": 1378, "area_km2": 0.381246 }, "geometry": { "type": "Point", "coordinates": [ 99.90906753283771, 41.17422719513354 ] } },
{ "type": "Feature", "properties": { "tang_id": 1379, "area_km2": 0.359636 }, "geometry": { "type": "Point", "coordinates": [ 98.878221596454495, 41.453922917731084 ] } },
{ "type": "Feature", "properties": { "tang_id": 1380, "area_km2": 1.242308 }, "geometry": { "type": "Point", "coordinates": [ 104.137972480071113, 39.998974468222251 ] } },
{ "type": "Feature", "properties": { "tang_id": 1381, "area_km2": 2.760911 }, "geometry": { "type": "Point", "coordinates": [ 104.980497368313436, 40.180111047397972 ] } },
{ "type": "Feature", "properties": { "tang_id": 1382, "area_km2": 0.693259 }, "geometry": { "type": "Point", "coordinates": [ 104.864263293090019, 40.186573045084685 ] } },
{ "type": "Feature", "properties": { "tang_id": 1383, "area_km2": 0.025338 }, "geometry": { "type": "Point", "coordinates": [ 104.855474208952913, 40.183005611196762 ] } },
{ "type": "Feature", "properties": { "tang_id": 1384, "area_km2": 0.018996 }, "geometry": { "type": "Point", "coordinates": [ 104.87622260856368, 40.189037818765129 ] } },
{ "type": "Feature", "properties": { "tang_id": 1385, "area_km2": 0.336614 }, "geometry": { "type": "Point", "coordinates": [ 104.761899222649348, 39.878112352428737 ] } },
{ "type": "Feature", "properties": { "tang_id": 1386, "area_km2": 0.269168 }, "geometry": { "type": "Point", "coordinates": [ 104.771665141412953, 39.879350129004415 ] } },
{ "type": "Feature", "properties": { "tang_id": 1387, "area_km2": 0.150693 }, "geometry": { "type": "Point", "coordinates": [ 104.684202789951172, 39.873351095192028 ] } },
{ "type": "Feature", "properties": { "tang_id": 1388, "area_km2": 0.073853 }, "geometry": { "type": "Point", "coordinates": [ 104.683038975078517, 39.877851891702804 ] } },
{ "type": "Feature", "properties": { "tang_id": 1389, "area_km2": 0.071823 }, "geometry": { "type": "Point", "coordinates": [ 104.687023050763884, 39.876088645684909 ] } },
{ "type": "Feature", "properties": { "tang_id": 1390, "area_km2": 0.100305 }, "geometry": { "type": "Point", "coordinates": [ 104.703656497044093, 39.870087651964695 ] } },
{ "type": "Feature", "properties": { "tang_id": 1391, "area_km2": 0.355316 }, "geometry": { "type": "Point", "coordinates": [ 104.713423756322257, 39.871072736564471 ] } },
{ "type": "Feature", "properties": { "tang_id": 1392, "area_km2": 0.130008 }, "geometry": { "type": "Point", "coordinates": [ 104.72896879386235, 39.872115002995614 ] } },
{ "type": "Feature", "properties": { "tang_id": 1393, "area_km2": 0.099839 }, "geometry": { "type": "Point", "coordinates": [ 104.723172592857964, 39.869897962522217 ] } },
{ "type": "Feature", "properties": { "tang_id": 1394, "area_km2": 0.035882 }, "geometry": { "type": "Point", "coordinates": [ 104.721202608353607, 39.873147944453365 ] } },
{ "type": "Feature", "properties": { "tang_id": 1395, "area_km2": 0.227378 }, "geometry": { "type": "Point", "coordinates": [ 104.717505664886147, 39.865865111956182 ] } },
{ "type": "Feature", "properties": { "tang_id": 1396, "area_km2": 0.545667 }, "geometry": { "type": "Point", "coordinates": [ 104.726064656754417, 39.860079698927727 ] } },
{ "type": "Feature", "properties": { "tang_id": 1532, "area_km2": 0.20971 }, "geometry": { "type": "Point", "coordinates": [ 98.250597178545391, 40.576487982265888 ] } },
{ "type": "Feature", "properties": { "tang_id": 1811, "area_km2": 0.119713 }, "geometry": { "type": "Point", "coordinates": [ 110.050668821506164, 41.131744695087761 ] } },
{ "type": "Feature", "properties": { "tang_id": 1812, "area_km2": 0.06917 }, "geometry": { "type": "Point", "coordinates": [ 110.05769304636992, 41.129579664401497 ] } },
{ "type": "Feature", "properties": { "tang_id": 1813, "area_km2": 0.00256 }, "geometry": { "type": "Point", "coordinates": [ 110.059767712288064, 41.130434692119074 ] } },
{ "type": "Feature", "properties": { "tang_id": 1814, "area_km2": 0.010589 }, "geometry": { "type": "Point", "coordinates": [ 109.724562314437563, 41.290950547712619 ] } },
{ "type": "Feature", "properties": { "tang_id": 1815, "area_km2": 0.018999 }, "geometry": { "type": "Point", "coordinates": [ 110.49045668151301, 41.685063787303065 ] } },
{ "type": "Feature", "properties": { "tang_id": 1816, "area_km2": 0.095736 }, "geometry": { "type": "Point", "coordinates": [ 110.491097233193145, 41.68259602917918 ] } },
{ "type": "Feature", "properties": { "tang_id": 1838, "area_km2": 0.073399 }, "geometry": { "type": "Point", "coordinates": [ 113.16314441125806, 40.427915972346675 ] } },
{ "type": "Feature", "properties": { "tang_id": 1841, "area_km2": 0.214479 }, "geometry": { "type": "Point", "coordinates": [ 113.088854135285814, 40.471914312447716 ] } },
{ "type": "Feature", "properties": { "tang_id": 1842, "area_km2": 0.222769 }, "geometry": { "type": "Point", "coordinates": [ 113.116230138639651, 40.485288258943832 ] } },
{ "type": "Feature", "properties": { "tang_id": 1843, "area_km2": 0.598468 }, "geometry": { "type": "Point", "coordinates": [ 112.669750871650393, 40.5180017760011 ] } },
{ "type": "Feature", "properties": { "tang_id": 1892, "area_km2": 0.297165 }, "geometry": { "type": "Point", "coordinates": [ 106.839994084338016, 39.434827590640552 ] } },
{ "type": "Feature", "properties": { "tang_id": 2564, "area_km2": 0.946108 }, "geometry": { "type": "Point", "coordinates": [ 110.349134192660983, 39.345824572733086 ] } },
{ "type": "Feature", "properties": { "tang_id": 2565, "area_km2": 0.759461 }, "geometry": { "type": "Point", "coordinates": [ 110.346885910793901, 39.359527035453475 ] } },
{ "type": "Feature", "properties": { "tang_id": 2566, "area_km2": 0.036277 }, "geometry": { "type": "Point", "coordinates": [ 110.334234491590578, 39.358970016609661 ] } },
{ "type": "Feature", "properties": { "tang_id": 2567, "area_km2": 0.960157 }, "geometry": { "type": "Point", "coordinates": [ 110.316111985691307, 39.360616760585472 ] } },
{ "type": "Feature", "properties": { "tang_id": 2568, "area_km2": 1.054812 }, "geometry": { "type": "Point", "coordinates": [ 110.313559764490719, 39.34730138792488 ] } },
{ "type": "Feature", "properties": { "tang_id": 2569, "area_km2": 0.182133 }, "geometry": { "type": "Point", "coordinates": [ 110.278892735150905, 39.376497073814186 ] } },
{ "type": "Feature", "properties": { "tang_id": 2570, "area_km2": 0.20793 }, "geometry": { "type": "Point", "coordinates": [ 110.292549005974067, 39.375805365619044 ] } },
{ "type": "Feature", "properties": { "tang_id": 2571, "area_km2": 0.383164 }, "geometry": { "type": "Point", "coordinates": [ 110.28557464164399, 39.383020332775786 ] } },
{ "type": "Feature", "properties": { "tang_id": 2572, "area_km2": 1.100312 }, "geometry": { "type": "Point", "coordinates": [ 110.268790695856538, 39.383996707614102 ] } },
{ "type": "Feature", "properties": { "tang_id": 2573, "area_km2": 0.047032 }, "geometry": { "type": "Point", "coordinates": [ 110.254751576106813, 39.388963288727894 ] } },
{ "type": "Feature", "properties": { "tang_id": 2577, "area_km2": 0.141327 }, "geometry": { "type": "Point", "coordinates": [ 110.158398150165667, 39.285513637036502 ] } },
{ "type": "Feature", "properties": { "tang_id": 2581, "area_km2": 0.038771 }, "geometry": { "type": "Point", "coordinates": [ 110.101731909184949, 39.24684408554851 ] } },
{ "type": "Feature", "properties": { "tang_id": 2582, "area_km2": 0.06748 }, "geometry": { "type": "Point", "coordinates": [ 110.098653738354358, 39.250455280786312 ] } },
{ "type": "Feature", "properties": { "tang_id": 2583, "area_km2": 0.471999 }, "geometry": { "type": "Point", "coordinates": [ 110.275638253034273, 39.881634317263256 ] } },
{ "type": "Feature", "properties": { "tang_id": 2584, "area_km2": 2.499319 }, "geometry": { "type": "Point", "coordinates": [ 110.2337528222847, 39.858564847616691 ] } },
{ "type": "Feature", "properties": { "tang_id": 2585, "area_km2": 1.585595 }, "geometry": { "type": "Point", "coordinates": [ 110.198140543725728, 39.862107973879304 ] } },
{ "type": "Feature", "properties": { "tang_id": 2586, "area_km2": 0.28124 }, "geometry": { "type": "Point", "coordinates": [ 110.203141666222308, 39.851998744916152 ] } },
{ "type": "Feature", "properties": { "tang_id": 2587, "area_km2": 0.67814 }, "geometry": { "type": "Point", "coordinates": [ 110.121147554185612, 39.84471292806677 ] } },
{ "type": "Feature", "properties": { "tang_id": 16909, "area_km2": 0.065316 }, "geometry": { "type": "Point", "coordinates": [ 106.643848309630286, 41.270695538128109 ] } },
{ "type": "Feature", "properties": { "tang_id": 16911, "area_km2": 0.878555 }, "geometry": { "type": "Point", "coordinates": [ 106.651133914999249, 41.276686047545446 ] } },
{ "type": "Feature", "properties": { "tang_id": 16920, "area_km2": 1.359514 }, "geometry": { "type": "Point", "coordinates": [ 106.661764435020316, 41.27192355585332 ] } },
{ "type": "Feature", "properties": { "tang_id": 16921, "area_km2": 0.309676 }, "geometry": { "type": "Point", "coordinates": [ 106.671738224509113, 41.263851376552601 ] } },
{ "type": "Feature", "properties": { "tang_id": 16923, "area_km2": 0.705278 }, "geometry": { "type": "Point", "coordinates": [ 106.672502738143464, 41.289612995290412 ] } },
{ "type": "Feature", "properties": { "tang_id": 16927, "area_km2": 0.10142 }, "geometry": { "type": "Point", "coordinates": [ 106.686533382071232, 41.285558562966685 ] } },
{ "type": "Feature", "properties": { "tang_id": 16929, "area_km2": 0.488407 }, "geometry": { "type": "Point", "coordinates": [ 106.688652148349831, 41.278875099603667 ] } },
{ "type": "Feature", "properties": { "tang_id": 16932, "area_km2": 0.268103 }, "geometry": { "type": "Point", "coordinates": [ 106.735636706451572, 40.92847140050533 ] } },
{ "type": "Feature", "properties": { "tang_id": 16933, "area_km2": 0.38353 }, "geometry": { "type": "Point", "coordinates": [ 106.736903156746948, 40.937503975791103 ] } },
{ "type": "Feature", "properties": { "tang_id": 16941, "area_km2": 0.064973 }, "geometry": { "type": "Point", "coordinates": [ 106.796767787849106, 40.955105773933695 ] } },
{ "type": "Feature", "properties": { "tang_id": 16944, "area_km2": 0.591973 }, "geometry": { "type": "Point", "coordinates": [ 106.803019267838081, 40.969069986762747 ] } },
{ "type": "Feature", "properties": { "tang_id": 16947, "area_km2": 0.156416 }, "geometry": { "type": "Point", "coordinates": [ 106.817651479128685, 40.957332200815266 ] } },
{ "type": "Feature", "properties": { "tang_id": 16949, "area_km2": 12.854424 }, "geometry": { "type": "Point", "coordinates": [ 106.844845769436077, 40.954615735991801 ] } },
{ "type": "Feature", "properties": { "tang_id": 16951, "area_km2": 0.096688 }, "geometry": { "type": "Point", "coordinates": [ 106.829232935136261, 40.982249530036263 ] } },
{ "type": "Feature", "properties": { "tang_id": 16955, "area_km2": 0.126041 }, "geometry": { "type": "Point", "coordinates": [ 106.829002726292572, 40.976691166649019 ] } },
{ "type": "Feature", "properties": { "tang_id": 17561, "area_km2": 0.109003 }, "geometry": { "type": "Point", "coordinates": [ 107.098391330989585, 39.46291180826762 ] } },
{ "type": "Feature", "properties": { "tang_id": 17608, "area_km2": 0.071613 }, "geometry": { "type": "Point", "coordinates": [ 109.968694026522485, 39.198078176067014 ] } },
{ "type": "Feature", "properties": { "tang_id": 17618, "area_km2": 0.140914 }, "geometry": { "type": "Point", "coordinates": [ 109.246871112252833, 41.188503519632476 ] } },
{ "type": "Feature", "properties": { "tang_id": 17619, "area_km2": 0.067898 }, "geometry": { "type": "Point", "coordinates": [ 109.252551069738573, 41.188164889114596 ] } },
{ "type": "Feature", "properties": { "tang_id": 17620, "area_km2": 0.02402 }, "geometry": { "type": "Point", "coordinates": [ 109.258704364292839, 41.187348300105533 ] } },
{ "type": "Feature", "properties": { "tang_id": 17621, "area_km2": 0.078231 }, "geometry": { "type": "Point", "coordinates": [ 109.260364580413452, 41.184128076755684 ] } },
{ "type": "Feature", "properties": { "tang_id": 17622, "area_km2": 0.319709 }, "geometry": { "type": "Point", "coordinates": [ 109.27031575310383, 41.182086839144517 ] } },
{ "type": "Feature", "properties": { "tang_id": 17623, "area_km2": 1.356672 }, "geometry": { "type": "Point", "coordinates": [ 110.442276342387316, 40.631649247897407 ] } },
{ "type": "Feature", "properties": { "tang_id": 17627, "area_km2": 0.953698 }, "geometry": { "type": "Point", "coordinates": [ 110.467274733883144, 40.690890595021735 ] } },
{ "type": "Feature", "properties": { "tang_id": 17628, "area_km2": 0.288394 }, "geometry": { "type": "Point", "coordinates": [ 109.93356952196747, 40.978027890178915 ] } },
{ "type": "Feature", "properties": { "tang_id": 17629, "area_km2": 0.412603 }, "geometry": { "type": "Point", "coordinates": [ 109.863404390857283, 40.982903494865049 ] } },
{ "type": "Feature", "properties": { "tang_id": 17633, "area_km2": 0.815994 }, "geometry": { "type": "Point", "coordinates": [ 110.460533168246869, 40.636569449170516 ] } },
{ "type": "Feature", "properties": { "tang_id": 17634, "area_km2": 6.885327 }, "geometry": { "type": "Point", "coordinates": [ 110.397076358374818, 40.653012809255344 ] } },
{ "type": "Feature", "properties": { "tang_id": 17635, "area_km2": 0.0834 }, "geometry": { "type": "Point", "coordinates": [ 109.325336745928155, 41.191002651419176 ] } },
{ "type": "Feature", "properties": { "tang_id": 17637, "area_km2": 0.059347 }, "geometry": { "type": "Point", "coordinates": [ 109.979950721552882, 41.009257325226478 ] } },
{ "type": "Feature", "properties": { "tang_id": 17677, "area_km2": 0.465427 }, "geometry": { "type": "Point", "coordinates": [ 110.014150859326406, 40.962247701076514 ] } },
{ "type": "Feature", "properties": { "tang_id": 17679, "area_km2": 0.049052 }, "geometry": { "type": "Point", "coordinates": [ 110.013483756120166, 40.966437864112116 ] } },
{ "type": "Feature", "properties": { "tang_id": 17680, "area_km2": 0.072385 }, "geometry": { "type": "Point", "coordinates": [ 110.019209113095002, 40.966262293434262 ] } },
{ "type": "Feature", "properties": { "tang_id": 17681, "area_km2": 2.517069 }, "geometry": { "type": "Point", "coordinates": [ 109.962255085683125, 40.990966516417473 ] } },
{ "type": "Feature", "properties": { "tang_id": 17684, "area_km2": 0.303145 }, "geometry": { "type": "Point", "coordinates": [ 109.984874745461568, 41.002744718929691 ] } },
{ "type": "Feature", "properties": { "tang_id": 17686, "area_km2": 0.033833 }, "geometry": { "type": "Point", "coordinates": [ 109.356385805516751, 41.748760019048987 ] } },
{ "type": "Feature", "properties": { "tang_id": 17687, "area_km2": 0.024674 }, "geometry": { "type": "Point", "coordinates": [ 109.359272657636836, 41.748765837702408 ] } },
{ "type": "Feature", "properties": { "tang_id": 17701, "area_km2": 0.273452 }, "geometry": { "type": "Point", "coordinates": [ 109.370470205751033, 41.74598486805445 ] } },
{ "type": "Feature", "properties": { "tang_id": 17707, "area_km2": 0.122825 }, "geometry": { "type": "Point", "coordinates": [ 110.652363981910284, 41.172311578675163 ] } },
{ "type": "Feature", "properties": { "tang_id": 17732, "area_km2": 0.018134 }, "geometry": { "type": "Point", "coordinates": [ 109.992174199433009, 41.832766854158997 ] } },
{ "type": "Feature", "properties": { "tang_id": 17733, "area_km2": 1.969425 }, "geometry": { "type": "Point", "coordinates": [ 109.997849676729871, 41.840795844200315 ] } },
{ "type": "Feature", "properties": { "tang_id": 17751, "area_km2": 4.793534 }, "geometry": { "type": "Point", "coordinates": [ 106.545646050774138, 39.535654138525487 ] } },
{ "type": "Feature", "properties": { "tang_id": 17752, "area_km2": 56.592957 }, "geometry": { "type": "Point", "coordinates": [ 106.920676474400878, 39.317695077340765 ] } },
{ "type": "Feature", "properties": { "tang_id": 17753, "area_km2": 0.196037 }, "geometry": { "type": "Point", "coordinates": [ 108.524311319065731, 41.598784536779959 ] } },
{ "type": "Feature", "properties": { "tang_id": 19222, "area_km2": 0.056174 }, "geometry": { "type": "Point", "coordinates": [ 112.816140967471455, 42.474137385227372 ] } },
{ "type": "Feature", "properties": { "tang_id": 19223, "area_km2": 0.053072 }, "geometry": { "type": "Point", "coordinates": [ 112.818669131321585, 42.476258747982179 ] } },
{ "type": "Feature", "properties": { "tang_id": 19224, "area_km2": 0.005955 }, "geometry": { "type": "Point", "coordinates": [ 112.808513719158441, 42.477824283182713 ] } },
{ "type": "Feature", "properties": { "tang_id": 19226, "area_km2": 0.541451 }, "geometry": { "type": "Point", "coordinates": [ 112.967862876103553, 42.273803334880093 ] } },
{ "type": "Feature", "properties": { "tang_id": 19227, "area_km2": 0.279892 }, "geometry": { "type": "Point", "coordinates": [ 112.931069773324069, 42.296854010387854 ] } },
{ "type": "Feature", "properties": { "tang_id": 19228, "area_km2": 0.047131 }, "geometry": { "type": "Point", "coordinates": [ 112.921559444818485, 42.294048499577109 ] } },
{ "type": "Feature", "properties": { "tang_id": 19229, "area_km2": 0.128567 }, "geometry": { "type": "Point", "coordinates": [ 113.017824546560348, 42.313922158357876 ] } },
{ "type": "Feature", "properties": { "tang_id": 19230, "area_km2": 0.306138 }, "geometry": { "type": "Point", "coordinates": [ 113.01449546474548, 42.308109407300613 ] } },
{ "type": "Feature", "properties": { "tang_id": 19231, "area_km2": 0.030337 }, "geometry": { "type": "Point", "coordinates": [ 113.009381584120163, 42.304506412581901 ] } },
{ "type": "Feature", "properties": { "tang_id": 19232, "area_km2": 0.019445 }, "geometry": { "type": "Point", "coordinates": [ 113.004972991174853, 42.303141443691977 ] } },
{ "type": "Feature", "properties": { "tang_id": 19233, "area_km2": 0.067303 }, "geometry": { "type": "Point", "coordinates": [ 113.032964049164548, 42.33684696962073 ] } },
{ "type": "Feature", "properties": { "tang_id": 19234, "area_km2": 0.003597 }, "geometry": { "type": "Point", "coordinates": [ 113.028315500319891, 42.336155997341919 ] } },
{ "type": "Feature", "properties": { "tang_id": 19235, "area_km2": 0.105046 }, "geometry": { "type": "Point", "coordinates": [ 112.710948115359955, 42.282788512821462 ] } },
{ "type": "Feature", "properties": { "tang_id": 19236, "area_km2": 0.180658 }, "geometry": { "type": "Point", "coordinates": [ 112.710136491769447, 42.278683331550411 ] } },
{ "type": "Feature", "properties": { "tang_id": 19240, "area_km2": 0.060283 }, "geometry": { "type": "Point", "coordinates": [ 112.891898570970767, 42.400801434999018 ] } },
{ "type": "Feature", "properties": { "tang_id": 19241, "area_km2": 0.023635 }, "geometry": { "type": "Point", "coordinates": [ 112.935644354511069, 42.440043999861501 ] } },
{ "type": "Feature", "properties": { "tang_id": 19483, "area_km2": 0.032648 }, "geometry": { "type": "Point", "coordinates": [ 112.941695925178877, 43.287542279685411 ] } },
{ "type": "Feature", "properties": { "tang_id": 19484, "area_km2": 0.790219 }, "geometry": { "type": "Point", "coordinates": [ 112.934339586965507, 43.318151103037636 ] } },
{ "type": "Feature", "properties": { "tang_id": 19485, "area_km2": 0.200014 }, "geometry": { "type": "Point", "coordinates": [ 112.108864984707978, 43.44723544829619 ] } },
{ "type": "Feature", "properties": { "tang_id": 19486, "area_km2": 0.327621 }, "geometry": { "type": "Point", "coordinates": [ 112.115281653073737, 43.446491487454722 ] } },
{ "type": "Feature", "properties": { "tang_id": 19569, "area_km2": 0.083298 }, "geometry": { "type": "Point", "coordinates": [ 112.965261016989928, 43.285333716590408 ] } },
{ "type": "Feature", "properties": { "tang_id": 19590, "area_km2": 0.032506 }, "geometry": { "type": "Point", "coordinates": [ 113.245708921068172, 43.474872667605275 ] } },
{ "type": "Feature", "properties": { "tang_id": 19591, "area_km2": 0.001027 }, "geometry": { "type": "Point", "coordinates": [ 113.245075803978992, 43.476075019340676 ] } },
{ "type": "Feature", "properties": { "tang_id": 19593, "area_km2": 0.086302 }, "geometry": { "type": "Point", "coordinates": [ 113.242543437814973, 43.477083738390576 ] } },
{ "type": "Feature", "properties": { "tang_id": 19594, "area_km2": 0.017863 }, "geometry": { "type": "Point", "coordinates": [ 113.234215341976281, 43.475054974628414 ] } },
{ "type": "Feature", "properties": { "tang_id": 19595, "area_km2": 0.172517 }, "geometry": { "type": "Point", "coordinates": [ 113.235534132745329, 43.48478352825024 ] } },
{ "type": "Feature", "properties": { "tang_id": 19596, "area_km2": 0.036248 }, "geometry": { "type": "Point", "coordinates": [ 113.245405961274713, 43.483264480594762 ] } },
{ "type": "Feature", "properties": { "tang_id": 19597, "area_km2": 0.00314 }, "geometry": { "type": "Point", "coordinates": [ 113.237416390158828, 43.482281446319313 ] } },
{ "type": "Feature", "properties": { "tang_id": 19599, "area_km2": 0.112953 }, "geometry": { "type": "Point", "coordinates": [ 113.245968871389138, 43.478799841326406 ] } },
{ "type": "Feature", "properties": { "tang_id": 19600, "area_km2": 0.003355 }, "geometry": { "type": "Point", "coordinates": [ 113.249193251506185, 43.481941624988515 ] } },
{ "type": "Feature", "properties": { "tang_id": 19601, "area_km2": 0.002854 }, "geometry": { "type": "Point", "coordinates": [ 113.251584096795938, 43.481552082114042 ] } },
{ "type": "Feature", "properties": { "tang_id": 19603, "area_km2": 0.001992 }, "geometry": { "type": "Point", "coordinates": [ 113.248547810308253, 43.484079290271438 ] } },
{ "type": "Feature", "properties": { "tang_id": 19604, "area_km2": 0.001721 }, "geometry": { "type": "Point", "coordinates": [ 113.249747440969372, 43.484196505704872 ] } },
{ "type": "Feature", "properties": { "tang_id": 19606, "area_km2": 0.009539 }, "geometry": { "type": "Point", "coordinates": [ 113.257679096580958, 43.481991015770525 ] } },
{ "type": "Feature", "properties": { "tang_id": 19607, "area_km2": 0.015404 }, "geometry": { "type": "Point", "coordinates": [ 113.254939208232628, 43.479994213059356 ] } },
{ "type": "Feature", "properties": { "tang_id": 19610, "area_km2": 0.017745 }, "geometry": { "type": "Point", "coordinates": [ 113.262990715406403, 43.480475071269382 ] } },
{ "type": "Feature", "properties": { "tang_id": 19611, "area_km2": 0.001811 }, "geometry": { "type": "Point", "coordinates": [ 113.262580659441198, 43.478473924348648 ] } },
{ "type": "Feature", "properties": { "tang_id": 19612, "area_km2": 0.002548 }, "geometry": { "type": "Point", "coordinates": [ 113.260867334352724, 43.478616699393925 ] } },
{ "type": "Feature", "properties": { "tang_id": 19613, "area_km2": 0.023961 }, "geometry": { "type": "Point", "coordinates": [ 113.283831946298093, 43.477797531283699 ] } },
{ "type": "Feature", "properties": { "tang_id": 19614, "area_km2": 0.002915 }, "geometry": { "type": "Point", "coordinates": [ 113.286491169940234, 43.478882086459009 ] } },
{ "type": "Feature", "properties": { "tang_id": 19615, "area_km2": 0.019036 }, "geometry": { "type": "Point", "coordinates": [ 113.283676065384498, 43.475748460733243 ] } },
{ "type": "Feature", "properties": { "tang_id": 19616, "area_km2": 0.012108 }, "geometry": { "type": "Point", "coordinates": [ 113.284769481554207, 43.471679724024504 ] } },
{ "type": "Feature", "properties": { "tang_id": 19617, "area_km2": 0.562308 }, "geometry": { "type": "Point", "coordinates": [ 113.093748567066115, 43.38124664808074 ] } },
{ "type": "Feature", "properties": { "tang_id": 19618, "area_km2": 0.085421 }, "geometry": { "type": "Point", "coordinates": [ 113.10104970770854, 43.380023484431788 ] } },
{ "type": "Feature", "properties": { "tang_id": 19619, "area_km2": 0.41678 }, "geometry": { "type": "Point", "coordinates": [ 113.076495801684359, 43.377907786513376 ] } },
{ "type": "Feature", "properties": { "tang_id": 19620, "area_km2": 1.285286 }, "geometry": { "type": "Point", "coordinates": [ 113.110424917642973, 43.30886305516804 ] } },
{ "type": "Feature", "properties": { "tang_id": 19621, "area_km2": 1.361759 }, "geometry": { "type": "Point", "coordinates": [ 113.133252334296529, 43.315153382814906 ] } },
{ "type": "Feature", "properties": { "tang_id": 19622, "area_km2": 0.481914 }, "geometry": { "type": "Point", "coordinates": [ 112.864956272315823, 43.211930661263736 ] } },
{ "type": "Feature", "properties": { "tang_id": 19623, "area_km2": 0.006167 }, "geometry": { "type": "Point", "coordinates": [ 113.696317556458652, 43.512978036859721 ] } },
{ "type": "Feature", "properties": { "tang_id": 19624, "area_km2": 2.408136 }, "geometry": { "type": "Point", "coordinates": [ 113.668259552173652, 43.5166810034438 ] } },
{ "type": "Feature", "properties": { "tang_id": 19625, "area_km2": 0.028771 }, "geometry": { "type": "Point", "coordinates": [ 113.686836399000157, 43.510243279747868 ] } },
{ "type": "Feature", "properties": { "tang_id": 19626, "area_km2": 0.001737 }, "geometry": { "type": "Point", "coordinates": [ 113.686286970882662, 43.511553698254872 ] } },
{ "type": "Feature", "properties": { "tang_id": 19627, "area_km2": 0.011465 }, "geometry": { "type": "Point", "coordinates": [ 113.68530390247534, 43.512865951117867 ] } },
{ "type": "Feature", "properties": { "tang_id": 19628, "area_km2": 0.038512 }, "geometry": { "type": "Point", "coordinates": [ 113.690297263050198, 43.513236837981921 ] } },
{ "type": "Feature", "properties": { "tang_id": 19629, "area_km2": 0.011856 }, "geometry": { "type": "Point", "coordinates": [ 113.694957124586693, 43.514225037691787 ] } },
{ "type": "Feature", "properties": { "tang_id": 19630, "area_km2": 0.010827 }, "geometry": { "type": "Point", "coordinates": [ 113.693742081644487, 43.514824230546523 ] } },
{ "type": "Feature", "properties": { "tang_id": 19631, "area_km2": 0.001526 }, "geometry": { "type": "Point", "coordinates": [ 113.692769331603159, 43.514596000560928 ] } },
{ "type": "Feature", "properties": { "tang_id": 19633, "area_km2": 0.003169 }, "geometry": { "type": "Point", "coordinates": [ 113.69327999188954, 43.513775427606866 ] } },
{ "type": "Feature", "properties": { "tang_id": 19634, "area_km2": 0.001741 }, "geometry": { "type": "Point", "coordinates": [ 113.692293065949073, 43.514276239882733 ] } },
{ "type": "Feature", "properties": { "tang_id": 19635, "area_km2": 0.536542 }, "geometry": { "type": "Point", "coordinates": [ 113.640846179597872, 43.518176280636212 ] } },
{ "type": "Feature", "properties": { "tang_id": 19636, "area_km2": 0.083741 }, "geometry": { "type": "Point", "coordinates": [ 113.64474215160547, 43.514192988155536 ] } },
{ "type": "Feature", "properties": { "tang_id": 19637, "area_km2": 0.010868 }, "geometry": { "type": "Point", "coordinates": [ 113.636403125406673, 43.512644352459397 ] } },
{ "type": "Feature", "properties": { "tang_id": 19638, "area_km2": 0.116742 }, "geometry": { "type": "Point", "coordinates": [ 113.798353436231551, 43.507291390388687 ] } },
{ "type": "Feature", "properties": { "tang_id": 19639, "area_km2": 0.03871 }, "geometry": { "type": "Point", "coordinates": [ 113.798686524039695, 43.504491474058817 ] } },
{ "type": "Feature", "properties": { "tang_id": 19640, "area_km2": 0.011658 }, "geometry": { "type": "Point", "coordinates": [ 113.804183274998778, 43.503252880889256 ] } },
{ "type": "Feature", "properties": { "tang_id": 19641, "area_km2": 0.076152 }, "geometry": { "type": "Point", "coordinates": [ 113.808894942532092, 43.502937610124278 ] } },
{ "type": "Feature", "properties": { "tang_id": 19642, "area_km2": 0.016549 }, "geometry": { "type": "Point", "coordinates": [ 113.816664205993121, 43.508657571893821 ] } },
{ "type": "Feature", "properties": { "tang_id": 19643, "area_km2": 0.041416 }, "geometry": { "type": "Point", "coordinates": [ 113.803302496686428, 43.513150775816086 ] } },
{ "type": "Feature", "properties": { "tang_id": 19644, "area_km2": 0.11341 }, "geometry": { "type": "Point", "coordinates": [ 113.821175436394142, 43.524933899676761 ] } },
{ "type": "Feature", "properties": { "tang_id": 19645, "area_km2": 0.005979 }, "geometry": { "type": "Point", "coordinates": [ 113.814213212136934, 43.523534945030569 ] } },
{ "type": "Feature", "properties": { "tang_id": 19646, "area_km2": 0.045395 }, "geometry": { "type": "Point", "coordinates": [ 113.80893481007945, 43.531932806341061 ] } },
{ "type": "Feature", "properties": { "tang_id": 19647, "area_km2": 0.003517 }, "geometry": { "type": "Point", "coordinates": [ 113.808590093300765, 43.537263871906696 ] } },
{ "type": "Feature", "properties": { "tang_id": 19649, "area_km2": 0.002421 }, "geometry": { "type": "Point", "coordinates": [ 113.805720056377154, 43.536605017008931 ] } },
{ "type": "Feature", "properties": { "tang_id": 19650, "area_km2": 0.008413 }, "geometry": { "type": "Point", "coordinates": [ 113.797614337841324, 43.547430219544786 ] } },
{ "type": "Feature", "properties": { "tang_id": 19651, "area_km2": 0.005356 }, "geometry": { "type": "Point", "coordinates": [ 113.830242525344957, 43.536397660488547 ] } },
{ "type": "Feature", "properties": { "tang_id": 19652, "area_km2": 0.001012 }, "geometry": { "type": "Point", "coordinates": [ 113.826249973025867, 43.540538678496382 ] } },
{ "type": "Feature", "properties": { "tang_id": 19653, "area_km2": 0.021156 }, "geometry": { "type": "Point", "coordinates": [ 113.747667792839124, 43.522994561710377 ] } },
{ "type": "Feature", "properties": { "tang_id": 19654, "area_km2": 0.033377 }, "geometry": { "type": "Point", "coordinates": [ 113.85952028259662, 43.550711608553279 ] } },
{ "type": "Feature", "properties": { "tang_id": 19655, "area_km2": 0.007712 }, "geometry": { "type": "Point", "coordinates": [ 113.859679544019258, 43.554583213525639 ] } },
{ "type": "Feature", "properties": { "tang_id": 19656, "area_km2": 0.093666 }, "geometry": { "type": "Point", "coordinates": [ 113.925192640106445, 43.560041342947812 ] } },
{ "type": "Feature", "properties": { "tang_id": 19657, "area_km2": 0.019547 }, "geometry": { "type": "Point", "coordinates": [ 113.928531611204392, 43.555893324340325 ] } },
{ "type": "Feature", "properties": { "tang_id": 19658, "area_km2": 0.020569 }, "geometry": { "type": "Point", "coordinates": [ 113.919539967886394, 43.555146617101165 ] } },
{ "type": "Feature", "properties": { "tang_id": 19659, "area_km2": 0.013488 }, "geometry": { "type": "Point", "coordinates": [ 113.916123186286228, 43.552354088093495 ] } },
{ "type": "Feature", "properties": { "tang_id": 19660, "area_km2": 0.052109 }, "geometry": { "type": "Point", "coordinates": [ 113.905274958347476, 43.557888600692557 ] } },
{ "type": "Feature", "properties": { "tang_id": 19661, "area_km2": 0.045895 }, "geometry": { "type": "Point", "coordinates": [ 113.907048645688576, 43.56289665487953 ] } },
{ "type": "Feature", "properties": { "tang_id": 19663, "area_km2": 0.010463 }, "geometry": { "type": "Point", "coordinates": [ 113.918884278155247, 43.569414182856029 ] } },
{ "type": "Feature", "properties": { "tang_id": 19665, "area_km2": 0.079373 }, "geometry": { "type": "Point", "coordinates": [ 113.93688347981778, 43.545580309234005 ] } },
{ "type": "Feature", "properties": { "tang_id": 19666, "area_km2": 0.001048 }, "geometry": { "type": "Point", "coordinates": [ 113.939474741215804, 43.545509647182961 ] } },
{ "type": "Feature", "properties": { "tang_id": 19668, "area_km2": 0.009833 }, "geometry": { "type": "Point", "coordinates": [ 113.92812828357259, 43.546504583415462 ] } },
{ "type": "Feature", "properties": { "tang_id": 19669, "area_km2": 0.001258 }, "geometry": { "type": "Point", "coordinates": [ 113.926787202420215, 43.547669727597011 ] } },
{ "type": "Feature", "properties": { "tang_id": 19670, "area_km2": 0.014991 }, "geometry": { "type": "Point", "coordinates": [ 113.924899027014831, 43.540016344775189 ] } },
{ "type": "Feature", "properties": { "tang_id": 19671, "area_km2": 0.46159 }, "geometry": { "type": "Point", "coordinates": [ 114.061886831150247, 43.537901560456447 ] } },
{ "type": "Feature", "properties": { "tang_id": 19672, "area_km2": 0.006638 }, "geometry": { "type": "Point", "coordinates": [ 114.06921913471426, 43.53366545331977 ] } },
{ "type": "Feature", "properties": { "tang_id": 19673, "area_km2": 0.025882 }, "geometry": { "type": "Point", "coordinates": [ 114.070274488757946, 43.531662325010267 ] } },
{ "type": "Feature", "properties": { "tang_id": 19675, "area_km2": 0.001827 }, "geometry": { "type": "Point", "coordinates": [ 114.068332874024904, 43.533041240958745 ] } },
{ "type": "Feature", "properties": { "tang_id": 19676, "area_km2": 0.035389 }, "geometry": { "type": "Point", "coordinates": [ 114.080002806167528, 43.535091162814581 ] } },
{ "type": "Feature", "properties": { "tang_id": 19677, "area_km2": 0.030181 }, "geometry": { "type": "Point", "coordinates": [ 114.062169015893829, 43.532117196972955 ] } },
{ "type": "Feature", "properties": { "tang_id": 19678, "area_km2": 0.017348 }, "geometry": { "type": "Point", "coordinates": [ 114.057988559264828, 43.531036375005328 ] } },
{ "type": "Feature", "properties": { "tang_id": 19679, "area_km2": 0.055621 }, "geometry": { "type": "Point", "coordinates": [ 114.054586284011251, 43.523032805714905 ] } },
{ "type": "Feature", "properties": { "tang_id": 19680, "area_km2": 0.01987 }, "geometry": { "type": "Point", "coordinates": [ 114.050714754967487, 43.521934258685924 ] } },
{ "type": "Feature", "properties": { "tang_id": 19681, "area_km2": 0.546182 }, "geometry": { "type": "Point", "coordinates": [ 114.038837313228726, 43.544859482781533 ] } },
{ "type": "Feature", "properties": { "tang_id": 19682, "area_km2": 0.030407 }, "geometry": { "type": "Point", "coordinates": [ 114.027329128209814, 43.534710375463014 ] } },
{ "type": "Feature", "properties": { "tang_id": 19683, "area_km2": 0.013329 }, "geometry": { "type": "Point", "coordinates": [ 114.02676489706964, 43.539784345129924 ] } },
{ "type": "Feature", "properties": { "tang_id": 19684, "area_km2": 0.059368 }, "geometry": { "type": "Point", "coordinates": [ 114.027005957718316, 43.549570186730129 ] } },
{ "type": "Feature", "properties": { "tang_id": 19685, "area_km2": 0.019993 }, "geometry": { "type": "Point", "coordinates": [ 114.019903977439796, 43.546989591064104 ] } },
{ "type": "Feature", "properties": { "tang_id": 19686, "area_km2": 0.034616 }, "geometry": { "type": "Point", "coordinates": [ 114.016533175451514, 43.549553249181685 ] } },
{ "type": "Feature", "properties": { "tang_id": 19687, "area_km2": 0.068252 }, "geometry": { "type": "Point", "coordinates": [ 114.012976620754912, 43.548104479749028 ] } },
{ "type": "Feature", "properties": { "tang_id": 19688, "area_km2": 0.050478 }, "geometry": { "type": "Point", "coordinates": [ 114.119304657129831, 43.544985631164693 ] } },
{ "type": "Feature", "properties": { "tang_id": 19689, "area_km2": 0.005629 }, "geometry": { "type": "Point", "coordinates": [ 114.117151895697816, 43.542985906199775 ] } },
{ "type": "Feature", "properties": { "tang_id": 19690, "area_km2": 0.003543 }, "geometry": { "type": "Point", "coordinates": [ 114.119039628706233, 43.54332830549145 ] } },
{ "type": "Feature", "properties": { "tang_id": 19691, "area_km2": 0.038207 }, "geometry": { "type": "Point", "coordinates": [ 114.114485408682995, 43.544368688247971 ] } },
{ "type": "Feature", "properties": { "tang_id": 19692, "area_km2": 0.002089 }, "geometry": { "type": "Point", "coordinates": [ 114.113650500306306, 43.545197475812756 ] } },
{ "type": "Feature", "properties": { "tang_id": 19693, "area_km2": 0.005902 }, "geometry": { "type": "Point", "coordinates": [ 114.124486049765565, 43.54576592540014 ] } },
{ "type": "Feature", "properties": { "tang_id": 19695, "area_km2": 0.014234 }, "geometry": { "type": "Point", "coordinates": [ 114.130394564365204, 43.543747403961994 ] } },
{ "type": "Feature", "properties": { "tang_id": 19696, "area_km2": 0.015876 }, "geometry": { "type": "Point", "coordinates": [ 114.130118330366756, 43.542721842685232 ] } },
{ "type": "Feature", "properties": { "tang_id": 19697, "area_km2": 0.003426 }, "geometry": { "type": "Point", "coordinates": [ 114.12523649009826, 43.55089917078778 ] } },
{ "type": "Feature", "properties": { "tang_id": 19698, "area_km2": 0.003717 }, "geometry": { "type": "Point", "coordinates": [ 114.125608125818403, 43.551499127392326 ] } },
{ "type": "Feature", "properties": { "tang_id": 19699, "area_km2": 0.007945 }, "geometry": { "type": "Point", "coordinates": [ 114.05000825862848, 43.495606697860083 ] } },
{ "type": "Feature", "properties": { "tang_id": 19700, "area_km2": 0.010504 }, "geometry": { "type": "Point", "coordinates": [ 114.051157344588802, 43.489038494353714 ] } },
{ "type": "Feature", "properties": { "tang_id": 19701, "area_km2": 0.002966 }, "geometry": { "type": "Point", "coordinates": [ 114.050853645031324, 43.489841297829287 ] } },
{ "type": "Feature", "properties": { "tang_id": 19702, "area_km2": 0.001569 }, "geometry": { "type": "Point", "coordinates": [ 114.051475094198423, 43.488143398000119 ] } },
{ "type": "Feature", "properties": { "tang_id": 19703, "area_km2": 0.022879 }, "geometry": { "type": "Point", "coordinates": [ 114.033881863036513, 43.480189548425201 ] } },
{ "type": "Feature", "properties": { "tang_id": 19704, "area_km2": 0.021421 }, "geometry": { "type": "Point", "coordinates": [ 114.025828181070182, 43.476563653753423 ] } },
{ "type": "Feature", "properties": { "tang_id": 19705, "area_km2": 0.02656 }, "geometry": { "type": "Point", "coordinates": [ 114.016121939392789, 43.39803020593655 ] } },
{ "type": "Feature", "properties": { "tang_id": 19706, "area_km2": 0.050906 }, "geometry": { "type": "Point", "coordinates": [ 114.013961196626383, 43.401211126056246 ] } },
{ "type": "Feature", "properties": { "tang_id": 19707, "area_km2": 0.033181 }, "geometry": { "type": "Point", "coordinates": [ 114.008965046806154, 43.393774570636509 ] } },
{ "type": "Feature", "properties": { "tang_id": 19708, "area_km2": 0.02863 }, "geometry": { "type": "Point", "coordinates": [ 114.005419275854422, 43.397972381858004 ] } },
{ "type": "Feature", "properties": { "tang_id": 19709, "area_km2": 0.013645 }, "geometry": { "type": "Point", "coordinates": [ 114.041504163924202, 43.373318583697952 ] } },
{ "type": "Feature", "properties": { "tang_id": 19710, "area_km2": 0.028824 }, "geometry": { "type": "Point", "coordinates": [ 114.040966246365343, 43.371554177705221 ] } },
{ "type": "Feature", "properties": { "tang_id": 21488, "area_km2": 0.023874 }, "geometry": { "type": "Point", "coordinates": [ 113.639762978540716, 43.812623221019599 ] } },
{ "type": "Feature", "properties": { "tang_id": 21489, "area_km2": 0.001155 }, "geometry": { "type": "Point", "coordinates": [ 113.640423923743271, 43.813316777740432 ] } },
{ "type": "Feature", "properties": { "tang_id": 21490, "area_km2": 0.002002 }, "geometry": { "type": "Point", "coordinates": [ 113.640115941037024, 43.813917642408583 ] } },
{ "type": "Feature", "properties": { "tang_id": 21491, "area_km2": 0.085316 }, "geometry": { "type": "Point", "coordinates": [ 113.623938158189887, 43.82153405295977 ] } },
{ "type": "Feature", "properties": { "tang_id": 21492, "area_km2": 0.001752 }, "geometry": { "type": "Point", "coordinates": [ 113.626290743255666, 43.821561155485171 ] } },
{ "type": "Feature", "properties": { "tang_id": 21493, "area_km2": 0.011251 }, "geometry": { "type": "Point", "coordinates": [ 113.630910832942959, 43.822667909873402 ] } },
{ "type": "Feature", "properties": { "tang_id": 21494, "area_km2": 0.008874 }, "geometry": { "type": "Point", "coordinates": [ 113.626413574265243, 43.823120347409933 ] } },
{ "type": "Feature", "properties": { "tang_id": 21495, "area_km2": 0.162944 }, "geometry": { "type": "Point", "coordinates": [ 113.620241521739828, 43.831197801047487 ] } },
{ "type": "Feature", "properties": { "tang_id": 21496, "area_km2": 0.162414 }, "geometry": { "type": "Point", "coordinates": [ 113.526680842492297, 43.892596153106737 ] } },
{ "type": "Feature", "properties": { "tang_id": 21497, "area_km2": 6.57148 }, "geometry": { "type": "Point", "coordinates": [ 113.313924059480058, 44.000003591907223 ] } },
{ "type": "Feature", "properties": { "tang_id": 21498, "area_km2": 0.270842 }, "geometry": { "type": "Point", "coordinates": [ 113.286354248904686, 44.000269721162461 ] } },
{ "type": "Feature", "properties": { "tang_id": 21499, "area_km2": 8.698678 }, "geometry": { "type": "Point", "coordinates": [ 113.226846956111274, 44.038130048614534 ] } },
{ "type": "Feature", "properties": { "tang_id": 21500, "area_km2": 2.221273 }, "geometry": { "type": "Point", "coordinates": [ 113.185294332047079, 44.032189026872473 ] } },
{ "type": "Feature", "properties": { "tang_id": 21501, "area_km2": 0.213191 }, "geometry": { "type": "Point", "coordinates": [ 113.230499620843915, 44.05411878091423 ] } },
{ "type": "Feature", "properties": { "tang_id": 21502, "area_km2": 1.887501 }, "geometry": { "type": "Point", "coordinates": [ 111.99759394837271, 43.648855882615052 ] } },
{ "type": "Feature", "properties": { "tang_id": 21503, "area_km2": 0.180772 }, "geometry": { "type": "Point", "coordinates": [ 112.020393812982348, 43.642160830241792 ] } },
{ "type": "Feature", "properties": { "tang_id": 21504, "area_km2": 0.161106 }, "geometry": { "type": "Point", "coordinates": [ 112.011383806372422, 43.636319345052414 ] } },
{ "type": "Feature", "properties": { "tang_id": 21505, "area_km2": 0.093334 }, "geometry": { "type": "Point", "coordinates": [ 112.011745220174859, 43.63199847724875 ] } },
{ "type": "Feature", "properties": { "tang_id": 21506, "area_km2": 0.038427 }, "geometry": { "type": "Point", "coordinates": [ 112.028933711994355, 43.631291988550558 ] } },
{ "type": "Feature", "properties": { "tang_id": 21507, "area_km2": 0.505554 }, "geometry": { "type": "Point", "coordinates": [ 111.961083867152169, 43.573084162288048 ] } },
{ "type": "Feature", "properties": { "tang_id": 21508, "area_km2": 0.197234 }, "geometry": { "type": "Point", "coordinates": [ 111.963743373349701, 43.583047422749004 ] } },
{ "type": "Feature", "properties": { "tang_id": 21509, "area_km2": 0.33213 }, "geometry": { "type": "Point", "coordinates": [ 112.029248859967907, 43.56108557931217 ] } },
{ "type": "Feature", "properties": { "tang_id": 21510, "area_km2": 0.271366 }, "geometry": { "type": "Point", "coordinates": [ 112.037319743854255, 43.556625581997181 ] } },
{ "type": "Feature", "properties": { "tang_id": 21511, "area_km2": 2.488669 }, "geometry": { "type": "Point", "coordinates": [ 112.001009765105053, 43.685925391554512 ] } },
{ "type": "Feature", "properties": { "tang_id": 21512, "area_km2": 0.227151 }, "geometry": { "type": "Point", "coordinates": [ 111.997482584900524, 43.678870811413823 ] } },
{ "type": "Feature", "properties": { "tang_id": 21513, "area_km2": 0.502919 }, "geometry": { "type": "Point", "coordinates": [ 112.020754898268521, 43.658461624588369 ] } },
{ "type": "Feature", "properties": { "tang_id": 21514, "area_km2": 1.015411 }, "geometry": { "type": "Point", "coordinates": [ 112.009926990587488, 43.655403761049158 ] } },
{ "type": "Feature", "properties": { "tang_id": 21515, "area_km2": 0.252541 }, "geometry": { "type": "Point", "coordinates": [ 112.079831983659332, 43.7670035445122 ] } },
{ "type": "Feature", "properties": { "tang_id": 21516, "area_km2": 0.064044 }, "geometry": { "type": "Point", "coordinates": [ 112.07684631333457, 43.774447489143355 ] } },
{ "type": "Feature", "properties": { "tang_id": 21517, "area_km2": 0.012024 }, "geometry": { "type": "Point", "coordinates": [ 112.085463146922933, 43.774761259162396 ] } },
{ "type": "Feature", "properties": { "tang_id": 21518, "area_km2": 0.401205 }, "geometry": { "type": "Point", "coordinates": [ 112.051122270433396, 43.782072539538085 ] } },
{ "type": "Feature", "properties": { "tang_id": 21519, "area_km2": 0.021667 }, "geometry": { "type": "Point", "coordinates": [ 112.044543648406034, 43.780227334455176 ] } },
{ "type": "Feature", "properties": { "tang_id": 21520, "area_km2": 0.100387 }, "geometry": { "type": "Point", "coordinates": [ 112.055365078756807, 43.799308451226409 ] } },
{ "type": "Feature", "properties": { "tang_id": 21521, "area_km2": 0.034697 }, "geometry": { "type": "Point", "coordinates": [ 112.09687407054075, 43.79179436837785 ] } },
{ "type": "Feature", "properties": { "tang_id": 21522, "area_km2": 0.018797 }, "geometry": { "type": "Point", "coordinates": [ 112.093795983959609, 43.791680617688442 ] } },
{ "type": "Feature", "properties": { "tang_id": 21523, "area_km2": 0.439366 }, "geometry": { "type": "Point", "coordinates": [ 112.096556466523367, 43.796403926591921 ] } },
{ "type": "Feature", "properties": { "tang_id": 21524, "area_km2": 0.047558 }, "geometry": { "type": "Point", "coordinates": [ 112.091219407393183, 43.803239372558913 ] } },
{ "type": "Feature", "properties": { "tang_id": 21526, "area_km2": 7.554839 }, "geometry": { "type": "Point", "coordinates": [ 112.038636440788338, 43.737810735564629 ] } },
{ "type": "Feature", "properties": { "tang_id": 21527, "area_km2": 0.109249 }, "geometry": { "type": "Point", "coordinates": [ 112.049343921312669, 43.760218323149097 ] } },
{ "type": "Feature", "properties": { "tang_id": 21528, "area_km2": 0.031531 }, "geometry": { "type": "Point", "coordinates": [ 112.03694957858869, 43.761712134699316 ] } },
{ "type": "Feature", "properties": { "tang_id": 21529, "area_km2": 0.083325 }, "geometry": { "type": "Point", "coordinates": [ 112.039468739153051, 43.770164220556964 ] } },
{ "type": "Feature", "properties": { "tang_id": 21530, "area_km2": 0.660211 }, "geometry": { "type": "Point", "coordinates": [ 112.162975549420054, 43.953358351597927 ] } },
{ "type": "Feature", "properties": { "tang_id": 21531, "area_km2": 0.003378 }, "geometry": { "type": "Point", "coordinates": [ 112.155292077787877, 43.951667764520778 ] } },
{ "type": "Feature", "properties": { "tang_id": 21620, "area_km2": 0.142094 }, "geometry": { "type": "Point", "coordinates": [ 118.358949639660466, 42.111370718585057 ] } },
{ "type": "Feature", "properties": { "tang_id": 21621, "area_km2": 0.131763 }, "geometry": { "type": "Point", "coordinates": [ 118.359993717032708, 42.101603228258078 ] } },
{ "type": "Feature", "properties": { "tang_id": 21622, "area_km2": 0.037243 }, "geometry": { "type": "Point", "coordinates": [ 118.356997403980799, 42.123983847178209 ] } },
{ "type": "Feature", "properties": { "tang_id": 21631, "area_km2": 0.140098 }, "geometry": { "type": "Point", "coordinates": [ 118.389755863786576, 42.024558382364205 ] } },
{ "type": "Feature", "properties": { "tang_id": 21632, "area_km2": 0.1151 }, "geometry": { "type": "Point", "coordinates": [ 118.386334400197867, 42.022475073486142 ] } },
{ "type": "Feature", "properties": { "tang_id": 21633, "area_km2": 0.15781 }, "geometry": { "type": "Point", "coordinates": [ 118.389000769976548, 42.031140531759711 ] } },
{ "type": "Feature", "properties": { "tang_id": 21634, "area_km2": 0.044196 }, "geometry": { "type": "Point", "coordinates": [ 118.421984418128432, 42.013894747026718 ] } },
{ "type": "Feature", "properties": { "tang_id": 21635, "area_km2": 0.070199 }, "geometry": { "type": "Point", "coordinates": [ 118.419333248906796, 42.016266034708252 ] } },
{ "type": "Feature", "properties": { "tang_id": 21686, "area_km2": 0.061512 }, "geometry": { "type": "Point", "coordinates": [ 118.809304487305866, 42.1480741310938 ] } },
{ "type": "Feature", "properties": { "tang_id": 21687, "area_km2": 0.030112 }, "geometry": { "type": "Point", "coordinates": [ 118.80351110683155, 42.150496407561128 ] } },
{ "type": "Feature", "properties": { "tang_id": 21689, "area_km2": 0.051768 }, "geometry": { "type": "Point", "coordinates": [ 118.643143317152436, 42.215632707537445 ] } },
{ "type": "Feature", "properties": { "tang_id": 21690, "area_km2": 0.015525 }, "geometry": { "type": "Point", "coordinates": [ 118.642712049177163, 42.213626960381504 ] } },
{ "type": "Feature", "properties": { "tang_id": 21741, "area_km2": 0.15064 }, "geometry": { "type": "Point", "coordinates": [ 118.522601398444536, 42.444877332557745 ] } },
{ "type": "Feature", "properties": { "tang_id": 21742, "area_km2": 0.042151 }, "geometry": { "type": "Point", "coordinates": [ 118.51430558558485, 42.447123692779556 ] } },
{ "type": "Feature", "properties": { "tang_id": 21743, "area_km2": 0.134455 }, "geometry": { "type": "Point", "coordinates": [ 118.514369768490312, 42.441496295682832 ] } },
{ "type": "Feature", "properties": { "tang_id": 21744, "area_km2": 0.172364 }, "geometry": { "type": "Point", "coordinates": [ 118.507258803455827, 42.43811233833479 ] } },
{ "type": "Feature", "properties": { "tang_id": 21745, "area_km2": 0.120625 }, "geometry": { "type": "Point", "coordinates": [ 118.515445362208339, 42.436703418065235 ] } },
{ "type": "Feature", "properties": { "tang_id": 21746, "area_km2": 0.391158 }, "geometry": { "type": "Point", "coordinates": [ 118.512803607751607, 42.416341991767162 ] } },
{ "type": "Feature", "properties": { "tang_id": 21763, "area_km2": 0.122413 }, "geometry": { "type": "Point", "coordinates": [ 118.561851182786526, 42.442852216403772 ] } },
{ "type": "Feature", "properties": { "tang_id": 21764, "area_km2": 0.002516 }, "geometry": { "type": "Point", "coordinates": [ 118.562579084993374, 42.440293938824134 ] } },
{ "type": "Feature", "properties": { "tang_id": 21765, "area_km2": 0.007068 }, "geometry": { "type": "Point", "coordinates": [ 118.56344078301133, 42.440985990449327 ] } },
{ "type": "Feature", "properties": { "tang_id": 21773, "area_km2": 0.014917 }, "geometry": { "type": "Point", "coordinates": [ 117.530329065944898, 43.258618240588426 ] } },
{ "type": "Feature", "properties": { "tang_id": 21774, "area_km2": 0.145014 }, "geometry": { "type": "Point", "coordinates": [ 119.182371815932228, 42.265335917461435 ] } },
{ "type": "Feature", "properties": { "tang_id": 21775, "area_km2": 0.213098 }, "geometry": { "type": "Point", "coordinates": [ 119.177529773914159, 42.269799145492684 ] } },
{ "type": "Feature", "properties": { "tang_id": 21776, "area_km2": 0.422825 }, "geometry": { "type": "Point", "coordinates": [ 119.163123902951, 42.31492956481982 ] } },
{ "type": "Feature", "properties": { "tang_id": 21777, "area_km2": 0.161623 }, "geometry": { "type": "Point", "coordinates": [ 119.163248725047112, 42.306961220275269 ] } },
{ "type": "Feature", "properties": { "tang_id": 21778, "area_km2": 0.138088 }, "geometry": { "type": "Point", "coordinates": [ 119.193868628343409, 42.309054738472966 ] } },
{ "type": "Feature", "properties": { "tang_id": 21779, "area_km2": 0.082868 }, "geometry": { "type": "Point", "coordinates": [ 119.193999330289074, 42.312391916489531 ] } },
{ "type": "Feature", "properties": { "tang_id": 21780, "area_km2": 0.244059 }, "geometry": { "type": "Point", "coordinates": [ 119.187040632057446, 42.296542273448331 ] } },
{ "type": "Feature", "properties": { "tang_id": 21781, "area_km2": 0.062307 }, "geometry": { "type": "Point", "coordinates": [ 119.183697241129096, 42.290978998782663 ] } },
{ "type": "Feature", "properties": { "tang_id": 21817, "area_km2": 0.111463 }, "geometry": { "type": "Point", "coordinates": [ 115.962396996848881, 44.071343858179283 ] } },
{ "type": "Feature", "properties": { "tang_id": 21818, "area_km2": 0.064883 }, "geometry": { "type": "Point", "coordinates": [ 119.169075699970492, 42.270943654513303 ] } },
{ "type": "Feature", "properties": { "tang_id": 21819, "area_km2": 0.142492 }, "geometry": { "type": "Point", "coordinates": [ 119.16648077341479, 42.274305415702813 ] } },
{ "type": "Feature", "properties": { "tang_id": 21820, "area_km2": 0.092266 }, "geometry": { "type": "Point", "coordinates": [ 119.157414742877194, 42.272264898770977 ] } },
{ "type": "Feature", "properties": { "tang_id": 21821, "area_km2": 0.962248 }, "geometry": { "type": "Point", "coordinates": [ 116.168291819108873, 44.057358012758435 ] } },
{ "type": "Feature", "properties": { "tang_id": 21822, "area_km2": 0.005601 }, "geometry": { "type": "Point", "coordinates": [ 116.170430955299139, 44.06211948549317 ] } },
{ "type": "Feature", "properties": { "tang_id": 21823, "area_km2": 0.007649 }, "geometry": { "type": "Point", "coordinates": [ 116.168818029177828, 44.061942790011535 ] } },
{ "type": "Feature", "properties": { "tang_id": 21824, "area_km2": 7.2367 }, "geometry": { "type": "Point", "coordinates": [ 116.207318247989932, 44.055293775328551 ] } },
{ "type": "Feature", "properties": { "tang_id": 21825, "area_km2": 0.427874 }, "geometry": { "type": "Point", "coordinates": [ 116.186059089968893, 44.04103936660858 ] } },
{ "type": "Feature", "properties": { "tang_id": 21826, "area_km2": 0.089728 }, "geometry": { "type": "Point", "coordinates": [ 116.17978338125836, 44.028059896373108 ] } },
{ "type": "Feature", "properties": { "tang_id": 21827, "area_km2": 0.034944 }, "geometry": { "type": "Point", "coordinates": [ 116.163575471612234, 44.024673143722147 ] } },
{ "type": "Feature", "properties": { "tang_id": 21828, "area_km2": 0.072283 }, "geometry": { "type": "Point", "coordinates": [ 116.175995779603028, 44.040069914525432 ] } },
{ "type": "Feature", "properties": { "tang_id": 21829, "area_km2": 0.029181 }, "geometry": { "type": "Point", "coordinates": [ 116.180030607382378, 44.051261899380158 ] } },
{ "type": "Feature", "properties": { "tang_id": 21830, "area_km2": 0.073118 }, "geometry": { "type": "Point", "coordinates": [ 116.236679352403797, 44.003442915456816 ] } },
{ "type": "Feature", "properties": { "tang_id": 21831, "area_km2": 0.005524 }, "geometry": { "type": "Point", "coordinates": [ 116.230215337850865, 44.006370332383852 ] } },
{ "type": "Feature", "properties": { "tang_id": 21832, "area_km2": 0.005132 }, "geometry": { "type": "Point", "coordinates": [ 116.231837489136041, 44.003083928950232 ] } },
{ "type": "Feature", "properties": { "tang_id": 21833, "area_km2": 0.016082 }, "geometry": { "type": "Point", "coordinates": [ 116.2064750083387, 44.000932194815384 ] } },
{ "type": "Feature", "properties": { "tang_id": 21834, "area_km2": 0.038168 }, "geometry": { "type": "Point", "coordinates": [ 116.196792190270543, 44.011446757343442 ] } },
{ "type": "Feature", "properties": { "tang_id": 21835, "area_km2": 0.055018 }, "geometry": { "type": "Point", "coordinates": [ 116.148478233609467, 43.935670332908742 ] } },
{ "type": "Feature", "properties": { "tang_id": 21836, "area_km2": 0.49601 }, "geometry": { "type": "Point", "coordinates": [ 116.019539198610133, 43.907839729084053 ] } },
{ "type": "Feature", "properties": { "tang_id": 21837, "area_km2": 0.148624 }, "geometry": { "type": "Point", "coordinates": [ 119.183864163352297, 42.257679793391674 ] } },
{ "type": "Feature", "properties": { "tang_id": 21838, "area_km2": 0.03766 }, "geometry": { "type": "Point", "coordinates": [ 119.189037227426198, 42.259267484182843 ] } },
{ "type": "Feature", "properties": { "tang_id": 21839, "area_km2": 0.031898 }, "geometry": { "type": "Point", "coordinates": [ 119.191638483407019, 42.253313015802881 ] } },
{ "type": "Feature", "properties": { "tang_id": 21840, "area_km2": 0.016719 }, "geometry": { "type": "Point", "coordinates": [ 119.19512582630253, 42.251977441505062 ] } },
{ "type": "Feature", "properties": { "tang_id": 21841, "area_km2": 0.076113 }, "geometry": { "type": "Point", "coordinates": [ 119.181196367589266, 42.251390404125722 ] } },
{ "type": "Feature", "properties": { "tang_id": 21842, "area_km2": 0.068369 }, "geometry": { "type": "Point", "coordinates": [ 119.175230349247329, 42.256022572738566 ] } },
{ "type": "Feature", "properties": { "tang_id": 21843, "area_km2": 0.033001 }, "geometry": { "type": "Point", "coordinates": [ 119.055122759538563, 42.288049786656082 ] } },
{ "type": "Feature", "properties": { "tang_id": 21844, "area_km2": 0.122696 }, "geometry": { "type": "Point", "coordinates": [ 118.816429420342814, 42.169529688264937 ] } },
{ "type": "Feature", "properties": { "tang_id": 21845, "area_km2": 0.212067 }, "geometry": { "type": "Point", "coordinates": [ 116.223897046329725, 43.924372114629783 ] } },
{ "type": "Feature", "properties": { "tang_id": 21846, "area_km2": 0.541782 }, "geometry": { "type": "Point", "coordinates": [ 116.237664969153144, 43.923297584556323 ] } },
{ "type": "Feature", "properties": { "tang_id": 21847, "area_km2": 0.060491 }, "geometry": { "type": "Point", "coordinates": [ 116.237984351696539, 43.918295679175117 ] } },
{ "type": "Feature", "properties": { "tang_id": 21848, "area_km2": 0.04155 }, "geometry": { "type": "Point", "coordinates": [ 116.234464016365649, 43.918426288445424 ] } },
{ "type": "Feature", "properties": { "tang_id": 21849, "area_km2": 0.004797 }, "geometry": { "type": "Point", "coordinates": [ 116.233324023957607, 43.916685313668417 ] } },
{ "type": "Feature", "properties": { "tang_id": 21850, "area_km2": 0.036082 }, "geometry": { "type": "Point", "coordinates": [ 116.229775152918421, 43.91734089133552 ] } },
{ "type": "Feature", "properties": { "tang_id": 21851, "area_km2": 0.130631 }, "geometry": { "type": "Point", "coordinates": [ 116.224339680460616, 43.917550764707222 ] } },
{ "type": "Feature", "properties": { "tang_id": 21852, "area_km2": 0.120547 }, "geometry": { "type": "Point", "coordinates": [ 116.234110864306061, 43.926579422967386 ] } },
{ "type": "Feature", "properties": { "tang_id": 21853, "area_km2": 0.079974 }, "geometry": { "type": "Point", "coordinates": [ 116.244131275116786, 43.927751642195844 ] } },
{ "type": "Feature", "properties": { "tang_id": 21854, "area_km2": 1.007924 }, "geometry": { "type": "Point", "coordinates": [ 116.246191091374456, 43.932705773521135 ] } },
{ "type": "Feature", "properties": { "tang_id": 21855, "area_km2": 0.030213 }, "geometry": { "type": "Point", "coordinates": [ 116.231183434778274, 43.929857976934606 ] } },
{ "type": "Feature", "properties": { "tang_id": 21856, "area_km2": 1.941361 }, "geometry": { "type": "Point", "coordinates": [ 116.21977487333902, 43.907870543787844 ] } },
{ "type": "Feature", "properties": { "tang_id": 21857, "area_km2": 0.005606 }, "geometry": { "type": "Point", "coordinates": [ 116.210059881777141, 43.898502218698347 ] } },
{ "type": "Feature", "properties": { "tang_id": 21858, "area_km2": 0.027703 }, "geometry": { "type": "Point", "coordinates": [ 116.207844018522167, 43.898883143921417 ] } },
{ "type": "Feature", "properties": { "tang_id": 21859, "area_km2": 0.030072 }, "geometry": { "type": "Point", "coordinates": [ 116.20452552688954, 43.896887782248946 ] } },
{ "type": "Feature", "properties": { "tang_id": 21860, "area_km2": 0.009569 }, "geometry": { "type": "Point", "coordinates": [ 116.20838733778173, 43.895576931733004 ] } },
{ "type": "Feature", "properties": { "tang_id": 21861, "area_km2": 0.034915 }, "geometry": { "type": "Point", "coordinates": [ 116.202160382211289, 43.894314054298036 ] } },
{ "type": "Feature", "properties": { "tang_id": 21862, "area_km2": 0.009827 }, "geometry": { "type": "Point", "coordinates": [ 116.203735006670399, 43.899640794914092 ] } },
{ "type": "Feature", "properties": { "tang_id": 21863, "area_km2": 0.024492 }, "geometry": { "type": "Point", "coordinates": [ 116.205411252422451, 43.902094544144553 ] } },
{ "type": "Feature", "properties": { "tang_id": 21864, "area_km2": 0.050374 }, "geometry": { "type": "Point", "coordinates": [ 116.163950660073638, 43.938395246829515 ] } },
{ "type": "Feature", "properties": { "tang_id": 21865, "area_km2": 0.049499 }, "geometry": { "type": "Point", "coordinates": [ 116.1514080478116, 43.93440202431119 ] } },
{ "type": "Feature", "properties": { "tang_id": 21866, "area_km2": 0.128074 }, "geometry": { "type": "Point", "coordinates": [ 116.144219145260962, 43.942718773561857 ] } },
{ "type": "Feature", "properties": { "tang_id": 21867, "area_km2": 0.457305 }, "geometry": { "type": "Point", "coordinates": [ 116.133234652128834, 43.942526482098607 ] } },
{ "type": "Feature", "properties": { "tang_id": 21868, "area_km2": 0.024729 }, "geometry": { "type": "Point", "coordinates": [ 116.119330376794608, 43.936267466868102 ] } },
{ "type": "Feature", "properties": { "tang_id": 21869, "area_km2": 0.379446 }, "geometry": { "type": "Point", "coordinates": [ 116.121685944334061, 43.982809019236178 ] } },
{ "type": "Feature", "properties": { "tang_id": 21870, "area_km2": 5.26004 }, "geometry": { "type": "Point", "coordinates": [ 116.099216762590842, 43.980973460102412 ] } },
{ "type": "Feature", "properties": { "tang_id": 21871, "area_km2": 0.093326 }, "geometry": { "type": "Point", "coordinates": [ 116.216223607021448, 43.936217200158708 ] } },
{ "type": "Feature", "properties": { "tang_id": 21872, "area_km2": 0.111366 }, "geometry": { "type": "Point", "coordinates": [ 116.163579976523195, 43.9244808180974 ] } },
{ "type": "Feature", "properties": { "tang_id": 21873, "area_km2": 0.007054 }, "geometry": { "type": "Point", "coordinates": [ 116.160914472913745, 43.925606112759695 ] } },
{ "type": "Feature", "properties": { "tang_id": 21874, "area_km2": 0.003811 }, "geometry": { "type": "Point", "coordinates": [ 116.161068744874157, 43.925996385511702 ] } },
{ "type": "Feature", "properties": { "tang_id": 21875, "area_km2": 0.018898 }, "geometry": { "type": "Point", "coordinates": [ 116.161762542616572, 43.927155848659432 ] } },
{ "type": "Feature", "properties": { "tang_id": 21876, "area_km2": 0.127126 }, "geometry": { "type": "Point", "coordinates": [ 116.165059369648958, 43.928678216753823 ] } },
{ "type": "Feature", "properties": { "tang_id": 21877, "area_km2": 0.240074 }, "geometry": { "type": "Point", "coordinates": [ 116.161740154383168, 43.917983744283362 ] } },
{ "type": "Feature", "properties": { "tang_id": 21878, "area_km2": 0.00637 }, "geometry": { "type": "Point", "coordinates": [ 116.172305224096647, 43.921206405288835 ] } },
{ "type": "Feature", "properties": { "tang_id": 21879, "area_km2": 0.051709 }, "geometry": { "type": "Point", "coordinates": [ 116.233325478456933, 43.920472113530344 ] } },
{ "type": "Feature", "properties": { "tang_id": 21880, "area_km2": 0.029365 }, "geometry": { "type": "Point", "coordinates": [ 116.229354311021822, 43.920895165856855 ] } },
{ "type": "Feature", "properties": { "tang_id": 21881, "area_km2": 0.003507 }, "geometry": { "type": "Point", "coordinates": [ 116.228450862459582, 43.920157940423906 ] } },
{ "type": "Feature", "properties": { "tang_id": 21882, "area_km2": 0.007232 }, "geometry": { "type": "Point", "coordinates": [ 116.227897516589181, 43.922644938756889 ] } },
{ "type": "Feature", "properties": { "tang_id": 21883, "area_km2": 0.062582 }, "geometry": { "type": "Point", "coordinates": [ 119.296775401426871, 42.058552407742049 ] } },
{ "type": "Feature", "properties": { "tang_id": 21884, "area_km2": 0.028725 }, "geometry": { "type": "Point", "coordinates": [ 119.294524509733407, 42.056943076144329 ] } },
{ "type": "Feature", "properties": { "tang_id": 21885, "area_km2": 0.025954 }, "geometry": { "type": "Point", "coordinates": [ 119.291777997605791, 42.055743690750326 ] } },
{ "type": "Feature", "properties": { "tang_id": 21886, "area_km2": 0.02769 }, "geometry": { "type": "Point", "coordinates": [ 119.28349591575288, 42.056611385986535 ] } },
{ "type": "Feature", "properties": { "tang_id": 21887, "area_km2": 0.01375 }, "geometry": { "type": "Point", "coordinates": [ 119.283661279840501, 42.055107357961816 ] } },
{ "type": "Feature", "properties": { "tang_id": 21888, "area_km2": 0.009732 }, "geometry": { "type": "Point", "coordinates": [ 119.292008435988535, 42.058320166787865 ] } },
{ "type": "Feature", "properties": { "tang_id": 21889, "area_km2": 0.025307 }, "geometry": { "type": "Point", "coordinates": [ 119.293442198275741, 42.059006384772836 ] } },
{ "type": "Feature", "properties": { "tang_id": 21890, "area_km2": 0.02208 }, "geometry": { "type": "Point", "coordinates": [ 119.29474637189989, 42.054785716319714 ] } },
{ "type": "Feature", "properties": { "tang_id": 21891, "area_km2": 0.100101 }, "geometry": { "type": "Point", "coordinates": [ 119.288515101902831, 42.055747248892509 ] } },
{ "type": "Feature", "properties": { "tang_id": 21892, "area_km2": 1.377007 }, "geometry": { "type": "Point", "coordinates": [ 119.268642963279589, 42.055898386280376 ] } },
{ "type": "Feature", "properties": { "tang_id": 21893, "area_km2": 1.647553 }, "geometry": { "type": "Point", "coordinates": [ 119.245342876492231, 42.052193474206355 ] } },
{ "type": "Feature", "properties": { "tang_id": 21894, "area_km2": 14.639669 }, "geometry": { "type": "Point", "coordinates": [ 119.215920167191342, 41.998057843313973 ] } },
{ "type": "Feature", "properties": { "tang_id": 21895, "area_km2": 3.815845 }, "geometry": { "type": "Point", "coordinates": [ 119.158693451147187, 41.973936737808472 ] } },
{ "type": "Feature", "properties": { "tang_id": 21896, "area_km2": 0.107794 }, "geometry": { "type": "Point", "coordinates": [ 119.152411549050456, 41.98177275487383 ] } },
{ "type": "Feature", "properties": { "tang_id": 21897, "area_km2": 0.486935 }, "geometry": { "type": "Point", "coordinates": [ 119.146024954964133, 41.976755081123997 ] } },
{ "type": "Feature", "properties": { "tang_id": 21898, "area_km2": 0.230356 }, "geometry": { "type": "Point", "coordinates": [ 119.111356422947424, 41.995721682573134 ] } },
{ "type": "Feature", "properties": { "tang_id": 21899, "area_km2": 0.0764 }, "geometry": { "type": "Point", "coordinates": [ 119.105983907956954, 42.003556639434343 ] } },
{ "type": "Feature", "properties": { "tang_id": 21900, "area_km2": 0.27754 }, "geometry": { "type": "Point", "coordinates": [ 119.203003553226864, 42.01878086894309 ] } },
{ "type": "Feature", "properties": { "tang_id": 21901, "area_km2": 0.024831 }, "geometry": { "type": "Point", "coordinates": [ 119.210479445714086, 42.032061052039175 ] } },
{ "type": "Feature", "properties": { "tang_id": 21902, "area_km2": 0.071522 }, "geometry": { "type": "Point", "coordinates": [ 119.203636112573975, 42.030829096564439 ] } },
{ "type": "Feature", "properties": { "tang_id": 21903, "area_km2": 0.004159 }, "geometry": { "type": "Point", "coordinates": [ 119.198988797873071, 42.029921119571448 ] } },
{ "type": "Feature", "properties": { "tang_id": 21904, "area_km2": 0.036937 }, "geometry": { "type": "Point", "coordinates": [ 119.191264305444065, 42.032464863447991 ] } },
{ "type": "Feature", "properties": { "tang_id": 21905, "area_km2": 0.319796 }, "geometry": { "type": "Point", "coordinates": [ 119.236054993719492, 42.030832325429436 ] } },
{ "type": "Feature", "properties": { "tang_id": 21906, "area_km2": 0.019924 }, "geometry": { "type": "Point", "coordinates": [ 119.232314530208797, 42.034883924122532 ] } },
{ "type": "Feature", "properties": { "tang_id": 21907, "area_km2": 0.269023 }, "geometry": { "type": "Point", "coordinates": [ 119.281356731835075, 42.013978216513209 ] } },
{ "type": "Feature", "properties": { "tang_id": 21908, "area_km2": 0.117957 }, "geometry": { "type": "Point", "coordinates": [ 119.250968219175562, 41.977447052307426 ] } },
{ "type": "Feature", "properties": { "tang_id": 21909, "area_km2": 0.04495 }, "geometry": { "type": "Point", "coordinates": [ 119.250080191602663, 41.985076719415105 ] } },
{ "type": "Feature", "properties": { "tang_id": 21910, "area_km2": 0.044194 }, "geometry": { "type": "Point", "coordinates": [ 119.251294097835881, 41.99480932186475 ] } },
{ "type": "Feature", "properties": { "tang_id": 21911, "area_km2": 0.012206 }, "geometry": { "type": "Point", "coordinates": [ 119.277243215262942, 42.062734194102482 ] } },
{ "type": "Feature", "properties": { "tang_id": 21912, "area_km2": 0.041536 }, "geometry": { "type": "Point", "coordinates": [ 119.26800232124279, 42.060308676446745 ] } },
{ "type": "Feature", "properties": { "tang_id": 21913, "area_km2": 0.013395 }, "geometry": { "type": "Point", "coordinates": [ 119.283491061861483, 42.06263250731962 ] } },
{ "type": "Feature", "properties": { "tang_id": 21914, "area_km2": 0.014023 }, "geometry": { "type": "Point", "coordinates": [ 119.285926628197601, 42.06036600454447 ] } },
{ "type": "Feature", "properties": { "tang_id": 21915, "area_km2": 0.026079 }, "geometry": { "type": "Point", "coordinates": [ 119.281962458862481, 42.058188387959234 ] } },
{ "type": "Feature", "properties": { "tang_id": 21916, "area_km2": 0.006068 }, "geometry": { "type": "Point", "coordinates": [ 119.282154126347947, 42.059104644611075 ] } },
{ "type": "Feature", "properties": { "tang_id": 21917, "area_km2": 0.00802 }, "geometry": { "type": "Point", "coordinates": [ 119.287923490051185, 42.061489259627614 ] } },
{ "type": "Feature", "properties": { "tang_id": 21918, "area_km2": 0.0182 }, "geometry": { "type": "Point", "coordinates": [ 119.302784339132018, 42.066126672766686 ] } },
{ "type": "Feature", "properties": { "tang_id": 21919, "area_km2": 0.003267 }, "geometry": { "type": "Point", "coordinates": [ 119.304449073536077, 42.06347057482305 ] } },
{ "type": "Feature", "properties": { "tang_id": 21920, "area_km2": 0.045639 }, "geometry": { "type": "Point", "coordinates": [ 119.329514402608325, 42.080733541837375 ] } },
{ "type": "Feature", "properties": { "tang_id": 21921, "area_km2": 0.008252 }, "geometry": { "type": "Point", "coordinates": [ 119.327262856682779, 42.079151167752762 ] } },
{ "type": "Feature", "properties": { "tang_id": 21922, "area_km2": 0.006955 }, "geometry": { "type": "Point", "coordinates": [ 119.321476390851203, 42.07712028224384 ] } },
{ "type": "Feature", "properties": { "tang_id": 21923, "area_km2": 6.081654 }, "geometry": { "type": "Point", "coordinates": [ 119.196704195366848, 42.050076669828748 ] } },
{ "type": "Feature", "properties": { "tang_id": 21924, "area_km2": 0.022374 }, "geometry": { "type": "Point", "coordinates": [ 119.140995104277835, 41.996414219595188 ] } },
{ "type": "Feature", "properties": { "tang_id": 21925, "area_km2": 0.004633 }, "geometry": { "type": "Point", "coordinates": [ 119.139181361758844, 41.987749638051596 ] } },
{ "type": "Feature", "properties": { "tang_id": 21926, "area_km2": 0.023224 }, "geometry": { "type": "Point", "coordinates": [ 119.185374221846814, 41.962747852356316 ] } },
{ "type": "Feature", "properties": { "tang_id": 21927, "area_km2": 0.011639 }, "geometry": { "type": "Point", "coordinates": [ 119.190198783078344, 41.963111982706842 ] } },
{ "type": "Feature", "properties": { "tang_id": 21928, "area_km2": 0.007263 }, "geometry": { "type": "Point", "coordinates": [ 119.188435729738003, 41.963083037634128 ] } },
{ "type": "Feature", "properties": { "tang_id": 21929, "area_km2": 0.009266 }, "geometry": { "type": "Point", "coordinates": [ 119.194384976996659, 41.96254594699284 ] } },
{ "type": "Feature", "properties": { "tang_id": 21930, "area_km2": 0.002799 }, "geometry": { "type": "Point", "coordinates": [ 119.187191300762592, 41.964394500143065 ] } },
{ "type": "Feature", "properties": { "tang_id": 21931, "area_km2": 0.010457 }, "geometry": { "type": "Point", "coordinates": [ 119.186775279321466, 41.965125706820011 ] } },
{ "type": "Feature", "properties": { "tang_id": 21932, "area_km2": 0.007387 }, "geometry": { "type": "Point", "coordinates": [ 119.187448338327997, 41.966112764760297 ] } },
{ "type": "Feature", "properties": { "tang_id": 21933, "area_km2": 0.030812 }, "geometry": { "type": "Point", "coordinates": [ 119.183925358484075, 41.964454866341569 ] } },
{ "type": "Feature", "properties": { "tang_id": 21934, "area_km2": 0.060415 }, "geometry": { "type": "Point", "coordinates": [ 119.176171982334679, 41.96471515812577 ] } },
{ "type": "Feature", "properties": { "tang_id": 21935, "area_km2": 0.002886 }, "geometry": { "type": "Point", "coordinates": [ 119.176137214827705, 41.966247798688343 ] } },
{ "type": "Feature", "properties": { "tang_id": 21936, "area_km2": 0.001897 }, "geometry": { "type": "Point", "coordinates": [ 119.177561345362506, 41.966813009578999 ] } },
{ "type": "Feature", "properties": { "tang_id": 21938, "area_km2": 0.084903 }, "geometry": { "type": "Point", "coordinates": [ 119.171450276076598, 41.968592981921482 ] } },
{ "type": "Feature", "properties": { "tang_id": 21939, "area_km2": 0.043014 }, "geometry": { "type": "Point", "coordinates": [ 119.169361276339316, 41.970175405949199 ] } },
{ "type": "Feature", "properties": { "tang_id": 21940, "area_km2": 0.01108 }, "geometry": { "type": "Point", "coordinates": [ 119.165723094892201, 41.969619234219032 ] } },
{ "type": "Feature", "properties": { "tang_id": 21941, "area_km2": 0.056718 }, "geometry": { "type": "Point", "coordinates": [ 119.167769201397633, 41.966825522164591 ] } },
{ "type": "Feature", "properties": { "tang_id": 21942, "area_km2": 0.071673 }, "geometry": { "type": "Point", "coordinates": [ 119.162566864931605, 41.964248713173319 ] } },
{ "type": "Feature", "properties": { "tang_id": 21943, "area_km2": 0.011262 }, "geometry": { "type": "Point", "coordinates": [ 119.165066136635716, 41.965005296564541 ] } },
{ "type": "Feature", "properties": { "tang_id": 21944, "area_km2": 0.015854 }, "geometry": { "type": "Point", "coordinates": [ 119.165946429355586, 41.962868146929871 ] } },
{ "type": "Feature", "properties": { "tang_id": 21945, "area_km2": 0.079856 }, "geometry": { "type": "Point", "coordinates": [ 119.177496656945905, 41.957916068209229 ] } },
{ "type": "Feature", "properties": { "tang_id": 21946, "area_km2": 0.007942 }, "geometry": { "type": "Point", "coordinates": [ 119.17435969604152, 41.958674591764733 ] } },
{ "type": "Feature", "properties": { "tang_id": 21947, "area_km2": 0.004965 }, "geometry": { "type": "Point", "coordinates": [ 119.173730788107619, 41.955009194898309 ] } },
{ "type": "Feature", "properties": { "tang_id": 21948, "area_km2": 0.03508 }, "geometry": { "type": "Point", "coordinates": [ 119.169765615610132, 41.954777284192701 ] } },
{ "type": "Feature", "properties": { "tang_id": 21949, "area_km2": 0.018719 }, "geometry": { "type": "Point", "coordinates": [ 119.162130005676474, 41.953514358445055 ] } },
{ "type": "Feature", "properties": { "tang_id": 21950, "area_km2": 0.003107 }, "geometry": { "type": "Point", "coordinates": [ 119.159391359800779, 41.952444831090233 ] } },
{ "type": "Feature", "properties": { "tang_id": 21951, "area_km2": 0.008772 }, "geometry": { "type": "Point", "coordinates": [ 119.156181906505267, 41.953987218521249 ] } },
{ "type": "Feature", "properties": { "tang_id": 21952, "area_km2": 0.037211 }, "geometry": { "type": "Point", "coordinates": [ 119.155737879009365, 41.952326844685118 ] } },
{ "type": "Feature", "properties": { "tang_id": 21953, "area_km2": 0.027537 }, "geometry": { "type": "Point", "coordinates": [ 119.15267738869268, 41.951583772289567 ] } },
{ "type": "Feature", "properties": { "tang_id": 21954, "area_km2": 0.028883 }, "geometry": { "type": "Point", "coordinates": [ 119.149058165722295, 41.950934595638756 ] } },
{ "type": "Feature", "properties": { "tang_id": 21955, "area_km2": 0.008336 }, "geometry": { "type": "Point", "coordinates": [ 119.148095948669351, 41.954495208107026 ] } },
{ "type": "Feature", "properties": { "tang_id": 21956, "area_km2": 0.001109 }, "geometry": { "type": "Point", "coordinates": [ 119.148230825164902, 41.953289664916937 ] } },
{ "type": "Feature", "properties": { "tang_id": 21957, "area_km2": 0.012327 }, "geometry": { "type": "Point", "coordinates": [ 119.144326334622704, 41.956956907816007 ] } },
{ "type": "Feature", "properties": { "tang_id": 21958, "area_km2": 0.003817 }, "geometry": { "type": "Point", "coordinates": [ 119.14835362416396, 41.960137558562657 ] } },
{ "type": "Feature", "properties": { "tang_id": 21959, "area_km2": 0.007451 }, "geometry": { "type": "Point", "coordinates": [ 119.152617038620264, 41.958553094221067 ] } },
{ "type": "Feature", "properties": { "tang_id": 21960, "area_km2": 0.016122 }, "geometry": { "type": "Point", "coordinates": [ 119.146598450391025, 41.958523516719623 ] } },
{ "type": "Feature", "properties": { "tang_id": 21961, "area_km2": 0.003233 }, "geometry": { "type": "Point", "coordinates": [ 119.146338009003856, 41.961738028943564 ] } },
{ "type": "Feature", "properties": { "tang_id": 21962, "area_km2": 0.279875 }, "geometry": { "type": "Point", "coordinates": [ 119.144198498820543, 41.940923031545879 ] } },
{ "type": "Feature", "properties": { "tang_id": 21963, "area_km2": 0.039812 }, "geometry": { "type": "Point", "coordinates": [ 119.145340842262414, 41.936725274404111 ] } },
{ "type": "Feature", "properties": { "tang_id": 21964, "area_km2": 0.00731 }, "geometry": { "type": "Point", "coordinates": [ 119.143640099291943, 41.935905433900636 ] } },
{ "type": "Feature", "properties": { "tang_id": 21965, "area_km2": 0.001662 }, "geometry": { "type": "Point", "coordinates": [ 119.143971506524522, 41.937466617176256 ] } },
{ "type": "Feature", "properties": { "tang_id": 21966, "area_km2": 0.002124 }, "geometry": { "type": "Point", "coordinates": [ 119.141077057824376, 41.937582452078914 ] } },
{ "type": "Feature", "properties": { "tang_id": 21967, "area_km2": 0.014881 }, "geometry": { "type": "Point", "coordinates": [ 119.139178530481658, 41.937650625475236 ] } },
{ "type": "Feature", "properties": { "tang_id": 21968, "area_km2": 0.022667 }, "geometry": { "type": "Point", "coordinates": [ 119.133721185382086, 41.938775922166656 ] } },
{ "type": "Feature", "properties": { "tang_id": 21969, "area_km2": 0.020163 }, "geometry": { "type": "Point", "coordinates": [ 119.135956949151392, 41.943325613264314 ] } },
{ "type": "Feature", "properties": { "tang_id": 21970, "area_km2": 0.050841 }, "geometry": { "type": "Point", "coordinates": [ 119.131771953840001, 41.946113346758985 ] } },
{ "type": "Feature", "properties": { "tang_id": 21971, "area_km2": 0.010026 }, "geometry": { "type": "Point", "coordinates": [ 119.133398221426191, 41.947332125307256 ] } },
{ "type": "Feature", "properties": { "tang_id": 21972, "area_km2": 0.030258 }, "geometry": { "type": "Point", "coordinates": [ 119.126020320778849, 41.945247557588409 ] } },
{ "type": "Feature", "properties": { "tang_id": 21973, "area_km2": 0.011692 }, "geometry": { "type": "Point", "coordinates": [ 119.135807254199804, 41.932561758697773 ] } },
{ "type": "Feature", "properties": { "tang_id": 21974, "area_km2": 0.001774 }, "geometry": { "type": "Point", "coordinates": [ 119.137414116655108, 41.931099001776722 ] } },
{ "type": "Feature", "properties": { "tang_id": 21975, "area_km2": 0.019056 }, "geometry": { "type": "Point", "coordinates": [ 119.129276508745605, 41.929994555519464 ] } },
{ "type": "Feature", "properties": { "tang_id": 21976, "area_km2": 0.010609 }, "geometry": { "type": "Point", "coordinates": [ 119.131476155674875, 41.928747229554567 ] } },
{ "type": "Feature", "properties": { "tang_id": 21977, "area_km2": 0.019514 }, "geometry": { "type": "Point", "coordinates": [ 119.129411831781866, 41.921087897775621 ] } },
{ "type": "Feature", "properties": { "tang_id": 21978, "area_km2": 0.012594 }, "geometry": { "type": "Point", "coordinates": [ 119.164789845161266, 41.922544439956511 ] } },
{ "type": "Feature", "properties": { "tang_id": 21979, "area_km2": 0.198959 }, "geometry": { "type": "Point", "coordinates": [ 119.139841974649684, 41.929486446009498 ] } },
{ "type": "Feature", "properties": { "tang_id": 21980, "area_km2": 0.058155 }, "geometry": { "type": "Point", "coordinates": [ 119.144345108150162, 41.924188137826391 ] } },
{ "type": "Feature", "properties": { "tang_id": 21981, "area_km2": 0.005869 }, "geometry": { "type": "Point", "coordinates": [ 119.120173863268462, 42.000422045870572 ] } },
{ "type": "Feature", "properties": { "tang_id": 21982, "area_km2": 0.021919 }, "geometry": { "type": "Point", "coordinates": [ 119.120161608402398, 42.002733702375565 ] } },
{ "type": "Feature", "properties": { "tang_id": 21983, "area_km2": 0.017797 }, "geometry": { "type": "Point", "coordinates": [ 119.106228438076954, 42.006374159096936 ] } },
{ "type": "Feature", "properties": { "tang_id": 21984, "area_km2": 0.015273 }, "geometry": { "type": "Point", "coordinates": [ 119.097763373936516, 42.005804126529277 ] } },
{ "type": "Feature", "properties": { "tang_id": 21985, "area_km2": 0.012153 }, "geometry": { "type": "Point", "coordinates": [ 119.079507320110423, 42.014790393717597 ] } },
{ "type": "Feature", "properties": { "tang_id": 21986, "area_km2": 0.023744 }, "geometry": { "type": "Point", "coordinates": [ 119.074081027757217, 42.012569871453337 ] } },
{ "type": "Feature", "properties": { "tang_id": 21987, "area_km2": 0.065737 }, "geometry": { "type": "Point", "coordinates": [ 119.070464307302032, 42.009317010170527 ] } },
{ "type": "Feature", "properties": { "tang_id": 21988, "area_km2": 0.139974 }, "geometry": { "type": "Point", "coordinates": [ 119.257473106478173, 41.961185005142426 ] } },
{ "type": "Feature", "properties": { "tang_id": 21989, "area_km2": 0.053037 }, "geometry": { "type": "Point", "coordinates": [ 119.29074108403475, 42.082022147893078 ] } },
{ "type": "Feature", "properties": { "tang_id": 21990, "area_km2": 0.206947 }, "geometry": { "type": "Point", "coordinates": [ 119.293664849919722, 42.088054600267924 ] } },
{ "type": "Feature", "properties": { "tang_id": 21991, "area_km2": 0.03469 }, "geometry": { "type": "Point", "coordinates": [ 119.288624645077391, 42.095305693982361 ] } },
{ "type": "Feature", "properties": { "tang_id": 21992, "area_km2": 0.043099 }, "geometry": { "type": "Point", "coordinates": [ 119.289692559048788, 42.097213196022629 ] } },
{ "type": "Feature", "properties": { "tang_id": 21993, "area_km2": 0.191201 }, "geometry": { "type": "Point", "coordinates": [ 119.266614337544794, 42.137146156805159 ] } },
{ "type": "Feature", "properties": { "tang_id": 21994, "area_km2": 0.010446 }, "geometry": { "type": "Point", "coordinates": [ 119.269113451977546, 42.133152107445049 ] } },
{ "type": "Feature", "properties": { "tang_id": 21995, "area_km2": 0.01916 }, "geometry": { "type": "Point", "coordinates": [ 119.267243334495177, 42.131951843064741 ] } },
{ "type": "Feature", "properties": { "tang_id": 21996, "area_km2": 0.031147 }, "geometry": { "type": "Point", "coordinates": [ 119.279929971813431, 42.125941637838849 ] } },
{ "type": "Feature", "properties": { "tang_id": 21997, "area_km2": 0.117121 }, "geometry": { "type": "Point", "coordinates": [ 119.229107461688599, 42.234570142772291 ] } },
{ "type": "Feature", "properties": { "tang_id": 21998, "area_km2": 0.178725 }, "geometry": { "type": "Point", "coordinates": [ 119.299672100434108, 42.269248416911353 ] } },
{ "type": "Feature", "properties": { "tang_id": 21999, "area_km2": 0.158421 }, "geometry": { "type": "Point", "coordinates": [ 119.290646531488008, 42.268894805531033 ] } },
{ "type": "Feature", "properties": { "tang_id": 22000, "area_km2": 0.041446 }, "geometry": { "type": "Point", "coordinates": [ 119.365854417208951, 42.366508214398863 ] } },
{ "type": "Feature", "properties": { "tang_id": 22001, "area_km2": 0.055019 }, "geometry": { "type": "Point", "coordinates": [ 119.400639783606721, 42.372851781726681 ] } },
{ "type": "Feature", "properties": { "tang_id": 22002, "area_km2": 0.005275 }, "geometry": { "type": "Point", "coordinates": [ 119.398583122383641, 42.358998956830362 ] } },
{ "type": "Feature", "properties": { "tang_id": 22003, "area_km2": 0.006157 }, "geometry": { "type": "Point", "coordinates": [ 119.397448493021386, 42.360447275677537 ] } },
{ "type": "Feature", "properties": { "tang_id": 22004, "area_km2": 0.076096 }, "geometry": { "type": "Point", "coordinates": [ 119.286140376636027, 42.391139148012414 ] } },
{ "type": "Feature", "properties": { "tang_id": 22005, "area_km2": 0.148054 }, "geometry": { "type": "Point", "coordinates": [ 119.318227091146014, 42.075139556097348 ] } },
{ "type": "Feature", "properties": { "tang_id": 22006, "area_km2": 0.063296 }, "geometry": { "type": "Point", "coordinates": [ 119.319332825179714, 42.070783681904381 ] } },
{ "type": "Feature", "properties": { "tang_id": 22007, "area_km2": 0.048796 }, "geometry": { "type": "Point", "coordinates": [ 119.321933258190271, 42.066844402358804 ] } },
{ "type": "Feature", "properties": { "tang_id": 22008, "area_km2": 0.015595 }, "geometry": { "type": "Point", "coordinates": [ 119.295658515700396, 42.07001622972026 ] } },
{ "type": "Feature", "properties": { "tang_id": 22019, "area_km2": 1.195816 }, "geometry": { "type": "Point", "coordinates": [ 119.340732848527281, 42.0807578384468 ] } },
{ "type": "Feature", "properties": { "tang_id": 22020, "area_km2": 0.273657 }, "geometry": { "type": "Point", "coordinates": [ 119.313944706271059, 42.067365323213089 ] } },
{ "type": "Feature", "properties": { "tang_id": 22021, "area_km2": 0.023958 }, "geometry": { "type": "Point", "coordinates": [ 119.312242471937623, 42.062569931506651 ] } },
{ "type": "Feature", "properties": { "tang_id": 22022, "area_km2": 0.003498 }, "geometry": { "type": "Point", "coordinates": [ 119.313969152130696, 42.062857937358842 ] } },
{ "type": "Feature", "properties": { "tang_id": 22023, "area_km2": 0.147264 }, "geometry": { "type": "Point", "coordinates": [ 119.323029812675713, 42.07346748638642 ] } },
{ "type": "Feature", "properties": { "tang_id": 22127, "area_km2": 0.012965 }, "geometry": { "type": "Point", "coordinates": [ 117.540044816258757, 44.117142827960642 ] } },
{ "type": "Feature", "properties": { "tang_id": 22130, "area_km2": 0.019546 }, "geometry": { "type": "Point", "coordinates": [ 120.286152018201932, 41.970691460438012 ] } },
{ "type": "Feature", "properties": { "tang_id": 22131, "area_km2": 0.114468 }, "geometry": { "type": "Point", "coordinates": [ 119.373962196294627, 42.384462984223205 ] } },
{ "type": "Feature", "properties": { "tang_id": 22156, "area_km2": 0.045534 }, "geometry": { "type": "Point", "coordinates": [ 118.879177636143922, 44.443882815780853 ] } },
{ "type": "Feature", "properties": { "tang_id": 22157, "area_km2": 0.016738 }, "geometry": { "type": "Point", "coordinates": [ 118.878353955497545, 44.441467197677426 ] } },
{ "type": "Feature", "properties": { "tang_id": 22158, "area_km2": 0.010569 }, "geometry": { "type": "Point", "coordinates": [ 118.875509125871204, 44.441540636946371 ] } },
{ "type": "Feature", "properties": { "tang_id": 22159, "area_km2": 0.016921 }, "geometry": { "type": "Point", "coordinates": [ 118.878563304328139, 44.439815190905776 ] } },
{ "type": "Feature", "properties": { "tang_id": 22160, "area_km2": 0.002161 }, "geometry": { "type": "Point", "coordinates": [ 118.87614001650536, 44.438695474959161 ] } },
{ "type": "Feature", "properties": { "tang_id": 22161, "area_km2": 0.001063 }, "geometry": { "type": "Point", "coordinates": [ 118.873551392859426, 44.438815412000309 ] } },
{ "type": "Feature", "properties": { "tang_id": 22162, "area_km2": 0.003113 }, "geometry": { "type": "Point", "coordinates": [ 118.87632215837948, 44.437088113659449 ] } },
{ "type": "Feature", "properties": { "tang_id": 22163, "area_km2": 0.077228 }, "geometry": { "type": "Point", "coordinates": [ 118.870947012833525, 44.437018045521143 ] } },
{ "type": "Feature", "properties": { "tang_id": 22164, "area_km2": 0.012246 }, "geometry": { "type": "Point", "coordinates": [ 118.867867071732633, 44.436719295828418 ] } },
{ "type": "Feature", "properties": { "tang_id": 22165, "area_km2": 0.007865 }, "geometry": { "type": "Point", "coordinates": [ 118.868087897486078, 44.43494222345894 ] } },
{ "type": "Feature", "properties": { "tang_id": 22166, "area_km2": 0.006193 }, "geometry": { "type": "Point", "coordinates": [ 118.865068892817675, 44.434929559972851 ] } },
{ "type": "Feature", "properties": { "tang_id": 22167, "area_km2": 0.008101 }, "geometry": { "type": "Point", "coordinates": [ 118.870636625039353, 44.433897411142873 ] } },
{ "type": "Feature", "properties": { "tang_id": 22168, "area_km2": 0.079226 }, "geometry": { "type": "Point", "coordinates": [ 118.916046782647456, 44.42400300757366 ] } },
{ "type": "Feature", "properties": { "tang_id": 22169, "area_km2": 0.050971 }, "geometry": { "type": "Point", "coordinates": [ 118.874397834384823, 44.455615747984119 ] } },
{ "type": "Feature", "properties": { "tang_id": 22205, "area_km2": 0.150522 }, "geometry": { "type": "Point", "coordinates": [ 119.617067196657757, 45.444156506389071 ] } },
{ "type": "Feature", "properties": { "tang_id": 22206, "area_km2": 0.119471 }, "geometry": { "type": "Point", "coordinates": [ 119.634485538327283, 45.447764727825934 ] } },
{ "type": "Feature", "properties": { "tang_id": 22207, "area_km2": 1.576376 }, "geometry": { "type": "Point", "coordinates": [ 119.670374761199042, 45.573292195177068 ] } },
{ "type": "Feature", "properties": { "tang_id": 22208, "area_km2": 0.353862 }, "geometry": { "type": "Point", "coordinates": [ 119.641206308891981, 45.596007762495148 ] } },
{ "type": "Feature", "properties": { "tang_id": 22209, "area_km2": 0.253665 }, "geometry": { "type": "Point", "coordinates": [ 119.612030798436393, 45.595267154479352 ] } },
{ "type": "Feature", "properties": { "tang_id": 22210, "area_km2": 0.082171 }, "geometry": { "type": "Point", "coordinates": [ 119.618186068392887, 45.59706796976657 ] } },
{ "type": "Feature", "properties": { "tang_id": 22211, "area_km2": 0.20963 }, "geometry": { "type": "Point", "coordinates": [ 119.592287146742251, 45.603210549353776 ] } },
{ "type": "Feature", "properties": { "tang_id": 22212, "area_km2": 0.19391 }, "geometry": { "type": "Point", "coordinates": [ 119.595955039799634, 45.610800082398775 ] } },
{ "type": "Feature", "properties": { "tang_id": 22213, "area_km2": 0.04327 }, "geometry": { "type": "Point", "coordinates": [ 119.603785606080294, 45.615461575393276 ] } },
{ "type": "Feature", "properties": { "tang_id": 22214, "area_km2": 0.107779 }, "geometry": { "type": "Point", "coordinates": [ 119.58900126186731, 45.622612855564469 ] } },
{ "type": "Feature", "properties": { "tang_id": 22215, "area_km2": 0.12774 }, "geometry": { "type": "Point", "coordinates": [ 119.647057964977975, 45.538730794472634 ] } },
{ "type": "Feature", "properties": { "tang_id": 22216, "area_km2": 0.17036 }, "geometry": { "type": "Point", "coordinates": [ 119.691216328140257, 45.49878343556454 ] } },
{ "type": "Feature", "properties": { "tang_id": 22217, "area_km2": 0.101621 }, "geometry": { "type": "Point", "coordinates": [ 119.686342258466382, 45.493367899232481 ] } },
{ "type": "Feature", "properties": { "tang_id": 22218, "area_km2": 0.24595 }, "geometry": { "type": "Point", "coordinates": [ 119.508477285254926, 45.375986831830417 ] } },
{ "type": "Feature", "properties": { "tang_id": 22219, "area_km2": 0.034335 }, "geometry": { "type": "Point", "coordinates": [ 119.897096533538956, 45.445413885946508 ] } },
{ "type": "Feature", "properties": { "tang_id": 22220, "area_km2": 0.017745 }, "geometry": { "type": "Point", "coordinates": [ 119.894423890150591, 45.444495526594757 ] } },
{ "type": "Feature", "properties": { "tang_id": 22221, "area_km2": 0.032612 }, "geometry": { "type": "Point", "coordinates": [ 119.893109817984524, 45.448269039946545 ] } },
{ "type": "Feature", "properties": { "tang_id": 22222, "area_km2": 0.281017 }, "geometry": { "type": "Point", "coordinates": [ 119.896105629132052, 45.433413575485048 ] } },
{ "type": "Feature", "properties": { "tang_id": 22223, "area_km2": 0.010629 }, "geometry": { "type": "Point", "coordinates": [ 119.911692582466117, 45.436169931033803 ] } },
{ "type": "Feature", "properties": { "tang_id": 22224, "area_km2": 0.006885 }, "geometry": { "type": "Point", "coordinates": [ 119.909135715568411, 45.435441022315722 ] } },
{ "type": "Feature", "properties": { "tang_id": 22225, "area_km2": 0.120451 }, "geometry": { "type": "Point", "coordinates": [ 119.897626694839929, 45.423877920251627 ] } },
{ "type": "Feature", "properties": { "tang_id": 22226, "area_km2": 0.01159 }, "geometry": { "type": "Point", "coordinates": [ 119.902541929754776, 45.421155470841335 ] } },
{ "type": "Feature", "properties": { "tang_id": 22227, "area_km2": 0.014277 }, "geometry": { "type": "Point", "coordinates": [ 119.904774283585098, 45.421982802186513 ] } },
{ "type": "Feature", "properties": { "tang_id": 22228, "area_km2": 0.002948 }, "geometry": { "type": "Point", "coordinates": [ 119.904216628029104, 45.424860557860612 ] } },
{ "type": "Feature", "properties": { "tang_id": 22229, "area_km2": 0.017024 }, "geometry": { "type": "Point", "coordinates": [ 119.880783531834055, 45.42676477121914 ] } },
{ "type": "Feature", "properties": { "tang_id": 22230, "area_km2": 0.01971 }, "geometry": { "type": "Point", "coordinates": [ 119.876741093998476, 45.428935981510762 ] } },
{ "type": "Feature", "properties": { "tang_id": 22231, "area_km2": 0.459243 }, "geometry": { "type": "Point", "coordinates": [ 119.149770353598299, 45.08280594546504 ] } },
{ "type": "Feature", "properties": { "tang_id": 22232, "area_km2": 0.006882 }, "geometry": { "type": "Point", "coordinates": [ 119.147822058248792, 45.080035038128365 ] } },
{ "type": "Feature", "properties": { "tang_id": 22233, "area_km2": 0.042925 }, "geometry": { "type": "Point", "coordinates": [ 119.135974657875678, 45.091173078428973 ] } },
{ "type": "Feature", "properties": { "tang_id": 22234, "area_km2": 0.023138 }, "geometry": { "type": "Point", "coordinates": [ 119.13592133676832, 45.087066974183891 ] } },
{ "type": "Feature", "properties": { "tang_id": 22235, "area_km2": 0.009104 }, "geometry": { "type": "Point", "coordinates": [ 119.13470943647232, 45.094945147138255 ] } },
{ "type": "Feature", "properties": { "tang_id": 22236, "area_km2": 0.04963 }, "geometry": { "type": "Point", "coordinates": [ 119.111691197088277, 45.088672522048249 ] } },
{ "type": "Feature", "properties": { "tang_id": 22237, "area_km2": 0.079959 }, "geometry": { "type": "Point", "coordinates": [ 119.114116037671138, 45.107247410098537 ] } },
{ "type": "Feature", "properties": { "tang_id": 22238, "area_km2": 0.02737 }, "geometry": { "type": "Point", "coordinates": [ 119.118717743361387, 45.10789945731193 ] } },
{ "type": "Feature", "properties": { "tang_id": 22239, "area_km2": 0.079664 }, "geometry": { "type": "Point", "coordinates": [ 119.123512412620727, 45.109620085456385 ] } },
{ "type": "Feature", "properties": { "tang_id": 22240, "area_km2": 0.290858 }, "geometry": { "type": "Point", "coordinates": [ 119.132771675222969, 45.104193343532899 ] } },
{ "type": "Feature", "properties": { "tang_id": 22241, "area_km2": 0.105242 }, "geometry": { "type": "Point", "coordinates": [ 119.129940210758292, 45.117606600483398 ] } },
{ "type": "Feature", "properties": { "tang_id": 22242, "area_km2": 0.02003 }, "geometry": { "type": "Point", "coordinates": [ 119.098241225418619, 45.114220211614317 ] } },
{ "type": "Feature", "properties": { "tang_id": 22243, "area_km2": 0.037681 }, "geometry": { "type": "Point", "coordinates": [ 119.094477559614361, 45.107375187368262 ] } },
{ "type": "Feature", "properties": { "tang_id": 22244, "area_km2": 0.043535 }, "geometry": { "type": "Point", "coordinates": [ 119.090808310370676, 45.106158995847323 ] } },
{ "type": "Feature", "properties": { "tang_id": 22245, "area_km2": 0.043875 }, "geometry": { "type": "Point", "coordinates": [ 119.085158153720499, 45.105480011680797 ] } },
{ "type": "Feature", "properties": { "tang_id": 22246, "area_km2": 0.027542 }, "geometry": { "type": "Point", "coordinates": [ 119.075516137763998, 45.094894593783934 ] } },
{ "type": "Feature", "properties": { "tang_id": 22247, "area_km2": 0.071762 }, "geometry": { "type": "Point", "coordinates": [ 119.040154396319679, 45.094783244342693 ] } },
{ "type": "Feature", "properties": { "tang_id": 22248, "area_km2": 0.091584 }, "geometry": { "type": "Point", "coordinates": [ 119.03468196815146, 45.09539111141445 ] } },
{ "type": "Feature", "properties": { "tang_id": 22249, "area_km2": 0.096962 }, "geometry": { "type": "Point", "coordinates": [ 119.029290895950012, 45.08383694567182 ] } },
{ "type": "Feature", "properties": { "tang_id": 22250, "area_km2": 0.127824 }, "geometry": { "type": "Point", "coordinates": [ 119.038158556905501, 45.062933657223496 ] } },
{ "type": "Feature", "properties": { "tang_id": 22251, "area_km2": 0.056502 }, "geometry": { "type": "Point", "coordinates": [ 119.019137247279772, 45.107433880390289 ] } },
{ "type": "Feature", "properties": { "tang_id": 22252, "area_km2": 0.074453 }, "geometry": { "type": "Point", "coordinates": [ 119.013407119137185, 45.100022529357361 ] } },
{ "type": "Feature", "properties": { "tang_id": 22253, "area_km2": 0.010468 }, "geometry": { "type": "Point", "coordinates": [ 119.024373827386071, 45.11873936693646 ] } },
{ "type": "Feature", "properties": { "tang_id": 22254, "area_km2": 0.024467 }, "geometry": { "type": "Point", "coordinates": [ 119.047570287651581, 45.107856232814505 ] } },
{ "type": "Feature", "properties": { "tang_id": 22255, "area_km2": 0.034309 }, "geometry": { "type": "Point", "coordinates": [ 119.063938682830866, 45.104065018056808 ] } },
{ "type": "Feature", "properties": { "tang_id": 22256, "area_km2": 0.021149 }, "geometry": { "type": "Point", "coordinates": [ 119.058764492624718, 45.104572818420039 ] } },
{ "type": "Feature", "properties": { "tang_id": 22257, "area_km2": 0.048669 }, "geometry": { "type": "Point", "coordinates": [ 119.021433823999914, 45.053578332500138 ] } },
{ "type": "Feature", "properties": { "tang_id": 22258, "area_km2": 0.061426 }, "geometry": { "type": "Point", "coordinates": [ 119.00889218010883, 45.041996250607319 ] } },
{ "type": "Feature", "properties": { "tang_id": 22259, "area_km2": 0.623437 }, "geometry": { "type": "Point", "coordinates": [ 119.687552869004662, 45.442700872990152 ] } },
{ "type": "Feature", "properties": { "tang_id": 22260, "area_km2": 0.071443 }, "geometry": { "type": "Point", "coordinates": [ 119.677952382332833, 45.448223187969219 ] } },
{ "type": "Feature", "properties": { "tang_id": 22261, "area_km2": 0.158257 }, "geometry": { "type": "Point", "coordinates": [ 119.688114813746679, 45.448636753410945 ] } },
{ "type": "Feature", "properties": { "tang_id": 22262, "area_km2": 0.011785 }, "geometry": { "type": "Point", "coordinates": [ 119.001455146767356, 45.024786679489509 ] } },
{ "type": "Feature", "properties": { "tang_id": 22263, "area_km2": 0.081512 }, "geometry": { "type": "Point", "coordinates": [ 118.792789105485951, 45.031645440339531 ] } },
{ "type": "Feature", "properties": { "tang_id": 22264, "area_km2": 0.04572 }, "geometry": { "type": "Point", "coordinates": [ 118.798880772958668, 45.033049416626795 ] } },
{ "type": "Feature", "properties": { "tang_id": 22265, "area_km2": 0.053157 }, "geometry": { "type": "Point", "coordinates": [ 118.777934770766777, 45.026817165320708 ] } },
{ "type": "Feature", "properties": { "tang_id": 22266, "area_km2": 0.06502 }, "geometry": { "type": "Point", "coordinates": [ 118.772427486493726, 45.024628316289508 ] } },
{ "type": "Feature", "properties": { "tang_id": 22267, "area_km2": 0.141803 }, "geometry": { "type": "Point", "coordinates": [ 118.768374871628851, 45.006801636893535 ] } },
{ "type": "Feature", "properties": { "tang_id": 22268, "area_km2": 0.050746 }, "geometry": { "type": "Point", "coordinates": [ 118.760892502909115, 44.9900233714731 ] } },
{ "type": "Feature", "properties": { "tang_id": 22269, "area_km2": 0.091168 }, "geometry": { "type": "Point", "coordinates": [ 118.75312994610168, 44.982154875513551 ] } },
{ "type": "Feature", "properties": { "tang_id": 22270, "area_km2": 0.133304 }, "geometry": { "type": "Point", "coordinates": [ 118.738962365852416, 44.971546217490399 ] } },
{ "type": "Feature", "properties": { "tang_id": 22271, "area_km2": 0.92391 }, "geometry": { "type": "Point", "coordinates": [ 118.947238531489077, 45.274995716113999 ] } },
{ "type": "Feature", "properties": { "tang_id": 22272, "area_km2": 1.557012 }, "geometry": { "type": "Point", "coordinates": [ 118.957979437169101, 45.263621615401576 ] } },
{ "type": "Feature", "properties": { "tang_id": 22273, "area_km2": 0.241743 }, "geometry": { "type": "Point", "coordinates": [ 119.705979254342154, 45.475358945697693 ] } },
{ "type": "Feature", "properties": { "tang_id": 22274, "area_km2": 0.012551 }, "geometry": { "type": "Point", "coordinates": [ 119.709849187611297, 45.473010304572561 ] } },
{ "type": "Feature", "properties": { "tang_id": 22278, "area_km2": 0.681937 }, "geometry": { "type": "Point", "coordinates": [ 117.386639777626613, 49.412720274331974 ] } },
{ "type": "Feature", "properties": { "tang_id": 22304, "area_km2": 3.22853 }, "geometry": { "type": "Point", "coordinates": [ 119.76684860256205, 49.371552781708886 ] } },
{ "type": "Feature", "properties": { "tang_id": 22305, "area_km2": 9.918011 }, "geometry": { "type": "Point", "coordinates": [ 119.714854262411535, 49.388543053478138 ] } },
{ "type": "Feature", "properties": { "tang_id": 22306, "area_km2": 0.514856 }, "geometry": { "type": "Point", "coordinates": [ 119.770616016147187, 49.341687312610993 ] } },
{ "type": "Feature", "properties": { "tang_id": 22307, "area_km2": 0.194434 }, "geometry": { "type": "Point", "coordinates": [ 119.766673722904585, 49.334366818498061 ] } },
{ "type": "Feature", "properties": { "tang_id": 22308, "area_km2": 0.224294 }, "geometry": { "type": "Point", "coordinates": [ 119.815729474399006, 49.355327194826188 ] } },
{ "type": "Feature", "properties": { "tang_id": 22309, "area_km2": 0.047584 }, "geometry": { "type": "Point", "coordinates": [ 119.802322427811191, 49.358295099572715 ] } },
{ "type": "Feature", "properties": { "tang_id": 22310, "area_km2": 0.026594 }, "geometry": { "type": "Point", "coordinates": [ 119.797950911790537, 49.356215051676337 ] } },
{ "type": "Feature", "properties": { "tang_id": 22311, "area_km2": 0.220967 }, "geometry": { "type": "Point", "coordinates": [ 119.803936358896181, 49.297479327947151 ] } },
{ "type": "Feature", "properties": { "tang_id": 22312, "area_km2": 0.101565 }, "geometry": { "type": "Point", "coordinates": [ 119.799237539067704, 49.299843846313813 ] } },
{ "type": "Feature", "properties": { "tang_id": 22313, "area_km2": 0.154406 }, "geometry": { "type": "Point", "coordinates": [ 119.828283258884483, 49.264305823458194 ] } },
{ "type": "Feature", "properties": { "tang_id": 22314, "area_km2": 0.030555 }, "geometry": { "type": "Point", "coordinates": [ 119.836615188155719, 49.263452817116949 ] } },
{ "type": "Feature", "properties": { "tang_id": 22315, "area_km2": 0.013596 }, "geometry": { "type": "Point", "coordinates": [ 119.811558217929758, 49.272729691020068 ] } },
{ "type": "Feature", "properties": { "tang_id": 22316, "area_km2": 0.111795 }, "geometry": { "type": "Point", "coordinates": [ 119.766524995251643, 49.348489093212081 ] } },
{ "type": "Feature", "properties": { "tang_id": 22317, "area_km2": 0.014434 }, "geometry": { "type": "Point", "coordinates": [ 119.776026041143894, 49.346009329911837 ] } },
{ "type": "Feature", "properties": { "tang_id": 22318, "area_km2": 0.009104 }, "geometry": { "type": "Point", "coordinates": [ 119.833324782702775, 49.34307041641631 ] } },
{ "type": "Feature", "properties": { "tang_id": 22319, "area_km2": 0.092531 }, "geometry": { "type": "Point", "coordinates": [ 119.838688426446083, 49.361810173495428 ] } },
{ "type": "Feature", "properties": { "tang_id": 22320, "area_km2": 0.938281 }, "geometry": { "type": "Point", "coordinates": [ 119.900028149071844, 49.240696642115637 ] } },
{ "type": "Feature", "properties": { "tang_id": 22418, "area_km2": 0.119918 }, "geometry": { "type": "Point", "coordinates": [ 119.273335439109971, 42.293666352572075 ] } },
{ "type": "Feature", "properties": { "tang_id": 22419, "area_km2": 0.039229 }, "geometry": { "type": "Point", "coordinates": [ 119.277764914863752, 42.294937828400954 ] } },
{ "type": "Feature", "properties": { "tang_id": 22485, "area_km2": 0.052747 }, "geometry": { "type": "Point", "coordinates": [ 119.237938147422909, 41.986534876064241 ] } },
{ "type": "Feature", "properties": { "tang_id": 22486, "area_km2": 0.14532 }, "geometry": { "type": "Point", "coordinates": [ 119.234310508137739, 41.986906796721364 ] } },
{ "type": "Feature", "properties": { "tang_id": 22487, "area_km2": 0.187232 }, "geometry": { "type": "Point", "coordinates": [ 119.221487274906224, 41.979762597728374 ] } },
{ "type": "Feature", "properties": { "tang_id": 22488, "area_km2": 0.223083 }, "geometry": { "type": "Point", "coordinates": [ 119.232044812825308, 41.980549838287715 ] } },
{ "type": "Feature", "properties": { "tang_id": 22489, "area_km2": 0.139614 }, "geometry": { "type": "Point", "coordinates": [ 116.243751871094631, 43.945869013425018 ] } },
{ "type": "Feature", "properties": { "tang_id": 22490, "area_km2": 0.087522 }, "geometry": { "type": "Point", "coordinates": [ 116.198308894940993, 43.93396086142414 ] } },
{ "type": "Feature", "properties": { "tang_id": 22491, "area_km2": 0.339391 }, "geometry": { "type": "Point", "coordinates": [ 118.80876435597655, 42.242661512240126 ] } },
{ "type": "Feature", "properties": { "tang_id": 22492, "area_km2": 0.007844 }, "geometry": { "type": "Point", "coordinates": [ 118.816186892383058, 42.240944952066101 ] } },
{ "type": "Feature", "properties": { "tang_id": 22493, "area_km2": 0.190375 }, "geometry": { "type": "Point", "coordinates": [ 118.800961448367929, 42.24292478511849 ] } },
{ "type": "Feature", "properties": { "tang_id": 22494, "area_km2": 0.023914 }, "geometry": { "type": "Point", "coordinates": [ 118.798893888758414, 42.245447458731512 ] } },
{ "type": "Feature", "properties": { "tang_id": 22495, "area_km2": 0.340564 }, "geometry": { "type": "Point", "coordinates": [ 118.821230160244426, 42.264951863571305 ] } },
{ "type": "Feature", "properties": { "tang_id": 22496, "area_km2": 0.020145 }, "geometry": { "type": "Point", "coordinates": [ 118.82551664074461, 42.263526394881048 ] } },
{ "type": "Feature", "properties": { "tang_id": 22497, "area_km2": 0.078052 }, "geometry": { "type": "Point", "coordinates": [ 118.830066433210959, 42.264494959600867 ] } },
{ "type": "Feature", "properties": { "tang_id": 22517, "area_km2": 0.179233 }, "geometry": { "type": "Point", "coordinates": [ 119.305688471205514, 41.520001136477532 ] } },
{ "type": "Feature", "properties": { "tang_id": 22518, "area_km2": 0.327339 }, "geometry": { "type": "Point", "coordinates": [ 119.311082356273303, 41.524978796332704 ] } },
{ "type": "Feature", "properties": { "tang_id": 22519, "area_km2": 0.265208 }, "geometry": { "type": "Point", "coordinates": [ 119.282170864365497, 41.517966476125764 ] } },
{ "type": "Feature", "properties": { "tang_id": 22520, "area_km2": 0.086403 }, "geometry": { "type": "Point", "coordinates": [ 119.314903497478099, 41.507464195262678 ] } },
{ "type": "Feature", "properties": { "tang_id": 22521, "area_km2": 0.174884 }, "geometry": { "type": "Point", "coordinates": [ 119.317860191855686, 41.501752265252044 ] } },
{ "type": "Feature", "properties": { "tang_id": 22522, "area_km2": 0.828254 }, "geometry": { "type": "Point", "coordinates": [ 119.32160466116413, 41.489148905350497 ] } },
{ "type": "Feature", "properties": { "tang_id": 22523, "area_km2": 0.043868 }, "geometry": { "type": "Point", "coordinates": [ 119.332704094871588, 41.484382780086918 ] } },
{ "type": "Feature", "properties": { "tang_id": 22524, "area_km2": 0.071782 }, "geometry": { "type": "Point", "coordinates": [ 119.313538218633113, 41.485706321096742 ] } },
{ "type": "Feature", "properties": { "tang_id": 22525, "area_km2": 0.065483 }, "geometry": { "type": "Point", "coordinates": [ 119.332166800848114, 41.466090693010763 ] } },
{ "type": "Feature", "properties": { "tang_id": 22526, "area_km2": 0.02969 }, "geometry": { "type": "Point", "coordinates": [ 119.33459487651902, 41.46358197008017 ] } },
{ "type": "Feature", "properties": { "tang_id": 22527, "area_km2": 0.049571 }, "geometry": { "type": "Point", "coordinates": [ 119.334999351804441, 41.460044701484193 ] } },
{ "type": "Feature", "properties": { "tang_id": 22528, "area_km2": 0.066006 }, "geometry": { "type": "Point", "coordinates": [ 119.346405833723523, 41.457651717024362 ] } },
{ "type": "Feature", "properties": { "tang_id": 22529, "area_km2": 0.187648 }, "geometry": { "type": "Point", "coordinates": [ 119.354458655834804, 41.464906529910948 ] } },
{ "type": "Feature", "properties": { "tang_id": 22530, "area_km2": 0.308841 }, "geometry": { "type": "Point", "coordinates": [ 119.376766296120934, 41.463730638066593 ] } },
{ "type": "Feature", "properties": { "tang_id": 22531, "area_km2": 0.027967 }, "geometry": { "type": "Point", "coordinates": [ 119.365585714040407, 41.468979596051923 ] } },
{ "type": "Feature", "properties": { "tang_id": 22532, "area_km2": 0.41168 }, "geometry": { "type": "Point", "coordinates": [ 119.361926215273741, 41.451764485707379 ] } },
{ "type": "Feature", "properties": { "tang_id": 22534, "area_km2": 0.0663 }, "geometry": { "type": "Point", "coordinates": [ 119.301667093598823, 41.467849784711177 ] } },
{ "type": "Feature", "properties": { "tang_id": 22535, "area_km2": 0.021503 }, "geometry": { "type": "Point", "coordinates": [ 119.296673005097347, 41.472021290233421 ] } },
{ "type": "Feature", "properties": { "tang_id": 22536, "area_km2": 0.01087 }, "geometry": { "type": "Point", "coordinates": [ 119.29944971395534, 41.471813306743485 ] } },
{ "type": "Feature", "properties": { "tang_id": 22537, "area_km2": 0.005405 }, "geometry": { "type": "Point", "coordinates": [ 119.30119782944972, 41.473324026556377 ] } },
{ "type": "Feature", "properties": { "tang_id": 22538, "area_km2": 0.029706 }, "geometry": { "type": "Point", "coordinates": [ 119.342950215192502, 41.434177362470507 ] } },
{ "type": "Feature", "properties": { "tang_id": 22539, "area_km2": 0.107833 }, "geometry": { "type": "Point", "coordinates": [ 119.356059098245083, 41.433605308793226 ] } },
{ "type": "Feature", "properties": { "tang_id": 22540, "area_km2": 0.056315 }, "geometry": { "type": "Point", "coordinates": [ 119.359131907487168, 41.429533849316606 ] } },
{ "type": "Feature", "properties": { "tang_id": 22541, "area_km2": 0.021493 }, "geometry": { "type": "Point", "coordinates": [ 119.358528759834684, 41.427064168712747 ] } },
{ "type": "Feature", "properties": { "tang_id": 22542, "area_km2": 0.105958 }, "geometry": { "type": "Point", "coordinates": [ 119.366850036094178, 41.428526359163584 ] } },
{ "type": "Feature", "properties": { "tang_id": 22543, "area_km2": 0.05124 }, "geometry": { "type": "Point", "coordinates": [ 119.365682924677017, 41.425548153451111 ] } },
{ "type": "Feature", "properties": { "tang_id": 22544, "area_km2": 0.047416 }, "geometry": { "type": "Point", "coordinates": [ 119.36392896781993, 41.42362198252389 ] } },
{ "type": "Feature", "properties": { "tang_id": 22545, "area_km2": 0.004546 }, "geometry": { "type": "Point", "coordinates": [ 119.363131550401832, 41.425581954690919 ] } },
{ "type": "Feature", "properties": { "tang_id": 22546, "area_km2": 0.020239 }, "geometry": { "type": "Point", "coordinates": [ 119.356662213125446, 41.42189030901914 ] } },
{ "type": "Feature", "properties": { "tang_id": 22547, "area_km2": 0.0135 }, "geometry": { "type": "Point", "coordinates": [ 119.350721285336576, 41.421950808182338 ] } },
{ "type": "Feature", "properties": { "tang_id": 22548, "area_km2": 0.01583 }, "geometry": { "type": "Point", "coordinates": [ 119.35080457201299, 41.423584671031158 ] } },
{ "type": "Feature", "properties": { "tang_id": 22549, "area_km2": 0.112631 }, "geometry": { "type": "Point", "coordinates": [ 119.368859313271912, 41.432958049561208 ] } },
{ "type": "Feature", "properties": { "tang_id": 22550, "area_km2": 0.021945 }, "geometry": { "type": "Point", "coordinates": [ 119.36997322005962, 41.430179344030471 ] } },
{ "type": "Feature", "properties": { "tang_id": 22551, "area_km2": 0.033183 }, "geometry": { "type": "Point", "coordinates": [ 119.371762372027163, 41.428606057947178 ] } },
{ "type": "Feature", "properties": { "tang_id": 22552, "area_km2": 0.024596 }, "geometry": { "type": "Point", "coordinates": [ 119.373156689704501, 41.425886262278972 ] } },
{ "type": "Feature", "properties": { "tang_id": 22553, "area_km2": 0.026036 }, "geometry": { "type": "Point", "coordinates": [ 119.375460055435326, 41.424161254553013 ] } },
{ "type": "Feature", "properties": { "tang_id": 22554, "area_km2": 0.724463 }, "geometry": { "type": "Point", "coordinates": [ 119.38053099352301, 41.429959430373849 ] } },
{ "type": "Feature", "properties": { "tang_id": 22555, "area_km2": 0.017096 }, "geometry": { "type": "Point", "coordinates": [ 119.387954208950006, 41.43668069607201 ] } },
{ "type": "Feature", "properties": { "tang_id": 22556, "area_km2": 0.056967 }, "geometry": { "type": "Point", "coordinates": [ 119.388229167963686, 41.427307070953169 ] } },
{ "type": "Feature", "properties": { "tang_id": 22557, "area_km2": 0.004478 }, "geometry": { "type": "Point", "coordinates": [ 119.385699355571887, 41.427595064470921 ] } },
{ "type": "Feature", "properties": { "tang_id": 22558, "area_km2": 0.006909 }, "geometry": { "type": "Point", "coordinates": [ 119.385792296842197, 41.42927356498496 ] } },
{ "type": "Feature", "properties": { "tang_id": 22559, "area_km2": 0.003807 }, "geometry": { "type": "Point", "coordinates": [ 119.385263298365004, 41.424657281365469 ] } },
{ "type": "Feature", "properties": { "tang_id": 22560, "area_km2": 0.013349 }, "geometry": { "type": "Point", "coordinates": [ 119.386931657999924, 41.424560064042041 ] } },
{ "type": "Feature", "properties": { "tang_id": 22570, "area_km2": 0.158651 }, "geometry": { "type": "Point", "coordinates": [ 119.384578418162832, 41.415687754223349 ] } },
{ "type": "Feature", "properties": { "tang_id": 22571, "area_km2": 0.013774 }, "geometry": { "type": "Point", "coordinates": [ 119.377941918712793, 41.419134740691334 ] } },
{ "type": "Feature", "properties": { "tang_id": 22572, "area_km2": 0.007862 }, "geometry": { "type": "Point", "coordinates": [ 119.377143539335336, 41.421014850393455 ] } },
{ "type": "Feature", "properties": { "tang_id": 22573, "area_km2": 0.002131 }, "geometry": { "type": "Point", "coordinates": [ 119.376091256332501, 41.420922221854902 ] } },
{ "type": "Feature", "properties": { "tang_id": 22575, "area_km2": 0.101838 }, "geometry": { "type": "Point", "coordinates": [ 119.235338272207159, 41.375161079218657 ] } },
{ "type": "Feature", "properties": { "tang_id": 22576, "area_km2": 0.032477 }, "geometry": { "type": "Point", "coordinates": [ 119.231159844886633, 41.375137983829333 ] } },
{ "type": "Feature", "properties": { "tang_id": 22577, "area_km2": 0.02159 }, "geometry": { "type": "Point", "coordinates": [ 119.231425413029882, 41.379465728289517 ] } },
{ "type": "Feature", "properties": { "tang_id": 22578, "area_km2": 0.074966 }, "geometry": { "type": "Point", "coordinates": [ 119.226288453060008, 41.38214218768001 ] } },
{ "type": "Feature", "properties": { "tang_id": 22579, "area_km2": 0.008785 }, "geometry": { "type": "Point", "coordinates": [ 119.228222290330166, 41.384689707041055 ] } },
{ "type": "Feature", "properties": { "tang_id": 22580, "area_km2": 0.074795 }, "geometry": { "type": "Point", "coordinates": [ 119.228221006868139, 41.391354663431748 ] } },
{ "type": "Feature", "properties": { "tang_id": 22581, "area_km2": 0.057462 }, "geometry": { "type": "Point", "coordinates": [ 119.241711522857656, 41.392478791677661 ] } },
{ "type": "Feature", "properties": { "tang_id": 22582, "area_km2": 0.002573 }, "geometry": { "type": "Point", "coordinates": [ 119.240222522734996, 41.391077077564191 ] } },
{ "type": "Feature", "properties": { "tang_id": 22583, "area_km2": 0.008604 }, "geometry": { "type": "Point", "coordinates": [ 119.2451420091149, 41.39065110608491 ] } },
{ "type": "Feature", "properties": { "tang_id": 22584, "area_km2": 0.027954 }, "geometry": { "type": "Point", "coordinates": [ 119.242953488420056, 41.389161127248798 ] } },
{ "type": "Feature", "properties": { "tang_id": 22585, "area_km2": 0.120728 }, "geometry": { "type": "Point", "coordinates": [ 119.248398031081663, 41.387304725518192 ] } },
{ "type": "Feature", "properties": { "tang_id": 22586, "area_km2": 0.037515 }, "geometry": { "type": "Point", "coordinates": [ 119.252891160440228, 41.388381266258904 ] } },
{ "type": "Feature", "properties": { "tang_id": 22587, "area_km2": 0.011575 }, "geometry": { "type": "Point", "coordinates": [ 119.241188617677665, 41.373100556568481 ] } },
{ "type": "Feature", "properties": { "tang_id": 22588, "area_km2": 0.113734 }, "geometry": { "type": "Point", "coordinates": [ 119.23925802083528, 41.376746576388229 ] } },
{ "type": "Feature", "properties": { "tang_id": 22589, "area_km2": 0.02584 }, "geometry": { "type": "Point", "coordinates": [ 119.248795694563967, 41.377187711906259 ] } },
{ "type": "Feature", "properties": { "tang_id": 22590, "area_km2": 0.102886 }, "geometry": { "type": "Point", "coordinates": [ 119.270053173911805, 41.392770764121998 ] } },
{ "type": "Feature", "properties": { "tang_id": 22591, "area_km2": 0.023236 }, "geometry": { "type": "Point", "coordinates": [ 119.261020237659523, 41.397438269368777 ] } },
{ "type": "Feature", "properties": { "tang_id": 22592, "area_km2": 0.156247 }, "geometry": { "type": "Point", "coordinates": [ 119.290067732816695, 41.326502747674553 ] } },
{ "type": "Feature", "properties": { "tang_id": 22633, "area_km2": 0.084179 }, "geometry": { "type": "Point", "coordinates": [ 113.14668827962916, 44.033337209195111 ] } },
{ "type": "Feature", "properties": { "tang_id": 22634, "area_km2": 0.101772 }, "geometry": { "type": "Point", "coordinates": [ 113.772740856341457, 43.862942371801502 ] } },
{ "type": "Feature", "properties": { "tang_id": 22820, "area_km2": 0.162455 }, "geometry": { "type": "Point", "coordinates": [ 112.505370130056349, 42.187344330820906 ] } },
{ "type": "Feature", "properties": { "tang_id": 22821, "area_km2": 0.201046 }, "geometry": { "type": "Point", "coordinates": [ 112.497846556891275, 42.180703121679251 ] } },
{ "type": "Feature", "properties": { "tang_id": 22822, "area_km2": 0.002292 }, "geometry": { "type": "Point", "coordinates": [ 112.492100896405631, 42.18302799816577 ] } },
{ "type": "Feature", "properties": { "tang_id": 22825, "area_km2": 0.006411 }, "geometry": { "type": "Point", "coordinates": [ 112.485829977743222, 42.178862035675103 ] } },
{ "type": "Feature", "properties": { "tang_id": 22826, "area_km2": 0.132002 }, "geometry": { "type": "Point", "coordinates": [ 112.476105039175621, 42.206513792408764 ] } },
{ "type": "Feature", "properties": { "tang_id": 22833, "area_km2": 0.002618 }, "geometry": { "type": "Point", "coordinates": [ 112.4706425762988, 42.209207828159492 ] } },
{ "type": "Feature", "properties": { "tang_id": 22834, "area_km2": 0.049183 }, "geometry": { "type": "Point", "coordinates": [ 112.481061170836782, 42.219443105324416 ] } },
{ "type": "Feature", "properties": { "tang_id": 22835, "area_km2": 0.032969 }, "geometry": { "type": "Point", "coordinates": [ 112.492577034407475, 42.196907215321808 ] } },
{ "type": "Feature", "properties": { "tang_id": 22836, "area_km2": 0.007411 }, "geometry": { "type": "Point", "coordinates": [ 112.504535117341717, 42.19682871990706 ] } },
{ "type": "Feature", "properties": { "tang_id": 22842, "area_km2": 0.17089 }, "geometry": { "type": "Point", "coordinates": [ 112.48814001957976, 42.214601736594666 ] } },
{ "type": "Feature", "properties": { "tang_id": 22843, "area_km2": 0.114544 }, "geometry": { "type": "Point", "coordinates": [ 112.496250586115551, 42.212663011015053 ] } },
{ "type": "Feature", "properties": { "tang_id": 22844, "area_km2": 0.056297 }, "geometry": { "type": "Point", "coordinates": [ 112.530862022539935, 42.213022969813935 ] } },
{ "type": "Feature", "properties": { "tang_id": 22845, "area_km2": 0.009843 }, "geometry": { "type": "Point", "coordinates": [ 112.533376000556089, 42.212916196535865 ] } },
{ "type": "Feature", "properties": { "tang_id": 22846, "area_km2": 0.484604 }, "geometry": { "type": "Point", "coordinates": [ 112.500655535631083, 42.229273154489157 ] } },
{ "type": "Feature", "properties": { "tang_id": 22847, "area_km2": 0.056388 }, "geometry": { "type": "Point", "coordinates": [ 112.506920525117479, 42.231268178265111 ] } },
{ "type": "Feature", "properties": { "tang_id": 22848, "area_km2": 0.00647 }, "geometry": { "type": "Point", "coordinates": [ 112.503426888770633, 42.231018928124804 ] } },
{ "type": "Feature", "properties": { "tang_id": 22849, "area_km2": 0.024796 }, "geometry": { "type": "Point", "coordinates": [ 112.508211674410617, 42.226198570769817 ] } },
{ "type": "Feature", "properties": { "tang_id": 22850, "area_km2": 0.202922 }, "geometry": { "type": "Point", "coordinates": [ 112.549858574260895, 42.175298965856143 ] } },
{ "type": "Feature", "properties": { "tang_id": 22851, "area_km2": 0.028173 }, "geometry": { "type": "Point", "coordinates": [ 112.502196447200632, 42.234186585586848 ] } },
{ "type": "Feature", "properties": { "tang_id": 22852, "area_km2": 0.048139 }, "geometry": { "type": "Point", "coordinates": [ 112.484459845286793, 42.231417816619881 ] } },
{ "type": "Feature", "properties": { "tang_id": 22853, "area_km2": 0.003081 }, "geometry": { "type": "Point", "coordinates": [ 112.481930365964061, 42.232534454388698 ] } },
{ "type": "Feature", "properties": { "tang_id": 22854, "area_km2": 0.005054 }, "geometry": { "type": "Point", "coordinates": [ 112.481843968502048, 42.233550248229385 ] } },
{ "type": "Feature", "properties": { "tang_id": 22855, "area_km2": 0.078878 }, "geometry": { "type": "Point", "coordinates": [ 112.475562657441515, 42.233048673175041 ] } },
{ "type": "Feature", "properties": { "tang_id": 22856, "area_km2": 0.015173 }, "geometry": { "type": "Point", "coordinates": [ 112.468666112383445, 42.23156560930579 ] } },
{ "type": "Feature", "properties": { "tang_id": 22857, "area_km2": 0.068492 }, "geometry": { "type": "Point", "coordinates": [ 112.464989361858045, 42.231307422589559 ] } },
{ "type": "Feature", "properties": { "tang_id": 22858, "area_km2": 0.013048 }, "geometry": { "type": "Point", "coordinates": [ 112.465325255308642, 42.229847156533943 ] } },
{ "type": "Feature", "properties": { "tang_id": 22859, "area_km2": 0.014777 }, "geometry": { "type": "Point", "coordinates": [ 112.471304781600409, 42.236856068892763 ] } },
{ "type": "Feature", "properties": { "tang_id": 22860, "area_km2": 0.013311 }, "geometry": { "type": "Point", "coordinates": [ 112.454942473880678, 42.236430060356724 ] } },
{ "type": "Feature", "properties": { "tang_id": 22861, "area_km2": 0.00826 }, "geometry": { "type": "Point", "coordinates": [ 112.45886827362807, 42.236819909827723 ] } },
{ "type": "Feature", "properties": { "tang_id": 22890, "area_km2": 0.408259 }, "geometry": { "type": "Point", "coordinates": [ 111.208287808787688, 39.944530964386956 ] } },
{ "type": "Feature", "properties": { "tang_id": 22891, "area_km2": 0.105807 }, "geometry": { "type": "Point", "coordinates": [ 111.216493500331524, 39.940366360964795 ] } },
{ "type": "Feature", "properties": { "tang_id": 22894, "area_km2": 0.065315 }, "geometry": { "type": "Point", "coordinates": [ 109.654763973462053, 40.691648768149697 ] } },
{ "type": "Feature", "properties": { "tang_id": 22900, "area_km2": 0.032359 }, "geometry": { "type": "Point", "coordinates": [ 119.326591986979636, 42.385474326984472 ] } },
{ "type": "Feature", "properties": { "tang_id": 22902, "area_km2": 0.601367 }, "geometry": { "type": "Point", "coordinates": [ 119.006463731680682, 42.269571223267 ] } },
{ "type": "Feature", "properties": { "tang_id": 22903, "area_km2": 0.042721 }, "geometry": { "type": "Point", "coordinates": [ 119.022932525272765, 42.264955494334004 ] } },
{ "type": "Feature", "properties": { "tang_id": 22904, "area_km2": 1.096699 }, "geometry": { "type": "Point", "coordinates": [ 119.016055798153531, 42.278435665686828 ] } },
{ "type": "Feature", "properties": { "tang_id": 22905, "area_km2": 0.091041 }, "geometry": { "type": "Point", "coordinates": [ 118.996272130758626, 42.279329642637471 ] } },
{ "type": "Feature", "properties": { "tang_id": 22906, "area_km2": 0.01625 }, "geometry": { "type": "Point", "coordinates": [ 118.982993821805266, 42.275631236492501 ] } },
{ "type": "Feature", "properties": { "tang_id": 22907, "area_km2": 0.008181 }, "geometry": { "type": "Point", "coordinates": [ 118.980629698347727, 42.273798575237983 ] } },
{ "type": "Feature", "properties": { "tang_id": 22908, "area_km2": 0.068822 }, "geometry": { "type": "Point", "coordinates": [ 119.056159690350995, 42.327393333940769 ] } },
{ "type": "Feature", "properties": { "tang_id": 22909, "area_km2": 0.074372 }, "geometry": { "type": "Point", "coordinates": [ 119.042807539927679, 42.337797656917694 ] } },
{ "type": "Feature", "properties": { "tang_id": 22928, "area_km2": 0.719725 }, "geometry": { "type": "Point", "coordinates": [ 119.082657476765959, 42.432487563328024 ] } },
{ "type": "Feature", "properties": { "tang_id": 22929, "area_km2": 0.145759 }, "geometry": { "type": "Point", "coordinates": [ 119.359243002602014, 42.360564406159263 ] } },
{ "type": "Feature", "properties": { "tang_id": 22930, "area_km2": 0.280788 }, "geometry": { "type": "Point", "coordinates": [ 119.346909730764082, 42.373125288958668 ] } },
{ "type": "Feature", "properties": { "tang_id": 22931, "area_km2": 0.274009 }, "geometry": { "type": "Point", "coordinates": [ 119.317987056667349, 42.391496200539045 ] } },
{ "type": "Feature", "properties": { "tang_id": 22932, "area_km2": 0.180907 }, "geometry": { "type": "Point", "coordinates": [ 119.322339471251098, 42.363119901919028 ] } },
{ "type": "Feature", "properties": { "tang_id": 22933, "area_km2": 0.015913 }, "geometry": { "type": "Point", "coordinates": [ 119.322951778737291, 42.359668624711318 ] } },
{ "type": "Feature", "properties": { "tang_id": 22942, "area_km2": 0.087577 }, "geometry": { "type": "Point", "coordinates": [ 118.936039293143324, 42.875815027366038 ] } },
{ "type": "Feature", "properties": { "tang_id": 22953, "area_km2": 0.27309 }, "geometry": { "type": "Point", "coordinates": [ 116.94474340386931, 44.0006385152709 ] } },
{ "type": "Feature", "properties": { "tang_id": 22961, "area_km2": 0.159942 }, "geometry": { "type": "Point", "coordinates": [ 120.304636927124804, 42.000799425212648 ] } },
{ "type": "Feature", "properties": { "tang_id": 22962, "area_km2": 0.016048 }, "geometry": { "type": "Point", "coordinates": [ 120.309624840382483, 41.998650013006177 ] } },
{ "type": "Feature", "properties": { "tang_id": 22963, "area_km2": 0.042844 }, "geometry": { "type": "Point", "coordinates": [ 120.30948328498468, 42.001549240567201 ] } },
{ "type": "Feature", "properties": { "tang_id": 22964, "area_km2": 0.065557 }, "geometry": { "type": "Point", "coordinates": [ 120.300541098603176, 41.97675905547068 ] } },
{ "type": "Feature", "properties": { "tang_id": 22965, "area_km2": 0.010975 }, "geometry": { "type": "Point", "coordinates": [ 120.30374428456102, 41.974441716861321 ] } },
{ "type": "Feature", "properties": { "tang_id": 22966, "area_km2": 0.178555 }, "geometry": { "type": "Point", "coordinates": [ 120.297712956100696, 41.968689807110401 ] } },
{ "type": "Feature", "properties": { "tang_id": 22967, "area_km2": 0.074122 }, "geometry": { "type": "Point", "coordinates": [ 120.291987707210907, 41.964472095781204 ] } },
{ "type": "Feature", "properties": { "tang_id": 22968, "area_km2": 0.183036 }, "geometry": { "type": "Point", "coordinates": [ 120.301173814376654, 41.964320234269152 ] } },
{ "type": "Feature", "properties": { "tang_id": 22969, "area_km2": 0.235443 }, "geometry": { "type": "Point", "coordinates": [ 120.295194978821883, 41.958626871741529 ] } },
{ "type": "Feature", "properties": { "tang_id": 22970, "area_km2": 0.127456 }, "geometry": { "type": "Point", "coordinates": [ 120.307162581441958, 41.953292024528153 ] } },
{ "type": "Feature", "properties": { "tang_id": 22971, "area_km2": 0.029673 }, "geometry": { "type": "Point", "coordinates": [ 120.337353031026254, 41.963789479747795 ] } },
{ "type": "Feature", "properties": { "tang_id": 22972, "area_km2": 0.005246 }, "geometry": { "type": "Point", "coordinates": [ 120.334494569561826, 41.9655669582081 ] } },
{ "type": "Feature", "properties": { "tang_id": 22973, "area_km2": 0.003411 }, "geometry": { "type": "Point", "coordinates": [ 120.335187614117444, 41.966217615161952 ] } },
{ "type": "Feature", "properties": { "tang_id": 22977, "area_km2": 0.440079 }, "geometry": { "type": "Point", "coordinates": [ 120.282114586222733, 41.948510075232669 ] } },
{ "type": "Feature", "properties": { "tang_id": 22978, "area_km2": 0.013783 }, "geometry": { "type": "Point", "coordinates": [ 120.279243780389479, 41.944739214261062 ] } },
{ "type": "Feature", "properties": { "tang_id": 23086, "area_km2": 0.06367 }, "geometry": { "type": "Point", "coordinates": [ 117.609549411227718, 44.488579859216877 ] } },
{ "type": "Feature", "properties": { "tang_id": 23120, "area_km2": 0.089593 }, "geometry": { "type": "Point", "coordinates": [ 117.678008454990575, 44.553125210903922 ] } },
{ "type": "Feature", "properties": { "tang_id": 23248, "area_km2": 0.253568 }, "geometry": { "type": "Point", "coordinates": [ 117.517506361250838, 44.526585467363596 ] } },
{ "type": "Feature", "properties": { "tang_id": 23249, "area_km2": 0.065569 }, "geometry": { "type": "Point", "coordinates": [ 117.513714987855366, 44.531511061401503 ] } },
{ "type": "Feature", "properties": { "tang_id": 23250, "area_km2": 2.221254 }, "geometry": { "type": "Point", "coordinates": [ 117.526828446256062, 44.53617645111359 ] } },
{ "type": "Feature", "properties": { "tang_id": 23251, "area_km2": 0.112442 }, "geometry": { "type": "Point", "coordinates": [ 117.533563120774062, 44.529376335548264 ] } },
{ "type": "Feature", "properties": { "tang_id": 23253, "area_km2": 0.13437 }, "geometry": { "type": "Point", "coordinates": [ 117.539323879431223, 44.529258737145526 ] } },
{ "type": "Feature", "properties": { "tang_id": 23254, "area_km2": 0.023124 }, "geometry": { "type": "Point", "coordinates": [ 117.542082481926556, 44.528065653939152 ] } },
{ "type": "Feature", "properties": { "tang_id": 23255, "area_km2": 0.431881 }, "geometry": { "type": "Point", "coordinates": [ 117.549806216520906, 44.530014320745885 ] } },
{ "type": "Feature", "properties": { "tang_id": 23256, "area_km2": 0.10711 }, "geometry": { "type": "Point", "coordinates": [ 117.549778243295364, 44.538802605483411 ] } },
{ "type": "Feature", "properties": { "tang_id": 23257, "area_km2": 0.031763 }, "geometry": { "type": "Point", "coordinates": [ 117.568806494343036, 44.529646936800603 ] } },
{ "type": "Feature", "properties": { "tang_id": 23258, "area_km2": 0.004807 }, "geometry": { "type": "Point", "coordinates": [ 117.567629156664253, 44.531117780177205 ] } },
{ "type": "Feature", "properties": { "tang_id": 23259, "area_km2": 0.004347 }, "geometry": { "type": "Point", "coordinates": [ 117.564449897418513, 44.531170337946811 ] } },
{ "type": "Feature", "properties": { "tang_id": 23260, "area_km2": 0.016105 }, "geometry": { "type": "Point", "coordinates": [ 117.566553904919004, 44.532615978991913 ] } },
{ "type": "Feature", "properties": { "tang_id": 23261, "area_km2": 0.023079 }, "geometry": { "type": "Point", "coordinates": [ 117.584037428996979, 44.531417911123789 ] } },
{ "type": "Feature", "properties": { "tang_id": 23262, "area_km2": 0.62292 }, "geometry": { "type": "Point", "coordinates": [ 117.553640651283942, 44.551550950973308 ] } },
{ "type": "Feature", "properties": { "tang_id": 23263, "area_km2": 0.13959 }, "geometry": { "type": "Point", "coordinates": [ 117.540836935644293, 44.545356691777997 ] } },
{ "type": "Feature", "properties": { "tang_id": 23264, "area_km2": 0.172999 }, "geometry": { "type": "Point", "coordinates": [ 117.567738576759979, 44.557498625589105 ] } },
{ "type": "Feature", "properties": { "tang_id": 23265, "area_km2": 0.057139 }, "geometry": { "type": "Point", "coordinates": [ 117.574452645620298, 44.558734415676192 ] } },
{ "type": "Feature", "properties": { "tang_id": 23266, "area_km2": 0.0178 }, "geometry": { "type": "Point", "coordinates": [ 117.571462715763246, 44.560805925859533 ] } },
{ "type": "Feature", "properties": { "tang_id": 23267, "area_km2": 0.079734 }, "geometry": { "type": "Point", "coordinates": [ 117.579281694949799, 44.562551127511959 ] } },
{ "type": "Feature", "properties": { "tang_id": 23268, "area_km2": 0.120684 }, "geometry": { "type": "Point", "coordinates": [ 117.504032234666653, 44.526251890019147 ] } },
{ "type": "Feature", "properties": { "tang_id": 23269, "area_km2": 0.006111 }, "geometry": { "type": "Point", "coordinates": [ 117.49553237411105, 44.529076078852484 ] } },
{ "type": "Feature", "properties": { "tang_id": 23270, "area_km2": 0.289885 }, "geometry": { "type": "Point", "coordinates": [ 117.908394386389816, 44.472591823272722 ] } },
{ "type": "Feature", "properties": { "tang_id": 23271, "area_km2": 0.032886 }, "geometry": { "type": "Point", "coordinates": [ 117.899820731938902, 44.467760675190789 ] } },
{ "type": "Feature", "properties": { "tang_id": 23272, "area_km2": 0.061015 }, "geometry": { "type": "Point", "coordinates": [ 117.912009028429225, 44.465400211455538 ] } },
{ "type": "Feature", "properties": { "tang_id": 23273, "area_km2": 0.097729 }, "geometry": { "type": "Point", "coordinates": [ 117.831286344546456, 44.424111621235653 ] } },
{ "type": "Feature", "properties": { "tang_id": 23274, "area_km2": 0.010509 }, "geometry": { "type": "Point", "coordinates": [ 117.825081848103395, 44.421121367249086 ] } },
{ "type": "Feature", "properties": { "tang_id": 23303, "area_km2": 0.033184 }, "geometry": { "type": "Point", "coordinates": [ 117.545160006621728, 44.117359318875977 ] } },
{ "type": "Feature", "properties": { "tang_id": 23304, "area_km2": 0.01441 }, "geometry": { "type": "Point", "coordinates": [ 117.587417922791687, 44.548608954863198 ] } },
{ "type": "Feature", "properties": { "tang_id": 23305, "area_km2": 0.045129 }, "geometry": { "type": "Point", "coordinates": [ 117.587705238939193, 44.551668878870501 ] } },
{ "type": "Feature", "properties": { "tang_id": 23306, "area_km2": 0.036175 }, "geometry": { "type": "Point", "coordinates": [ 117.590684341671107, 44.554175790100402 ] } },
{ "type": "Feature", "properties": { "tang_id": 23640, "area_km2": 0.228634 }, "geometry": { "type": "Point", "coordinates": [ 117.552466407586778, 44.098517171546952 ] } },
{ "type": "Feature", "properties": { "tang_id": 23716, "area_km2": 0.320543 }, "geometry": { "type": "Point", "coordinates": [ 117.54997808267089, 44.106710032307852 ] } },
{ "type": "Feature", "properties": { "tang_id": 23717, "area_km2": 0.439868 }, "geometry": { "type": "Point", "coordinates": [ 117.544258879038765, 44.110933690281648 ] } },
{ "type": "Feature", "properties": { "tang_id": 23718, "area_km2": 0.385907 }, "geometry": { "type": "Point", "coordinates": [ 117.530721041132324, 44.107841544725723 ] } },
{ "type": "Feature", "properties": { "tang_id": 23719, "area_km2": 0.024747 }, "geometry": { "type": "Point", "coordinates": [ 117.52427862745165, 44.111624799493946 ] } },
{ "type": "Feature", "properties": { "tang_id": 23720, "area_km2": 0.005679 }, "geometry": { "type": "Point", "coordinates": [ 117.526887374975743, 44.112310928351761 ] } },
{ "type": "Feature", "properties": { "tang_id": 23721, "area_km2": 0.005872 }, "geometry": { "type": "Point", "coordinates": [ 117.523786366703732, 44.114141513394941 ] } },
{ "type": "Feature", "properties": { "tang_id": 23722, "area_km2": 0.123125 }, "geometry": { "type": "Point", "coordinates": [ 117.613468093264302, 44.551375224926723 ] } },
{ "type": "Feature", "properties": { "tang_id": 23723, "area_km2": 0.080568 }, "geometry": { "type": "Point", "coordinates": [ 117.60858673218226, 44.550486921606833 ] } },
{ "type": "Feature", "properties": { "tang_id": 23943, "area_km2": 0.364614 }, "geometry": { "type": "Point", "coordinates": [ 118.457872438467135, 44.755622111768218 ] } },
{ "type": "Feature", "properties": { "tang_id": 23944, "area_km2": 0.124127 }, "geometry": { "type": "Point", "coordinates": [ 118.424780435998912, 44.750662392240166 ] } },
{ "type": "Feature", "properties": { "tang_id": 23945, "area_km2": 0.23663 }, "geometry": { "type": "Point", "coordinates": [ 118.440728714637828, 44.747984983267862 ] } },
{ "type": "Feature", "properties": { "tang_id": 23946, "area_km2": 0.30456 }, "geometry": { "type": "Point", "coordinates": [ 118.461156467047715, 44.765475067248019 ] } },
{ "type": "Feature", "properties": { "tang_id": 23947, "area_km2": 0.059255 }, "geometry": { "type": "Point", "coordinates": [ 118.48949739476322, 44.771523727230338 ] } },
{ "type": "Feature", "properties": { "tang_id": 23948, "area_km2": 0.101218 }, "geometry": { "type": "Point", "coordinates": [ 118.477350184712407, 44.773242934874126 ] } },
{ "type": "Feature", "properties": { "tang_id": 23949, "area_km2": 0.035757 }, "geometry": { "type": "Point", "coordinates": [ 118.477399609782992, 44.769295272974226 ] } },
{ "type": "Feature", "properties": { "tang_id": 23950, "area_km2": 0.149377 }, "geometry": { "type": "Point", "coordinates": [ 118.491664877546299, 44.781875674896831 ] } },
{ "type": "Feature", "properties": { "tang_id": 23951, "area_km2": 0.068107 }, "geometry": { "type": "Point", "coordinates": [ 118.509023943466957, 44.801549125829176 ] } },
{ "type": "Feature", "properties": { "tang_id": 24046, "area_km2": 0.13467 }, "geometry": { "type": "Point", "coordinates": [ 119.145327894958811, 44.485040984643184 ] } },
{ "type": "Feature", "properties": { "tang_id": 24047, "area_km2": 0.541494 }, "geometry": { "type": "Point", "coordinates": [ 119.135485514494263, 44.499306037557943 ] } },
{ "type": "Feature", "properties": { "tang_id": 24048, "area_km2": 0.050167 }, "geometry": { "type": "Point", "coordinates": [ 119.139756350366412, 44.503466412151887 ] } },
{ "type": "Feature", "properties": { "tang_id": 24049, "area_km2": 0.018107 }, "geometry": { "type": "Point", "coordinates": [ 119.142393703114507, 44.504850717308081 ] } },
{ "type": "Feature", "properties": { "tang_id": 24050, "area_km2": 0.045662 }, "geometry": { "type": "Point", "coordinates": [ 119.135472429406789, 44.505042016385879 ] } },
{ "type": "Feature", "properties": { "tang_id": 24051, "area_km2": 0.011637 }, "geometry": { "type": "Point", "coordinates": [ 119.140079937603801, 44.506740766624205 ] } },
{ "type": "Feature", "properties": { "tang_id": 24137, "area_km2": 0.012087 }, "geometry": { "type": "Point", "coordinates": [ 118.906215216356784, 44.464622267289279 ] } },
{ "type": "Feature", "properties": { "tang_id": 24138, "area_km2": 0.092668 }, "geometry": { "type": "Point", "coordinates": [ 118.898938177638698, 44.461687256183517 ] } },
{ "type": "Feature", "properties": { "tang_id": 24139, "area_km2": 0.412818 }, "geometry": { "type": "Point", "coordinates": [ 118.932527365623542, 44.440323970256458 ] } },
{ "type": "Feature", "properties": { "tang_id": 24303, "area_km2": 0.140498 }, "geometry": { "type": "Point", "coordinates": [ 118.770491846754624, 44.979899661476807 ] } },
{ "type": "Feature", "properties": { "tang_id": 24304, "area_km2": 0.036692 }, "geometry": { "type": "Point", "coordinates": [ 118.716086596930083, 44.959460349186621 ] } },
{ "type": "Feature", "properties": { "tang_id": 24305, "area_km2": 0.010314 }, "geometry": { "type": "Point", "coordinates": [ 118.721121297246043, 44.958505445262716 ] } },
{ "type": "Feature", "properties": { "tang_id": 24306, "area_km2": 0.097911 }, "geometry": { "type": "Point", "coordinates": [ 118.706776970168079, 44.960137887063318 ] } },
{ "type": "Feature", "properties": { "tang_id": 24321, "area_km2": 3.236048 }, "geometry": { "type": "Point", "coordinates": [ 120.228204513474012, 44.534441763216876 ] } },
{ "type": "Feature", "properties": { "tang_id": 24324, "area_km2": 1.769338 }, "geometry": { "type": "Point", "coordinates": [ 120.17498778111171, 44.511668175018336 ] } },
{ "type": "Feature", "properties": { "tang_id": 24325, "area_km2": 0.061336 }, "geometry": { "type": "Point", "coordinates": [ 120.219391019420001, 44.481852709746256 ] } },
{ "type": "Feature", "properties": { "tang_id": 24489, "area_km2": 0.117539 }, "geometry": { "type": "Point", "coordinates": [ 119.425498468881273, 45.439115631981949 ] } },
{ "type": "Feature", "properties": { "tang_id": 24507, "area_km2": 0.045626 }, "geometry": { "type": "Point", "coordinates": [ 121.424942505961198, 45.385853944030124 ] } },
{ "type": "Feature", "properties": { "tang_id": 24510, "area_km2": 0.259503 }, "geometry": { "type": "Point", "coordinates": [ 119.692373833993344, 45.513252168496315 ] } },
{ "type": "Feature", "properties": { "tang_id": 24511, "area_km2": 0.056579 }, "geometry": { "type": "Point", "coordinates": [ 119.693733670209625, 45.503877402406403 ] } },
{ "type": "Feature", "properties": { "tang_id": 24512, "area_km2": 8.953253 }, "geometry": { "type": "Point", "coordinates": [ 119.372305099558986, 45.337265366674053 ] } },
{ "type": "Feature", "properties": { "tang_id": 24524, "area_km2": 0.514845 }, "geometry": { "type": "Point", "coordinates": [ 120.539986537880864, 49.236141364553355 ] } },
{ "type": "Feature", "properties": { "tang_id": 24537, "area_km2": 0.143433 }, "geometry": { "type": "Point", "coordinates": [ 121.488267224508988, 45.402099978865763 ] } },
{ "type": "Feature", "properties": { "tang_id": 24538, "area_km2": 0.071331 }, "geometry": { "type": "Point", "coordinates": [ 121.486045638795204, 45.39758544321495 ] } },
{ "type": "Feature", "properties": { "tang_id": 24743, "area_km2": 0.420632 }, "geometry": { "type": "Point", "coordinates": [ 117.76966321541174, 49.461302682695639 ] } },
{ "type": "Feature", "properties": { "tang_id": 24744, "area_km2": 0.022269 }, "geometry": { "type": "Point", "coordinates": [ 117.791686036028153, 49.453810770588724 ] } },
{ "type": "Feature", "properties": { "tang_id": 24745, "area_km2": 0.108949 }, "geometry": { "type": "Point", "coordinates": [ 117.839697107460424, 49.422202515095485 ] } },
{ "type": "Feature", "properties": { "tang_id": 24746, "area_km2": 0.280964 }, "geometry": { "type": "Point", "coordinates": [ 117.828035852686014, 49.428937679873819 ] } },
{ "type": "Feature", "properties": { "tang_id": 24747, "area_km2": 0.434815 }, "geometry": { "type": "Point", "coordinates": [ 117.845860315508972, 49.415646499688748 ] } },
{ "type": "Feature", "properties": { "tang_id": 24748, "area_km2": 0.063601 }, "geometry": { "type": "Point", "coordinates": [ 117.88105098485471, 49.377564591697279 ] } },
{ "type": "Feature", "properties": { "tang_id": 24806, "area_km2": 7.022824 }, "geometry": { "type": "Point", "coordinates": [ 119.704308668666727, 48.57967641448969 ] } },
{ "type": "Feature", "properties": { "tang_id": 24807, "area_km2": 0.346593 }, "geometry": { "type": "Point", "coordinates": [ 119.744391730678743, 48.673421022314841 ] } },
{ "type": "Feature", "properties": { "tang_id": 24895, "area_km2": 0.189873 }, "geometry": { "type": "Point", "coordinates": [ 120.560587530268648, 49.244364559230128 ] } },
{ "type": "Feature", "properties": { "tang_id": 24913, "area_km2": 0.190528 }, "geometry": { "type": "Point", "coordinates": [ 120.530639662803878, 49.177164024551473 ] } },
{ "type": "Feature", "properties": { "tang_id": 24974, "area_km2": 0.233573 }, "geometry": { "type": "Point", "coordinates": [ 120.224130525851535, 50.173504387200794 ] } },
{ "type": "Feature", "properties": { "tang_id": 24975, "area_km2": 0.142512 }, "geometry": { "type": "Point", "coordinates": [ 120.208202223078118, 50.178360544852886 ] } },
{ "type": "Feature", "properties": { "tang_id": 25015, "area_km2": 0.0708 }, "geometry": { "type": "Point", "coordinates": [ 120.556147548207719, 49.240208248517121 ] } },
{ "type": "Feature", "properties": { "tang_id": 25488, "area_km2": 0.355998 }, "geometry": { "type": "Point", "coordinates": [ 110.001062637533835, 39.221522567467801 ] } },
{ "type": "Feature", "properties": { "tang_id": 25489, "area_km2": 0.0219 }, "geometry": { "type": "Point", "coordinates": [ 109.99524917155999, 39.225645705026132 ] } },
{ "type": "Feature", "properties": { "tang_id": 25594, "area_km2": 0.072089 }, "geometry": { "type": "Point", "coordinates": [ 109.995267930594267, 39.204666384862421 ] } },
{ "type": "Feature", "properties": { "tang_id": 27138, "area_km2": 0.102301 }, "geometry": { "type": "Point", "coordinates": [ 110.034695696800441, 39.2170195192516 ] } },
{ "type": "Feature", "properties": { "tang_id": 27519, "area_km2": 0.354 }, "geometry": { "type": "Point", "coordinates": [ 110.054620178531849, 39.221520132417261 ] } },
{ "type": "Feature", "properties": { "tang_id": 27556, "area_km2": 127.670521 }, "geometry": { "type": "Point", "coordinates": [ 106.937366553805347, 39.507867820370336 ] } },
{ "type": "Feature", "properties": { "tang_id": 27557, "area_km2": 0.431993 }, "geometry": { "type": "Point", "coordinates": [ 106.920960270573119, 39.444746172008607 ] } },
{ "type": "Feature", "properties": { "tang_id": 27558, "area_km2": 1.330668 }, "geometry": { "type": "Point", "coordinates": [ 106.910733065049072, 39.456050054045733 ] } },
{ "type": "Feature", "properties": { "tang_id": 27566, "area_km2": 2.49956 }, "geometry": { "type": "Point", "coordinates": [ 119.104604474747774, 42.415184793329686 ] } },
{ "type": "Feature", "properties": { "tang_id": 27568, "area_km2": 0.135873 }, "geometry": { "type": "Point", "coordinates": [ 119.270212698180671, 42.300522227483839 ] } },
{ "type": "Feature", "properties": { "tang_id": 27569, "area_km2": 0.773893 }, "geometry": { "type": "Point", "coordinates": [ 119.21116069360238, 42.318456712152788 ] } },
{ "type": "Feature", "properties": { "tang_id": 27570, "area_km2": 0.979903 }, "geometry": { "type": "Point", "coordinates": [ 116.115869600307235, 44.119940515772733 ] } },
{ "type": "Feature", "properties": { "tang_id": 27571, "area_km2": 0.508929 }, "geometry": { "type": "Point", "coordinates": [ 119.249999183058236, 42.268797218949196 ] } },
{ "type": "Feature", "properties": { "tang_id": 27572, "area_km2": 0.067529 }, "geometry": { "type": "Point", "coordinates": [ 119.238024525898311, 42.274858606238148 ] } },
{ "type": "Feature", "properties": { "tang_id": 27573, "area_km2": 0.173363 }, "geometry": { "type": "Point", "coordinates": [ 119.225086329866159, 42.251476236665908 ] } },
{ "type": "Feature", "properties": { "tang_id": 27574, "area_km2": 0.13253 }, "geometry": { "type": "Point", "coordinates": [ 119.790117606134345, 49.298942273619296 ] } },
{ "type": "Feature", "properties": { "tang_id": 27575, "area_km2": 1.276473 }, "geometry": { "type": "Point", "coordinates": [ 119.779453973860001, 49.281051109199453 ] } },
{ "type": "Feature", "properties": { "tang_id": 27576, "area_km2": 0.086301 }, "geometry": { "type": "Point", "coordinates": [ 119.735818797909943, 49.300331971865255 ] } },
{ "type": "Feature", "properties": { "tang_id": 27581, "area_km2": 0.61626 }, "geometry": { "type": "Point", "coordinates": [ 119.667760065658598, 49.353959908022894 ] } },
{ "type": "Feature", "properties": { "tang_id": 27601, "area_km2": 0.791081 }, "geometry": { "type": "Point", "coordinates": [ 106.898615647255994, 39.465773330819026 ] } },
{ "type": "Feature", "properties": { "tang_id": 27603, "area_km2": 0.051978 }, "geometry": { "type": "Point", "coordinates": [ 106.560880338865445, 39.574516009019682 ] } },
{ "type": "Feature", "properties": { "tang_id": 27604, "area_km2": 0.044746 }, "geometry": { "type": "Point", "coordinates": [ 106.556315794634187, 39.580276200965073 ] } },
{ "type": "Feature", "properties": { "tang_id": 27605, "area_km2": 0.005541 }, "geometry": { "type": "Point", "coordinates": [ 106.563411222067558, 39.585582980328923 ] } },
{ "type": "Feature", "properties": { "tang_id": 27606, "area_km2": 0.175031 }, "geometry": { "type": "Point", "coordinates": [ 106.559527415749571, 39.589901356929566 ] } },
{ "type": "Feature", "properties": { "tang_id": 27607, "area_km2": 0.156126 }, "geometry": { "type": "Point", "coordinates": [ 106.555485725954185, 39.593121001120622 ] } },
{ "type": "Feature", "properties": { "tang_id": 27608, "area_km2": 0.636545 }, "geometry": { "type": "Point", "coordinates": [ 106.840101395113138, 39.457606472588481 ] } },
{ "type": "Feature", "properties": { "tang_id": 27609, "area_km2": 0.082212 }, "geometry": { "type": "Point", "coordinates": [ 106.827439301502096, 39.443195192686552 ] } },
{ "type": "Feature", "properties": { "tang_id": 27610, "area_km2": 0.090564 }, "geometry": { "type": "Point", "coordinates": [ 106.831967462418049, 39.44110673038206 ] } },
{ "type": "Feature", "properties": { "tang_id": 27611, "area_km2": 0.670901 }, "geometry": { "type": "Point", "coordinates": [ 106.53097642548353, 39.589253115921153 ] } },
{ "type": "Feature", "properties": { "tang_id": 27612, "area_km2": 0.018643 }, "geometry": { "type": "Point", "coordinates": [ 106.552307940848976, 39.576592723805845 ] } },
{ "type": "Feature", "properties": { "tang_id": 27627, "area_km2": 0.283631 }, "geometry": { "type": "Point", "coordinates": [ 106.878750248462595, 39.473576580292068 ] } },
{ "type": "Feature", "properties": { "tang_id": 27670, "area_km2": 0.371771 }, "geometry": { "type": "Point", "coordinates": [ 106.731902309717739, 39.462680446352849 ] } },
{ "type": "Feature", "properties": { "tang_id": 27671, "area_km2": 0.173045 }, "geometry": { "type": "Point", "coordinates": [ 106.735507367039332, 39.469583948826255 ] } },
{ "type": "Feature", "properties": { "tang_id": 27672, "area_km2": 0.741147 }, "geometry": { "type": "Point", "coordinates": [ 106.732778303627114, 39.475218537936769 ] } },
{ "type": "Feature", "properties": { "tang_id": 27673, "area_km2": 0.090022 }, "geometry": { "type": "Point", "coordinates": [ 106.735993203685666, 39.486713117311169 ] } },
{ "type": "Feature", "properties": { "tang_id": 27674, "area_km2": 2.261974 }, "geometry": { "type": "Point", "coordinates": [ 106.669574065130973, 39.464133564560129 ] } },
{ "type": "Feature", "properties": { "tang_id": 27676, "area_km2": 0.092872 }, "geometry": { "type": "Point", "coordinates": [ 106.814732650315889, 40.978405037295722 ] } },
{ "type": "Feature", "properties": { "tang_id": 27677, "area_km2": 0.047425 }, "geometry": { "type": "Point", "coordinates": [ 106.68359971570932, 39.530236121916801 ] } },
{ "type": "Feature", "properties": { "tang_id": 27678, "area_km2": 0.037889 }, "geometry": { "type": "Point", "coordinates": [ 106.674101289233576, 39.53225409979953 ] } },
{ "type": "Feature", "properties": { "tang_id": 27679, "area_km2": 0.054349 }, "geometry": { "type": "Point", "coordinates": [ 106.673254371312595, 39.529044947665206 ] } },
{ "type": "Feature", "properties": { "tang_id": 27680, "area_km2": 0.008903 }, "geometry": { "type": "Point", "coordinates": [ 106.680700871980633, 39.533796525658772 ] } },
{ "type": "Feature", "properties": { "tang_id": 27681, "area_km2": 0.033879 }, "geometry": { "type": "Point", "coordinates": [ 106.684429753407471, 39.57182903527324 ] } },
{ "type": "Feature", "properties": { "tang_id": 27699, "area_km2": 0.113581 }, "geometry": { "type": "Point", "coordinates": [ 109.917438762199623, 39.212790693191387 ] } },
{ "type": "Feature", "properties": { "tang_id": 27700, "area_km2": 0.11457 }, "geometry": { "type": "Point", "coordinates": [ 109.885341948200789, 39.215917166881525 ] } },
{ "type": "Feature", "properties": { "tang_id": 27701, "area_km2": 0.079146 }, "geometry": { "type": "Point", "coordinates": [ 109.868484800893555, 39.219893317528324 ] } },
{ "type": "Feature", "properties": { "tang_id": 27710, "area_km2": 0.093151 }, "geometry": { "type": "Point", "coordinates": [ 109.962907914586637, 39.180413753535142 ] } },
{ "type": "Feature", "properties": { "tang_id": 27712, "area_km2": 0.052535 }, "geometry": { "type": "Point", "coordinates": [ 109.916535078295951, 39.198171913913683 ] } },
{ "type": "Feature", "properties": { "tang_id": 27716, "area_km2": 0.041724 }, "geometry": { "type": "Point", "coordinates": [ 109.925615613716133, 39.199185770660655 ] } },
{ "type": "Feature", "properties": { "tang_id": 27719, "area_km2": 0.022896 }, "geometry": { "type": "Point", "coordinates": [ 109.9873541750013, 39.19620174490862 ] } },
{ "type": "Feature", "properties": { "tang_id": 27720, "area_km2": 0.027867 }, "geometry": { "type": "Point", "coordinates": [ 109.980703064464052, 39.201029404352226 ] } },
{ "type": "Feature", "properties": { "tang_id": 27745, "area_km2": 0.090833 }, "geometry": { "type": "Point", "coordinates": [ 109.933321436666319, 39.206963746881073 ] } },
{ "type": "Feature", "properties": { "tang_id": 27746, "area_km2": 0.066661 }, "geometry": { "type": "Point", "coordinates": [ 109.929355277938384, 39.207026786082317 ] } },
{ "type": "Feature", "properties": { "tang_id": 27747, "area_km2": 0.020417 }, "geometry": { "type": "Point", "coordinates": [ 109.937698481456195, 39.203666384465329 ] } },
{ "type": "Feature", "properties": { "tang_id": 27760, "area_km2": 0.51304 }, "geometry": { "type": "Point", "coordinates": [ 107.09378113567665, 39.624143124581479 ] } },
{ "type": "Feature", "properties": { "tang_id": 27761, "area_km2": 0.814023 }, "geometry": { "type": "Point", "coordinates": [ 110.139108736383392, 39.364348345832397 ] } },
{ "type": "Feature", "properties": { "tang_id": 27771, "area_km2": 0.261113 }, "geometry": { "type": "Point", "coordinates": [ 109.694544117865192, 39.627861847323828 ] } },
{ "type": "Feature", "properties": { "tang_id": 27785, "area_km2": 2.479844 }, "geometry": { "type": "Point", "coordinates": [ 110.102731835796916, 39.41710316953251 ] } },
{ "type": "Feature", "properties": { "tang_id": 27813, "area_km2": 2.135811 }, "geometry": { "type": "Point", "coordinates": [ 107.073695143062295, 39.62401500751016 ] } },
{ "type": "Feature", "properties": { "tang_id": 27814, "area_km2": 0.100174 }, "geometry": { "type": "Point", "coordinates": [ 107.028468515933724, 39.58658924213303 ] } },
{ "type": "Feature", "properties": { "tang_id": 27815, "area_km2": 0.006967 }, "geometry": { "type": "Point", "coordinates": [ 107.030957409851183, 39.583675838799763 ] } },
{ "type": "Feature", "properties": { "tang_id": 27816, "area_km2": 0.083252 }, "geometry": { "type": "Point", "coordinates": [ 107.027534004620861, 39.59102578619234 ] } },
{ "type": "Feature", "properties": { "tang_id": 27817, "area_km2": 1.328041 }, "geometry": { "type": "Point", "coordinates": [ 107.020106183434521, 39.598379940630139 ] } },
{ "type": "Feature", "properties": { "tang_id": 27818, "area_km2": 0.044885 }, "geometry": { "type": "Point", "coordinates": [ 107.069994401703397, 39.564691083579376 ] } },
{ "type": "Feature", "properties": { "tang_id": 27819, "area_km2": 0.002996 }, "geometry": { "type": "Point", "coordinates": [ 107.066948192957184, 39.565781406913423 ] } },
{ "type": "Feature", "properties": { "tang_id": 27820, "area_km2": 0.071564 }, "geometry": { "type": "Point", "coordinates": [ 107.041385841187932, 39.660454009430154 ] } },
{ "type": "Feature", "properties": { "tang_id": 27821, "area_km2": 0.009174 }, "geometry": { "type": "Point", "coordinates": [ 107.038166774222063, 39.659549285893853 ] } },
{ "type": "Feature", "properties": { "tang_id": 27822, "area_km2": 0.147782 }, "geometry": { "type": "Point", "coordinates": [ 107.039038093988452, 39.664838770248949 ] } },
{ "type": "Feature", "properties": { "tang_id": 27823, "area_km2": 0.038351 }, "geometry": { "type": "Point", "coordinates": [ 107.040669638469595, 39.672207106911088 ] } },
{ "type": "Feature", "properties": { "tang_id": 27824, "area_km2": 0.506386 }, "geometry": { "type": "Point", "coordinates": [ 107.014662675407024, 39.73520774343811 ] } },
{ "type": "Feature", "properties": { "tang_id": 27855, "area_km2": 0.159938 }, "geometry": { "type": "Point", "coordinates": [ 110.121135273181466, 39.347808363332227 ] } },
{ "type": "Feature", "properties": { "tang_id": 27856, "area_km2": 0.328456 }, "geometry": { "type": "Point", "coordinates": [ 110.10883483542618, 39.348263302028343 ] } },
{ "type": "Feature", "properties": { "tang_id": 27857, "area_km2": 0.04035 }, "geometry": { "type": "Point", "coordinates": [ 110.103374005764906, 39.344794571186519 ] } },
{ "type": "Feature", "properties": { "tang_id": 27858, "area_km2": 0.019078 }, "geometry": { "type": "Point", "coordinates": [ 110.105497374028545, 39.345956256946245 ] } },
{ "type": "Feature", "properties": { "tang_id": 27859, "area_km2": 0.02984 }, "geometry": { "type": "Point", "coordinates": [ 110.097958046546623, 39.349019205918047 ] } },
{ "type": "Feature", "properties": { "tang_id": 27860, "area_km2": 0.49753 }, "geometry": { "type": "Point", "coordinates": [ 110.147633368128439, 39.355960396363322 ] } },
{ "type": "Feature", "properties": { "tang_id": 27861, "area_km2": 0.090706 }, "geometry": { "type": "Point", "coordinates": [ 107.484959499366283, 40.546246318150423 ] } },
{ "type": "Feature", "properties": { "tang_id": 27862, "area_km2": 0.053518 }, "geometry": { "type": "Point", "coordinates": [ 107.478726572198724, 40.544178282870227 ] } },
{ "type": "Feature", "properties": { "tang_id": 27863, "area_km2": 0.20691 }, "geometry": { "type": "Point", "coordinates": [ 107.473943104075332, 40.547098620941341 ] } },
{ "type": "Feature", "properties": { "tang_id": 27869, "area_km2": 0.492666 }, "geometry": { "type": "Point", "coordinates": [ 110.107745622659138, 39.334266996131888 ] } },
{ "type": "Feature", "properties": { "tang_id": 27870, "area_km2": 0.336066 }, "geometry": { "type": "Point", "coordinates": [ 110.120686101267808, 39.339187939707067 ] } },
{ "type": "Feature", "properties": { "tang_id": 27871, "area_km2": 28.476899 }, "geometry": { "type": "Point", "coordinates": [ 106.892581195170948, 39.733540952521395 ] } },
{ "type": "Feature", "properties": { "tang_id": 27872, "area_km2": 0.924644 }, "geometry": { "type": "Point", "coordinates": [ 106.908114415747121, 39.801378588752222 ] } },
{ "type": "Feature", "properties": { "tang_id": 27874, "area_km2": 0.36557 }, "geometry": { "type": "Point", "coordinates": [ 106.863768302351133, 39.840777383655649 ] } },
{ "type": "Feature", "properties": { "tang_id": 27875, "area_km2": 0.17097 }, "geometry": { "type": "Point", "coordinates": [ 106.859633754383907, 39.843801753365632 ] } },
{ "type": "Feature", "properties": { "tang_id": 27876, "area_km2": 0.130441 }, "geometry": { "type": "Point", "coordinates": [ 106.863888926215054, 39.846541301332444 ] } },
{ "type": "Feature", "properties": { "tang_id": 27877, "area_km2": 0.013712 }, "geometry": { "type": "Point", "coordinates": [ 106.859301294222689, 39.847941218817176 ] } },
{ "type": "Feature", "properties": { "tang_id": 27878, "area_km2": 0.293269 }, "geometry": { "type": "Point", "coordinates": [ 106.899080596342131, 39.873041673540136 ] } },
{ "type": "Feature", "properties": { "tang_id": 27879, "area_km2": 0.052361 }, "geometry": { "type": "Point", "coordinates": [ 106.900585806131858, 39.878459436562778 ] } },
{ "type": "Feature", "properties": { "tang_id": 27880, "area_km2": 0.046371 }, "geometry": { "type": "Point", "coordinates": [ 106.90185065967853, 39.880365373075584 ] } },
{ "type": "Feature", "properties": { "tang_id": 27881, "area_km2": 0.090655 }, "geometry": { "type": "Point", "coordinates": [ 106.905356446348605, 39.878183579635383 ] } },
{ "type": "Feature", "properties": { "tang_id": 27882, "area_km2": 0.068647 }, "geometry": { "type": "Point", "coordinates": [ 106.929353720440588, 39.882003239130896 ] } },
{ "type": "Feature", "properties": { "tang_id": 27883, "area_km2": 0.004995 }, "geometry": { "type": "Point", "coordinates": [ 106.934456505197929, 39.892021598588073 ] } },
{ "type": "Feature", "properties": { "tang_id": 27884, "area_km2": 0.008124 }, "geometry": { "type": "Point", "coordinates": [ 106.933659435540363, 39.892519970137627 ] } },
{ "type": "Feature", "properties": { "tang_id": 27885, "area_km2": 0.041066 }, "geometry": { "type": "Point", "coordinates": [ 106.929614213280416, 39.891556743360603 ] } },
{ "type": "Feature", "properties": { "tang_id": 27886, "area_km2": 0.056459 }, "geometry": { "type": "Point", "coordinates": [ 106.925039399740299, 39.894225905378335 ] } },
{ "type": "Feature", "properties": { "tang_id": 27887, "area_km2": 0.031629 }, "geometry": { "type": "Point", "coordinates": [ 106.946031182265102, 39.888723732268431 ] } },
{ "type": "Feature", "properties": { "tang_id": 27888, "area_km2": 0.00626 }, "geometry": { "type": "Point", "coordinates": [ 106.950317845284175, 39.888618806045734 ] } },
{ "type": "Feature", "properties": { "tang_id": 27889, "area_km2": 0.050793 }, "geometry": { "type": "Point", "coordinates": [ 106.966277800380283, 39.892119538186599 ] } },
{ "type": "Feature", "properties": { "tang_id": 27890, "area_km2": 0.031381 }, "geometry": { "type": "Point", "coordinates": [ 106.969669335853965, 39.895114779231875 ] } },
{ "type": "Feature", "properties": { "tang_id": 27891, "area_km2": 0.384802 }, "geometry": { "type": "Point", "coordinates": [ 106.934615070657046, 39.863569019540165 ] } },
{ "type": "Feature", "properties": { "tang_id": 27892, "area_km2": 0.040028 }, "geometry": { "type": "Point", "coordinates": [ 106.936845577699515, 39.866335283074328 ] } },
{ "type": "Feature", "properties": { "tang_id": 27893, "area_km2": 0.299044 }, "geometry": { "type": "Point", "coordinates": [ 106.928044040771923, 39.872990156548504 ] } },
{ "type": "Feature", "properties": { "tang_id": 27894, "area_km2": 0.051046 }, "geometry": { "type": "Point", "coordinates": [ 106.918169247374337, 39.857959919372618 ] } },
{ "type": "Feature", "properties": { "tang_id": 27895, "area_km2": 0.022583 }, "geometry": { "type": "Point", "coordinates": [ 106.910883563857993, 39.862307117893657 ] } },
{ "type": "Feature", "properties": { "tang_id": 27896, "area_km2": 0.824918 }, "geometry": { "type": "Point", "coordinates": [ 110.408545693658965, 39.353632816819832 ] } },
{ "type": "Feature", "properties": { "tang_id": 27897, "area_km2": 0.275786 }, "geometry": { "type": "Point", "coordinates": [ 110.381199048310506, 39.347406109016468 ] } },
{ "type": "Feature", "properties": { "tang_id": 27898, "area_km2": 0.049124 }, "geometry": { "type": "Point", "coordinates": [ 110.39038538688456, 39.344024889000814 ] } },
{ "type": "Feature", "properties": { "tang_id": 27899, "area_km2": 0.007835 }, "geometry": { "type": "Point", "coordinates": [ 110.392111093259047, 39.345659141723146 ] } },
{ "type": "Feature", "properties": { "tang_id": 27900, "area_km2": 0.473983 }, "geometry": { "type": "Point", "coordinates": [ 110.359896761960101, 39.373436238278714 ] } },
{ "type": "Feature", "properties": { "tang_id": 27901, "area_km2": 0.123335 }, "geometry": { "type": "Point", "coordinates": [ 110.331588661333328, 39.371422808726848 ] } },
{ "type": "Feature", "properties": { "tang_id": 27902, "area_km2": 0.482567 }, "geometry": { "type": "Point", "coordinates": [ 110.331340868010088, 39.386516194967186 ] } },
{ "type": "Feature", "properties": { "tang_id": 27903, "area_km2": 0.11534 }, "geometry": { "type": "Point", "coordinates": [ 110.33142580361438, 39.333083152022809 ] } },
{ "type": "Feature", "properties": { "tang_id": 27904, "area_km2": 0.100407 }, "geometry": { "type": "Point", "coordinates": [ 110.321842002119936, 39.336190478188477 ] } },
{ "type": "Feature", "properties": { "tang_id": 27909, "area_km2": 0.082021 }, "geometry": { "type": "Point", "coordinates": [ 110.380643855620576, 39.331456175840501 ] } },
{ "type": "Feature", "properties": { "tang_id": 27910, "area_km2": 0.015836 }, "geometry": { "type": "Point", "coordinates": [ 110.37665831409933, 39.327972710824305 ] } },
{ "type": "Feature", "properties": { "tang_id": 27911, "area_km2": 0.379866 }, "geometry": { "type": "Point", "coordinates": [ 110.370141149948097, 39.331757095367813 ] } },
{ "type": "Feature", "properties": { "tang_id": 27912, "area_km2": 0.057172 }, "geometry": { "type": "Point", "coordinates": [ 110.375628345978214, 39.336912759725813 ] } },
{ "type": "Feature", "properties": { "tang_id": 27913, "area_km2": 0.049948 }, "geometry": { "type": "Point", "coordinates": [ 110.369583246199753, 39.325049333068378 ] } },
{ "type": "Feature", "properties": { "tang_id": 27914, "area_km2": 0.139937 }, "geometry": { "type": "Point", "coordinates": [ 110.409404459191052, 39.340136111406402 ] } },
{ "type": "Feature", "properties": { "tang_id": 27917, "area_km2": 4.460389 }, "geometry": { "type": "Point", "coordinates": [ 110.309605108408292, 39.395523711754954 ] } },
{ "type": "Feature", "properties": { "tang_id": 27918, "area_km2": 3.45542 }, "geometry": { "type": "Point", "coordinates": [ 110.34409292864872, 39.401703933233996 ] } },
{ "type": "Feature", "properties": { "tang_id": 27919, "area_km2": 0.480372 }, "geometry": { "type": "Point", "coordinates": [ 110.3318684896458, 39.414230094976794 ] } },
{ "type": "Feature", "properties": { "tang_id": 28106, "area_km2": 0.0055 }, "geometry": { "type": "Point", "coordinates": [ 110.395289326385068, 39.478137153473597 ] } },
{ "type": "Feature", "properties": { "tang_id": 28126, "area_km2": 0.253625 }, "geometry": { "type": "Point", "coordinates": [ 110.288573770763108, 39.451312283985445 ] } },
{ "type": "Feature", "properties": { "tang_id": 28127, "area_km2": 0.488438 }, "geometry": { "type": "Point", "coordinates": [ 110.281457412945855, 39.457100801653127 ] } },
{ "type": "Feature", "properties": { "tang_id": 28128, "area_km2": 0.040536 }, "geometry": { "type": "Point", "coordinates": [ 110.274488248101861, 39.456432066826927 ] } },
{ "type": "Feature", "properties": { "tang_id": 28129, "area_km2": 0.479513 }, "geometry": { "type": "Point", "coordinates": [ 110.267586217521838, 39.424104092496485 ] } },
{ "type": "Feature", "properties": { "tang_id": 28130, "area_km2": 0.204618 }, "geometry": { "type": "Point", "coordinates": [ 110.264994732717895, 39.411129050333855 ] } },
{ "type": "Feature", "properties": { "tang_id": 28131, "area_km2": 2.494485 }, "geometry": { "type": "Point", "coordinates": [ 110.284963731964524, 39.419975862323433 ] } },
{ "type": "Feature", "properties": { "tang_id": 28132, "area_km2": 0.220446 }, "geometry": { "type": "Point", "coordinates": [ 110.298422038933793, 39.412009960374156 ] } },
{ "type": "Feature", "properties": { "tang_id": 28133, "area_km2": 0.113568 }, "geometry": { "type": "Point", "coordinates": [ 110.220033374473772, 39.556330898666459 ] } },
{ "type": "Feature", "properties": { "tang_id": 28203, "area_km2": 13.526111 }, "geometry": { "type": "Point", "coordinates": [ 110.32838971213242, 39.433970229837975 ] } },
{ "type": "Feature", "properties": { "tang_id": 28204, "area_km2": 6.73899 }, "geometry": { "type": "Point", "coordinates": [ 110.286090534774473, 39.477876593458319 ] } },
{ "type": "Feature", "properties": { "tang_id": 28205, "area_km2": 1.84136 }, "geometry": { "type": "Point", "coordinates": [ 110.316819516124184, 39.464353653300194 ] } },
{ "type": "Feature", "properties": { "tang_id": 28206, "area_km2": 0.270489 }, "geometry": { "type": "Point", "coordinates": [ 110.243384092491411, 39.527248887893023 ] } },
{ "type": "Feature", "properties": { "tang_id": 28207, "area_km2": 0.051027 }, "geometry": { "type": "Point", "coordinates": [ 110.244684519116063, 39.521981133495814 ] } },
{ "type": "Feature", "properties": { "tang_id": 28211, "area_km2": 0.046046 }, "geometry": { "type": "Point", "coordinates": [ 110.450213203374886, 39.404908404354778 ] } },
{ "type": "Feature", "properties": { "tang_id": 28264, "area_km2": 0.0965 }, "geometry": { "type": "Point", "coordinates": [ 110.265530553730997, 39.553739207819945 ] } },
{ "type": "Feature", "properties": { "tang_id": 28265, "area_km2": 0.244349 }, "geometry": { "type": "Point", "coordinates": [ 110.562525438533896, 39.415095588683698 ] } },
{ "type": "Feature", "properties": { "tang_id": 28267, "area_km2": 0.01608 }, "geometry": { "type": "Point", "coordinates": [ 106.775943097206678, 40.966105666921358 ] } },
{ "type": "Feature", "properties": { "tang_id": 28268, "area_km2": 0.011933 }, "geometry": { "type": "Point", "coordinates": [ 106.778933611493557, 40.966819189562536 ] } },
{ "type": "Feature", "properties": { "tang_id": 28269, "area_km2": 0.021281 }, "geometry": { "type": "Point", "coordinates": [ 106.782599067897436, 40.966720908817543 ] } },
{ "type": "Feature", "properties": { "tang_id": 28270, "area_km2": 0.016014 }, "geometry": { "type": "Point", "coordinates": [ 106.761136193920251, 40.976889546958439 ] } },
{ "type": "Feature", "properties": { "tang_id": 28271, "area_km2": 0.09068 }, "geometry": { "type": "Point", "coordinates": [ 110.516168891139472, 39.4142416993704 ] } },
{ "type": "Feature", "properties": { "tang_id": 28272, "area_km2": 0.325341 }, "geometry": { "type": "Point", "coordinates": [ 110.505047399443342, 39.418520294609628 ] } },
{ "type": "Feature", "properties": { "tang_id": 28273, "area_km2": 0.016276 }, "geometry": { "type": "Point", "coordinates": [ 110.511595620226217, 39.417297918683147 ] } },
{ "type": "Feature", "properties": { "tang_id": 28370, "area_km2": 0.266086 }, "geometry": { "type": "Point", "coordinates": [ 106.810094853086326, 40.958273807071564 ] } },
{ "type": "Feature", "properties": { "tang_id": 28371, "area_km2": 0.094215 }, "geometry": { "type": "Point", "coordinates": [ 106.797153638181967, 40.964876060056675 ] } },
{ "type": "Feature", "properties": { "tang_id": 28372, "area_km2": 0.060737 }, "geometry": { "type": "Point", "coordinates": [ 106.780713262426588, 40.959447127975814 ] } },
{ "type": "Feature", "properties": { "tang_id": 28373, "area_km2": 0.070201 }, "geometry": { "type": "Point", "coordinates": [ 106.780717552726358, 40.963580345160615 ] } },
{ "type": "Feature", "properties": { "tang_id": 28374, "area_km2": 0.006839 }, "geometry": { "type": "Point", "coordinates": [ 106.786883152472058, 40.966409321981551 ] } },
{ "type": "Feature", "properties": { "tang_id": 28375, "area_km2": 0.027245 }, "geometry": { "type": "Point", "coordinates": [ 106.789732975903718, 40.968892541990328 ] } },
{ "type": "Feature", "properties": { "tang_id": 28398, "area_km2": 1.706325 }, "geometry": { "type": "Point", "coordinates": [ 110.118004568961638, 39.381950994461462 ] } },
{ "type": "Feature", "properties": { "tang_id": 28399, "area_km2": 2.934086 }, "geometry": { "type": "Point", "coordinates": [ 110.131185661414079, 39.395052167415223 ] } },
{ "type": "Feature", "properties": { "tang_id": 28400, "area_km2": 2.418199 }, "geometry": { "type": "Point", "coordinates": [ 110.117433968133909, 39.424364523685426 ] } },
{ "type": "Feature", "properties": { "tang_id": 28401, "area_km2": 0.141147 }, "geometry": { "type": "Point", "coordinates": [ 110.126538287482362, 39.460146909964756 ] } },
{ "type": "Feature", "properties": { "tang_id": 28402, "area_km2": 0.255826 }, "geometry": { "type": "Point", "coordinates": [ 110.112463040415108, 39.46780863337537 ] } },
{ "type": "Feature", "properties": { "tang_id": 28403, "area_km2": 0.148067 }, "geometry": { "type": "Point", "coordinates": [ 110.105470667703599, 39.465077397927296 ] } },
{ "type": "Feature", "properties": { "tang_id": 28404, "area_km2": 0.332578 }, "geometry": { "type": "Point", "coordinates": [ 110.151541955033025, 39.491021189775225 ] } },
{ "type": "Feature", "properties": { "tang_id": 28405, "area_km2": 0.223598 }, "geometry": { "type": "Point", "coordinates": [ 110.148988388570501, 39.484440357950227 ] } },
{ "type": "Feature", "properties": { "tang_id": 28406, "area_km2": 1.458007 }, "geometry": { "type": "Point", "coordinates": [ 110.084028292994404, 39.438034768501637 ] } },
{ "type": "Feature", "properties": { "tang_id": 28471, "area_km2": 0.620018 }, "geometry": { "type": "Point", "coordinates": [ 109.978429568539596, 39.498239359048306 ] } },
{ "type": "Feature", "properties": { "tang_id": 28634, "area_km2": 0.118498 }, "geometry": { "type": "Point", "coordinates": [ 110.17730391115127, 39.283298121341453 ] } },
{ "type": "Feature", "properties": { "tang_id": 28635, "area_km2": 0.309916 }, "geometry": { "type": "Point", "coordinates": [ 110.170855814446156, 39.278794108472098 ] } },
{ "type": "Feature", "properties": { "tang_id": 28636, "area_km2": 0.335571 }, "geometry": { "type": "Point", "coordinates": [ 110.1619728154689, 39.280024239329713 ] } },
{ "type": "Feature", "properties": { "tang_id": 28637, "area_km2": 0.426654 }, "geometry": { "type": "Point", "coordinates": [ 110.013630427892366, 39.289068520607316 ] } },
{ "type": "Feature", "properties": { "tang_id": 28750, "area_km2": 0.215311 }, "geometry": { "type": "Point", "coordinates": [ 110.154488595022727, 39.302086595145859 ] } },
{ "type": "Feature", "properties": { "tang_id": 28788, "area_km2": 0.463761 }, "geometry": { "type": "Point", "coordinates": [ 109.958340468412842, 39.918534706413382 ] } },
{ "type": "Feature", "properties": { "tang_id": 28794, "area_km2": 0.073492 }, "geometry": { "type": "Point", "coordinates": [ 110.008829361564864, 39.86202872321094 ] } },
{ "type": "Feature", "properties": { "tang_id": 28795, "area_km2": 0.112282 }, "geometry": { "type": "Point", "coordinates": [ 110.014120324173803, 39.861619439232292 ] } },
{ "type": "Feature", "properties": { "tang_id": 28796, "area_km2": 0.098755 }, "geometry": { "type": "Point", "coordinates": [ 110.011339431399719, 39.858474334024692 ] } },
{ "type": "Feature", "properties": { "tang_id": 28797, "area_km2": 0.032485 }, "geometry": { "type": "Point", "coordinates": [ 110.015977659146515, 39.856260182849681 ] } },
{ "type": "Feature", "properties": { "tang_id": 28798, "area_km2": 0.025891 }, "geometry": { "type": "Point", "coordinates": [ 110.015568756124665, 39.85819780860718 ] } },
{ "type": "Feature", "properties": { "tang_id": 28799, "area_km2": 0.139004 }, "geometry": { "type": "Point", "coordinates": [ 110.000048920130908, 39.860824464892069 ] } },
{ "type": "Feature", "properties": { "tang_id": 28800, "area_km2": 0.414771 }, "geometry": { "type": "Point", "coordinates": [ 110.012442705276172, 39.869724938068344 ] } },
{ "type": "Feature", "properties": { "tang_id": 28801, "area_km2": 1.980652 }, "geometry": { "type": "Point", "coordinates": [ 107.155434407015903, 41.167796632915028 ] } },
{ "type": "Feature", "properties": { "tang_id": 29131, "area_km2": 0.035224 }, "geometry": { "type": "Point", "coordinates": [ 106.68943497190736, 39.469404056622679 ] } },
{ "type": "Feature", "properties": { "tang_id": 29132, "area_km2": 0.113078 }, "geometry": { "type": "Point", "coordinates": [ 106.69805707411831, 39.467785170771265 ] } },
{ "type": "Feature", "properties": { "tang_id": 29133, "area_km2": 0.021726 }, "geometry": { "type": "Point", "coordinates": [ 106.714969756782878, 39.477720457428276 ] } },
{ "type": "Feature", "properties": { "tang_id": 29134, "area_km2": 0.017723 }, "geometry": { "type": "Point", "coordinates": [ 106.683787506162815, 39.483653340514358 ] } },
{ "type": "Feature", "properties": { "tang_id": 29135, "area_km2": 0.047308 }, "geometry": { "type": "Point", "coordinates": [ 106.680514114798967, 39.482993469226223 ] } },
{ "type": "Feature", "properties": { "tang_id": 29136, "area_km2": 0.029543 }, "geometry": { "type": "Point", "coordinates": [ 106.692699708049247, 39.464155059774882 ] } },
{ "type": "Feature", "properties": { "tang_id": 29137, "area_km2": 0.520203 }, "geometry": { "type": "Point", "coordinates": [ 107.102894883361884, 39.371149792650556 ] } },
{ "type": "Feature", "properties": { "tang_id": 29487, "area_km2": 6.85704 }, "geometry": { "type": "Point", "coordinates": [ 121.414874323459628, 52.926200013545888 ] } },
{ "type": "Feature", "properties": { "tang_id": 29488, "area_km2": 1.175172 }, "geometry": { "type": "Point", "coordinates": [ 121.421242722732629, 52.97088728621749 ] } },
{ "type": "Feature", "properties": { "tang_id": 30229, "area_km2": 0.145788 }, "geometry": { "type": "Point", "coordinates": [ 118.888129601007705, 42.283821891322042 ] } },
{ "type": "Feature", "properties": { "tang_id": 30230, "area_km2": 0.091152 }, "geometry": { "type": "Point", "coordinates": [ 118.892396069666248, 42.278306179899218 ] } },
{ "type": "Feature", "properties": { "tang_id": 30231, "area_km2": 1.052567 }, "geometry": { "type": "Point", "coordinates": [ 118.900161320429589, 42.204709030928385 ] } },
{ "type": "Feature", "properties": { "tang_id": 30232, "area_km2": 0.114037 }, "geometry": { "type": "Point", "coordinates": [ 118.883370620505985, 42.196477929172815 ] } },
{ "type": "Feature", "properties": { "tang_id": 30233, "area_km2": 0.023438 }, "geometry": { "type": "Point", "coordinates": [ 118.876066829190378, 42.188631235794738 ] } },
{ "type": "Feature", "properties": { "tang_id": 31066, "area_km2": 1.234507 }, "geometry": { "type": "Point", "coordinates": [ 122.37039379302189, 42.975313638274343 ] } },
{ "type": "Feature", "properties": { "tang_id": 31067, "area_km2": 0.228434 }, "geometry": { "type": "Point", "coordinates": [ 122.341935423066516, 42.972896028647682 ] } },
{ "type": "Feature", "properties": { "tang_id": 31068, "area_km2": 0.023807 }, "geometry": { "type": "Point", "coordinates": [ 122.346677851502776, 42.973561609399034 ] } },
{ "type": "Feature", "properties": { "tang_id": 31069, "area_km2": 0.085332 }, "geometry": { "type": "Point", "coordinates": [ 122.3604360202458, 42.948364693300235 ] } },
{ "type": "Feature", "properties": { "tang_id": 31513, "area_km2": 0.077497 }, "geometry": { "type": "Point", "coordinates": [ 110.383902248683768, 40.60931429993753 ] } },
{ "type": "Feature", "properties": { "tang_id": 31514, "area_km2": 0.347277 }, "geometry": { "type": "Point", "coordinates": [ 110.354961663030437, 39.660899407217642 ] } },
{ "type": "Feature", "properties": { "tang_id": 31515, "area_km2": 1.289838 }, "geometry": { "type": "Point", "coordinates": [ 110.339587157895707, 39.663635863941352 ] } },
{ "type": "Feature", "properties": { "tang_id": 31516, "area_km2": 0.229276 }, "geometry": { "type": "Point", "coordinates": [ 109.88068122897684, 39.887478828452203 ] } },
{ "type": "Feature", "properties": { "tang_id": 31517, "area_km2": 0.873741 }, "geometry": { "type": "Point", "coordinates": [ 109.842814272508306, 39.868022065574699 ] } },
{ "type": "Feature", "properties": { "tang_id": 31518, "area_km2": 0.304241 }, "geometry": { "type": "Point", "coordinates": [ 110.277955646671131, 39.659013287301867 ] } },
{ "type": "Feature", "properties": { "tang_id": 31519, "area_km2": 0.046918 }, "geometry": { "type": "Point", "coordinates": [ 110.268912849107494, 39.658680147008631 ] } },
{ "type": "Feature", "properties": { "tang_id": 31520, "area_km2": 2.252494 }, "geometry": { "type": "Point", "coordinates": [ 110.234440419408841, 39.666081554427848 ] } },
{ "type": "Feature", "properties": { "tang_id": 31521, "area_km2": 0.124533 }, "geometry": { "type": "Point", "coordinates": [ 110.242395808309851, 39.639471072911562 ] } },
{ "type": "Feature", "properties": { "tang_id": 31522, "area_km2": 0.146859 }, "geometry": { "type": "Point", "coordinates": [ 110.243383264865059, 39.642629364246275 ] } },
{ "type": "Feature", "properties": { "tang_id": 31523, "area_km2": 0.246062 }, "geometry": { "type": "Point", "coordinates": [ 110.245087149842121, 39.648548750659067 ] } },
{ "type": "Feature", "properties": { "tang_id": 31524, "area_km2": 0.116902 }, "geometry": { "type": "Point", "coordinates": [ 110.238380766913153, 39.62945141039004 ] } },
{ "type": "Feature", "properties": { "tang_id": 31525, "area_km2": 0.03562 }, "geometry": { "type": "Point", "coordinates": [ 110.23469201451428, 39.625047831902833 ] } },
{ "type": "Feature", "properties": { "tang_id": 31526, "area_km2": 0.329743 }, "geometry": { "type": "Point", "coordinates": [ 110.321423116491729, 39.652292208606951 ] } },
{ "type": "Feature", "properties": { "tang_id": 31527, "area_km2": 0.015287 }, "geometry": { "type": "Point", "coordinates": [ 110.347386296266762, 39.631290654816702 ] } },
{ "type": "Feature", "properties": { "tang_id": 31529, "area_km2": 2.185959 }, "geometry": { "type": "Point", "coordinates": [ 110.363324881413831, 39.743977841818548 ] } },
{ "type": "Feature", "properties": { "tang_id": 31530, "area_km2": 0.807573 }, "geometry": { "type": "Point", "coordinates": [ 110.426838638421785, 39.726800340202544 ] } },
{ "type": "Feature", "properties": { "tang_id": 31531, "area_km2": 8.994389 }, "geometry": { "type": "Point", "coordinates": [ 110.237499109481192, 39.815175378421579 ] } },
{ "type": "Feature", "properties": { "tang_id": 31532, "area_km2": 1.123956 }, "geometry": { "type": "Point", "coordinates": [ 110.218837389058379, 39.786177971543218 ] } },
{ "type": "Feature", "properties": { "tang_id": 31534, "area_km2": 0.225845 }, "geometry": { "type": "Point", "coordinates": [ 110.245196454357909, 39.79523103819318 ] } },
{ "type": "Feature", "properties": { "tang_id": 31564, "area_km2": 0.029353 }, "geometry": { "type": "Point", "coordinates": [ 110.588672379757369, 39.558184287041335 ] } },
{ "type": "Feature", "properties": { "tang_id": 31565, "area_km2": 0.025871 }, "geometry": { "type": "Point", "coordinates": [ 110.579702809931447, 39.55854133668845 ] } },
{ "type": "Feature", "properties": { "tang_id": 31566, "area_km2": 0.030985 }, "geometry": { "type": "Point", "coordinates": [ 110.581569278575913, 39.560229037718798 ] } },
{ "type": "Feature", "properties": { "tang_id": 31567, "area_km2": 0.008136 }, "geometry": { "type": "Point", "coordinates": [ 110.582805800605897, 39.565902221812166 ] } },
{ "type": "Feature", "properties": { "tang_id": 31568, "area_km2": 0.158772 }, "geometry": { "type": "Point", "coordinates": [ 110.578993857332108, 39.568440897521953 ] } },
{ "type": "Feature", "properties": { "tang_id": 31569, "area_km2": 0.014752 }, "geometry": { "type": "Point", "coordinates": [ 110.575197781610868, 39.56468172843644 ] } },
{ "type": "Feature", "properties": { "tang_id": 31570, "area_km2": 0.09691 }, "geometry": { "type": "Point", "coordinates": [ 110.569962110946761, 39.564165514990634 ] } },
{ "type": "Feature", "properties": { "tang_id": 31571, "area_km2": 0.010049 }, "geometry": { "type": "Point", "coordinates": [ 110.572566922843251, 39.566255997573677 ] } },
{ "type": "Feature", "properties": { "tang_id": 31572, "area_km2": 0.030329 }, "geometry": { "type": "Point", "coordinates": [ 110.582911878424326, 39.569504790827231 ] } },
{ "type": "Feature", "properties": { "tang_id": 31573, "area_km2": 0.125275 }, "geometry": { "type": "Point", "coordinates": [ 110.593380010635357, 39.569072807653519 ] } },
{ "type": "Feature", "properties": { "tang_id": 31574, "area_km2": 0.019907 }, "geometry": { "type": "Point", "coordinates": [ 110.598612386608039, 39.578334696569748 ] } },
{ "type": "Feature", "properties": { "tang_id": 31602, "area_km2": 0.364557 }, "geometry": { "type": "Point", "coordinates": [ 111.167407640697732, 39.612241288941775 ] } },
{ "type": "Feature", "properties": { "tang_id": 31625, "area_km2": 0.203604 }, "geometry": { "type": "Point", "coordinates": [ 110.019725049726816, 39.93543680493881 ] } },
{ "type": "Feature", "properties": { "tang_id": 31626, "area_km2": 1.374905 }, "geometry": { "type": "Point", "coordinates": [ 110.35713486142717, 39.780881438891612 ] } },
{ "type": "Feature", "properties": { "tang_id": 31627, "area_km2": 13.626657 }, "geometry": { "type": "Point", "coordinates": [ 110.305514805262987, 39.79398129419085 ] } },
{ "type": "Feature", "properties": { "tang_id": 31628, "area_km2": 0.132299 }, "geometry": { "type": "Point", "coordinates": [ 110.340823584903973, 39.791668170495747 ] } },
{ "type": "Feature", "properties": { "tang_id": 31629, "area_km2": 5.378332 }, "geometry": { "type": "Point", "coordinates": [ 110.323296236727828, 39.692005046690213 ] } },
{ "type": "Feature", "properties": { "tang_id": 31630, "area_km2": 2.680201 }, "geometry": { "type": "Point", "coordinates": [ 110.201744377008851, 39.658222883755364 ] } },
{ "type": "Feature", "properties": { "tang_id": 31631, "area_km2": 0.302631 }, "geometry": { "type": "Point", "coordinates": [ 110.218142236043334, 39.652796438704662 ] } },
{ "type": "Feature", "properties": { "tang_id": 31632, "area_km2": 0.028522 }, "geometry": { "type": "Point", "coordinates": [ 110.229045321071027, 39.643184594701481 ] } },
{ "type": "Feature", "properties": { "tang_id": 31633, "area_km2": 0.515455 }, "geometry": { "type": "Point", "coordinates": [ 110.176786358252144, 39.58859053322891 ] } },
{ "type": "Feature", "properties": { "tang_id": 31634, "area_km2": 5.536895 }, "geometry": { "type": "Point", "coordinates": [ 110.330304629679873, 39.573271641443228 ] } },
{ "type": "Feature", "properties": { "tang_id": 31635, "area_km2": 2.541728 }, "geometry": { "type": "Point", "coordinates": [ 110.345874406118782, 39.590606866736444 ] } },
{ "type": "Feature", "properties": { "tang_id": 31636, "area_km2": 0.086621 }, "geometry": { "type": "Point", "coordinates": [ 110.369857492063772, 39.582816180465457 ] } },
{ "type": "Feature", "properties": { "tang_id": 31637, "area_km2": 0.36021 }, "geometry": { "type": "Point", "coordinates": [ 110.408236093068794, 39.662530226888606 ] } },
{ "type": "Feature", "properties": { "tang_id": 31638, "area_km2": 0.849161 }, "geometry": { "type": "Point", "coordinates": [ 110.4234020298818, 39.672194768381758 ] } },
{ "type": "Feature", "properties": { "tang_id": 31639, "area_km2": 0.053534 }, "geometry": { "type": "Point", "coordinates": [ 110.455786783142727, 39.694077516454243 ] } },
{ "type": "Feature", "properties": { "tang_id": 31640, "area_km2": 4.324932 }, "geometry": { "type": "Point", "coordinates": [ 110.077883790109951, 39.908995432410165 ] } },
{ "type": "Feature", "properties": { "tang_id": 31641, "area_km2": 0.831762 }, "geometry": { "type": "Point", "coordinates": [ 110.095776641138926, 39.897609514465508 ] } },
{ "type": "Feature", "properties": { "tang_id": 31642, "area_km2": 0.070842 }, "geometry": { "type": "Point", "coordinates": [ 110.100224958432989, 39.88611028743027 ] } },
{ "type": "Feature", "properties": { "tang_id": 31643, "area_km2": 0.29997 }, "geometry": { "type": "Point", "coordinates": [ 110.074306262112984, 39.872614199612428 ] } },
{ "type": "Feature", "properties": { "tang_id": 31644, "area_km2": 0.270523 }, "geometry": { "type": "Point", "coordinates": [ 109.910123855350875, 40.136207407427669 ] } },
{ "type": "Feature", "properties": { "tang_id": 31645, "area_km2": 0.441848 }, "geometry": { "type": "Point", "coordinates": [ 109.905106610321013, 40.13407600980009 ] } },
{ "type": "Feature", "properties": { "tang_id": 31646, "area_km2": 0.020936 }, "geometry": { "type": "Point", "coordinates": [ 109.911681053723314, 40.129745013427531 ] } },
{ "type": "Feature", "properties": { "tang_id": 31647, "area_km2": 0.091458 }, "geometry": { "type": "Point", "coordinates": [ 109.90153102139594, 40.140885766407187 ] } },
{ "type": "Feature", "properties": { "tang_id": 31648, "area_km2": 0.021719 }, "geometry": { "type": "Point", "coordinates": [ 109.893020522693419, 40.138579294360504 ] } },
{ "type": "Feature", "properties": { "tang_id": 31655, "area_km2": 3.97744 }, "geometry": { "type": "Point", "coordinates": [ 110.322570743195001, 39.876422343034612 ] } },
{ "type": "Feature", "properties": { "tang_id": 31692, "area_km2": 0.110968 }, "geometry": { "type": "Point", "coordinates": [ 110.02687826575476, 39.932277953322568 ] } },
{ "type": "Feature", "properties": { "tang_id": 31745, "area_km2": 0.883514 }, "geometry": { "type": "Point", "coordinates": [ 111.157328018381861, 39.783003782431472 ] } },
{ "type": "Feature", "properties": { "tang_id": 31752, "area_km2": 0.341914 }, "geometry": { "type": "Point", "coordinates": [ 109.616438052033232, 40.671117265866968 ] } },
{ "type": "Feature", "properties": { "tang_id": 31753, "area_km2": 0.378414 }, "geometry": { "type": "Point", "coordinates": [ 109.608438768357857, 40.67032181022347 ] } },
{ "type": "Feature", "properties": { "tang_id": 31754, "area_km2": 0.863977 }, "geometry": { "type": "Point", "coordinates": [ 109.636376809546618, 40.680339978393988 ] } },
{ "type": "Feature", "properties": { "tang_id": 31755, "area_km2": 1.602849 }, "geometry": { "type": "Point", "coordinates": [ 109.634575601293122, 40.666640590692424 ] } },
{ "type": "Feature", "properties": { "tang_id": 31756, "area_km2": 0.603177 }, "geometry": { "type": "Point", "coordinates": [ 109.582185703313783, 40.610603584472983 ] } },
{ "type": "Feature", "properties": { "tang_id": 31757, "area_km2": 0.270856 }, "geometry": { "type": "Point", "coordinates": [ 109.58848013676257, 40.603427727387469 ] } },
{ "type": "Feature", "properties": { "tang_id": 31758, "area_km2": 1.229122 }, "geometry": { "type": "Point", "coordinates": [ 109.361765385377396, 40.576208466968936 ] } },
{ "type": "Feature", "properties": { "tang_id": 31759, "area_km2": 1.561193 }, "geometry": { "type": "Point", "coordinates": [ 109.354320150470528, 40.588266781773278 ] } },
{ "type": "Feature", "properties": { "tang_id": 31766, "area_km2": 0.105981 }, "geometry": { "type": "Point", "coordinates": [ 109.649425803688729, 40.686536021127885 ] } },
{ "type": "Feature", "properties": { "tang_id": 31783, "area_km2": 0.022941 }, "geometry": { "type": "Point", "coordinates": [ 111.376418118600242, 39.692798601396305 ] } },
{ "type": "Feature", "properties": { "tang_id": 31784, "area_km2": 0.29713 }, "geometry": { "type": "Point", "coordinates": [ 111.351472587257561, 39.690486866199358 ] } },
{ "type": "Feature", "properties": { "tang_id": 31799, "area_km2": 0.139872 }, "geometry": { "type": "Point", "coordinates": [ 111.168722971093018, 39.828771218440899 ] } },
{ "type": "Feature", "properties": { "tang_id": 31819, "area_km2": 0.589976 }, "geometry": { "type": "Point", "coordinates": [ 111.181901165205204, 39.672161215065131 ] } },
{ "type": "Feature", "properties": { "tang_id": 31847, "area_km2": 0.524113 }, "geometry": { "type": "Point", "coordinates": [ 110.564307546816693, 39.459974280117109 ] } },
{ "type": "Feature", "properties": { "tang_id": 31915, "area_km2": 0.044841 }, "geometry": { "type": "Point", "coordinates": [ 110.550237565167649, 39.525378230415733 ] } },
{ "type": "Feature", "properties": { "tang_id": 31916, "area_km2": 0.028984 }, "geometry": { "type": "Point", "coordinates": [ 110.553097351828541, 39.527122161131032 ] } },
{ "type": "Feature", "properties": { "tang_id": 31924, "area_km2": 0.055811 }, "geometry": { "type": "Point", "coordinates": [ 110.03888852352631, 39.731201771574604 ] } },
{ "type": "Feature", "properties": { "tang_id": 31925, "area_km2": 0.6009 }, "geometry": { "type": "Point", "coordinates": [ 110.025850697461621, 39.73240970587775 ] } },
{ "type": "Feature", "properties": { "tang_id": 31926, "area_km2": 0.264049 }, "geometry": { "type": "Point", "coordinates": [ 110.056356864948739, 39.697832813717127 ] } },
{ "type": "Feature", "properties": { "tang_id": 31927, "area_km2": 0.296938 }, "geometry": { "type": "Point", "coordinates": [ 110.074380279425057, 39.719236273474728 ] } },
{ "type": "Feature", "properties": { "tang_id": 31948, "area_km2": 0.089069 }, "geometry": { "type": "Point", "coordinates": [ 111.339144759532047, 39.931195658068042 ] } },
{ "type": "Feature", "properties": { "tang_id": 31949, "area_km2": 0.060615 }, "geometry": { "type": "Point", "coordinates": [ 111.357173812396283, 39.925964466752021 ] } },
{ "type": "Feature", "properties": { "tang_id": 31950, "area_km2": 0.008258 }, "geometry": { "type": "Point", "coordinates": [ 111.344048693254564, 39.917801488157956 ] } },
{ "type": "Feature", "properties": { "tang_id": 31951, "area_km2": 0.009746 }, "geometry": { "type": "Point", "coordinates": [ 111.345078638034735, 39.919500773630652 ] } },
{ "type": "Feature", "properties": { "tang_id": 31952, "area_km2": 0.177974 }, "geometry": { "type": "Point", "coordinates": [ 111.350513293777425, 39.93185014811683 ] } },
{ "type": "Feature", "properties": { "tang_id": 31953, "area_km2": 0.11637 }, "geometry": { "type": "Point", "coordinates": [ 111.344503649427253, 39.926989266719204 ] } },
{ "type": "Feature", "properties": { "tang_id": 31954, "area_km2": 0.007951 }, "geometry": { "type": "Point", "coordinates": [ 111.346314172365609, 39.924302316026782 ] } },
{ "type": "Feature", "properties": { "tang_id": 31955, "area_km2": 0.003225 }, "geometry": { "type": "Point", "coordinates": [ 111.348134449144681, 39.924878321809061 ] } },
{ "type": "Feature", "properties": { "tang_id": 31956, "area_km2": 0.008844 }, "geometry": { "type": "Point", "coordinates": [ 111.354069197323568, 39.923351680096971 ] } },
{ "type": "Feature", "properties": { "tang_id": 31957, "area_km2": 0.071167 }, "geometry": { "type": "Point", "coordinates": [ 111.318461880180365, 39.911902010905457 ] } },
{ "type": "Feature", "properties": { "tang_id": 32092, "area_km2": 0.248871 }, "geometry": { "type": "Point", "coordinates": [ 108.507244705188498, 41.52145280375521 ] } },
{ "type": "Feature", "properties": { "tang_id": 32093, "area_km2": 0.06412 }, "geometry": { "type": "Point", "coordinates": [ 108.508379751585522, 41.527944949537549 ] } },
{ "type": "Feature", "properties": { "tang_id": 32202, "area_km2": 0.041039 }, "geometry": { "type": "Point", "coordinates": [ 107.082519424640225, 39.485597457676811 ] } },
{ "type": "Feature", "properties": { "tang_id": 32725, "area_km2": 1.37481 }, "geometry": { "type": "Point", "coordinates": [ 107.00623635190064, 39.819948773858897 ] } },
{ "type": "Feature", "properties": { "tang_id": 32726, "area_km2": 0.042294 }, "geometry": { "type": "Point", "coordinates": [ 106.996427061806031, 39.834603942919756 ] } },
{ "type": "Feature", "properties": { "tang_id": 32869, "area_km2": 3.730317 }, "geometry": { "type": "Point", "coordinates": [ 106.272017560086454, 39.159996604829317 ] } },
{ "type": "Feature", "properties": { "tang_id": 32905, "area_km2": 0.032554 }, "geometry": { "type": "Point", "coordinates": [ 107.082250196780947, 39.457495748158529 ] } },
{ "type": "Feature", "properties": { "tang_id": 32906, "area_km2": 0.013006 }, "geometry": { "type": "Point", "coordinates": [ 107.083482162651308, 39.453029334658943 ] } },
{ "type": "Feature", "properties": { "tang_id": 33014, "area_km2": 0.172428 }, "geometry": { "type": "Point", "coordinates": [ 107.527921145165095, 40.471945527343514 ] } },
{ "type": "Feature", "properties": { "tang_id": 33015, "area_km2": 0.157437 }, "geometry": { "type": "Point", "coordinates": [ 107.513632130763597, 40.455115371917636 ] } },
{ "type": "Feature", "properties": { "tang_id": 33016, "area_km2": 0.460325 }, "geometry": { "type": "Point", "coordinates": [ 107.506516737807246, 40.459752539893515 ] } },
{ "type": "Feature", "properties": { "tang_id": 33017, "area_km2": 1.022983 }, "geometry": { "type": "Point", "coordinates": [ 107.413899842974075, 40.399463096316964 ] } },
{ "type": "Feature", "properties": { "tang_id": 33032, "area_km2": 0.357933 }, "geometry": { "type": "Point", "coordinates": [ 109.696231114313491, 40.694556663181615 ] } },
{ "type": "Feature", "properties": { "tang_id": 33033, "area_km2": 0.093652 }, "geometry": { "type": "Point", "coordinates": [ 109.703201248514361, 40.693827541715123 ] } },
{ "type": "Feature", "properties": { "tang_id": 33034, "area_km2": 0.103623 }, "geometry": { "type": "Point", "coordinates": [ 109.71059749881114, 40.681933400625958 ] } },
{ "type": "Feature", "properties": { "tang_id": 33035, "area_km2": 0.125955 }, "geometry": { "type": "Point", "coordinates": [ 109.718706851201446, 40.684945638373151 ] } },
{ "type": "Feature", "properties": { "tang_id": 33036, "area_km2": 0.03229 }, "geometry": { "type": "Point", "coordinates": [ 109.714445658487449, 40.685035351330434 ] } },
{ "type": "Feature", "properties": { "tang_id": 33037, "area_km2": 1.110652 }, "geometry": { "type": "Point", "coordinates": [ 109.676746776328955, 40.652377431648489 ] } },
{ "type": "Feature", "properties": { "tang_id": 33038, "area_km2": 0.311172 }, "geometry": { "type": "Point", "coordinates": [ 109.557953855764623, 40.676442156308518 ] } },
{ "type": "Feature", "properties": { "tang_id": 33039, "area_km2": 1.274744 }, "geometry": { "type": "Point", "coordinates": [ 109.511169791791914, 40.65742638721315 ] } },
{ "type": "Feature", "properties": { "tang_id": 33047, "area_km2": 0.996845 }, "geometry": { "type": "Point", "coordinates": [ 110.484386394649675, 40.638077226632618 ] } },
{ "type": "Feature", "properties": { "tang_id": 33048, "area_km2": 0.396145 }, "geometry": { "type": "Point", "coordinates": [ 110.431364375986988, 40.633602730799431 ] } },
{ "type": "Feature", "properties": { "tang_id": 33049, "area_km2": 0.182106 }, "geometry": { "type": "Point", "coordinates": [ 110.424475553582525, 40.636261073704901 ] } },
{ "type": "Feature", "properties": { "tang_id": 33050, "area_km2": 0.526741 }, "geometry": { "type": "Point", "coordinates": [ 110.40540025908625, 40.634006615064543 ] } },
{ "type": "Feature", "properties": { "tang_id": 33051, "area_km2": 0.159788 }, "geometry": { "type": "Point", "coordinates": [ 110.380883609062707, 40.637888589149746 ] } },
{ "type": "Feature", "properties": { "tang_id": 33052, "area_km2": 0.396741 }, "geometry": { "type": "Point", "coordinates": [ 110.422328242800575, 40.654766846477457 ] } },
{ "type": "Feature", "properties": { "tang_id": 33054, "area_km2": 0.039766 }, "geometry": { "type": "Point", "coordinates": [ 109.926480231221404, 40.994080378517644 ] } },
{ "type": "Feature", "properties": { "tang_id": 33056, "area_km2": 0.100214 }, "geometry": { "type": "Point", "coordinates": [ 109.878559193609817, 40.979105858211845 ] } },
{ "type": "Feature", "properties": { "tang_id": 33057, "area_km2": 0.076531 }, "geometry": { "type": "Point", "coordinates": [ 109.88557201572705, 40.981828895001854 ] } },
{ "type": "Feature", "properties": { "tang_id": 33061, "area_km2": 0.011184 }, "geometry": { "type": "Point", "coordinates": [ 109.87321634669847, 40.991175357128583 ] } },
{ "type": "Feature", "properties": { "tang_id": 33062, "area_km2": 0.512839 }, "geometry": { "type": "Point", "coordinates": [ 110.456391156263123, 40.678258342741451 ] } },
{ "type": "Feature", "properties": { "tang_id": 33063, "area_km2": 1.097966 }, "geometry": { "type": "Point", "coordinates": [ 110.408604239713455, 40.673793800264853 ] } },
{ "type": "Feature", "properties": { "tang_id": 33064, "area_km2": 0.0257 }, "geometry": { "type": "Point", "coordinates": [ 110.268699154126196, 40.661410285482432 ] } },
{ "type": "Feature", "properties": { "tang_id": 33103, "area_km2": 0.137213 }, "geometry": { "type": "Point", "coordinates": [ 110.229737007286431, 39.466263474291765 ] } },
{ "type": "Feature", "properties": { "tang_id": 33104, "area_km2": 0.050657 }, "geometry": { "type": "Point", "coordinates": [ 110.202965416407707, 39.530437603182904 ] } },
{ "type": "Feature", "properties": { "tang_id": 33149, "area_km2": 0.093605 }, "geometry": { "type": "Point", "coordinates": [ 109.996609763523693, 40.977549438575402 ] } },
{ "type": "Feature", "properties": { "tang_id": 33150, "area_km2": 0.363894 }, "geometry": { "type": "Point", "coordinates": [ 109.987939768486243, 40.980917223053268 ] } },
{ "type": "Feature", "properties": { "tang_id": 33169, "area_km2": 0.010979 }, "geometry": { "type": "Point", "coordinates": [ 110.62113728715066, 41.123248611117077 ] } },
{ "type": "Feature", "properties": { "tang_id": 33238, "area_km2": 0.011289 }, "geometry": { "type": "Point", "coordinates": [ 110.715074353449765, 41.133210451896993 ] } },
{ "type": "Feature", "properties": { "tang_id": 33275, "area_km2": 0.226108 }, "geometry": { "type": "Point", "coordinates": [ 110.048266745629746, 41.739409126725363 ] } },
{ "type": "Feature", "properties": { "tang_id": 33280, "area_km2": 0.087325 }, "geometry": { "type": "Point", "coordinates": [ 110.060988855716943, 41.824166869668367 ] } },
{ "type": "Feature", "properties": { "tang_id": 33281, "area_km2": 0.98764 }, "geometry": { "type": "Point", "coordinates": [ 109.326832665822437, 41.465851282601001 ] } },
{ "type": "Feature", "properties": { "tang_id": 33282, "area_km2": 0.080643 }, "geometry": { "type": "Point", "coordinates": [ 109.33515366799331, 41.47035483030713 ] } },
{ "type": "Feature", "properties": { "tang_id": 33283, "area_km2": 0.481804 }, "geometry": { "type": "Point", "coordinates": [ 109.339824629428065, 41.456683689670569 ] } },
{ "type": "Feature", "properties": { "tang_id": 33284, "area_km2": 0.081914 }, "geometry": { "type": "Point", "coordinates": [ 109.326079444921362, 41.458339534395087 ] } },
{ "type": "Feature", "properties": { "tang_id": 33285, "area_km2": 0.160229 }, "geometry": { "type": "Point", "coordinates": [ 109.318743108337245, 41.460102093513761 ] } },
{ "type": "Feature", "properties": { "tang_id": 33286, "area_km2": 0.008762 }, "geometry": { "type": "Point", "coordinates": [ 109.319372166458393, 41.457395913640966 ] } },
{ "type": "Feature", "properties": { "tang_id": 33287, "area_km2": 0.201699 }, "geometry": { "type": "Point", "coordinates": [ 109.309773424372921, 41.456504525434354 ] } },
{ "type": "Feature", "properties": { "tang_id": 33288, "area_km2": 0.075629 }, "geometry": { "type": "Point", "coordinates": [ 109.312551634197817, 41.450826457138341 ] } },
{ "type": "Feature", "properties": { "tang_id": 33289, "area_km2": 0.355163 }, "geometry": { "type": "Point", "coordinates": [ 109.317536781428004, 41.444931305399983 ] } },
{ "type": "Feature", "properties": { "tang_id": 33290, "area_km2": 0.003622 }, "geometry": { "type": "Point", "coordinates": [ 109.318475154981186, 41.44150527324728 ] } },
{ "type": "Feature", "properties": { "tang_id": 33291, "area_km2": 0.001655 }, "geometry": { "type": "Point", "coordinates": [ 109.317175508684258, 41.441670045666527 ] } },
{ "type": "Feature", "properties": { "tang_id": 33295, "area_km2": 0.098766 }, "geometry": { "type": "Point", "coordinates": [ 109.215551827573094, 41.40865822729338 ] } },
{ "type": "Feature", "properties": { "tang_id": 33296, "area_km2": 0.002568 }, "geometry": { "type": "Point", "coordinates": [ 109.214105884185898, 41.412060066078517 ] } },
{ "type": "Feature", "properties": { "tang_id": 33297, "area_km2": 0.002828 }, "geometry": { "type": "Point", "coordinates": [ 109.21098169829915, 41.412603141181009 ] } },
{ "type": "Feature", "properties": { "tang_id": 33298, "area_km2": 0.012765 }, "geometry": { "type": "Point", "coordinates": [ 109.204133782540595, 41.403837669457701 ] } },
{ "type": "Feature", "properties": { "tang_id": 33299, "area_km2": 0.004697 }, "geometry": { "type": "Point", "coordinates": [ 109.207608023621091, 41.401287375993881 ] } },
{ "type": "Feature", "properties": { "tang_id": 33300, "area_km2": 0.001385 }, "geometry": { "type": "Point", "coordinates": [ 109.20862424111418, 41.400717176296411 ] } },
{ "type": "Feature", "properties": { "tang_id": 33301, "area_km2": 0.069654 }, "geometry": { "type": "Point", "coordinates": [ 109.191245211924738, 41.38247725030147 ] } },
{ "type": "Feature", "properties": { "tang_id": 33302, "area_km2": 0.015846 }, "geometry": { "type": "Point", "coordinates": [ 109.187030916651622, 41.382744440503771 ] } },
{ "type": "Feature", "properties": { "tang_id": 33303, "area_km2": 0.014294 }, "geometry": { "type": "Point", "coordinates": [ 109.183146934139444, 41.384496040465415 ] } },
{ "type": "Feature", "properties": { "tang_id": 33304, "area_km2": 0.001922 }, "geometry": { "type": "Point", "coordinates": [ 109.183036144801122, 41.382688699394876 ] } },
{ "type": "Feature", "properties": { "tang_id": 33305, "area_km2": 0.003734 }, "geometry": { "type": "Point", "coordinates": [ 109.181913245769181, 41.382679205284049 ] } },
{ "type": "Feature", "properties": { "tang_id": 33306, "area_km2": 0.001854 }, "geometry": { "type": "Point", "coordinates": [ 109.178565686629625, 41.382448568929959 ] } },
{ "type": "Feature", "properties": { "tang_id": 33307, "area_km2": 0.01864 }, "geometry": { "type": "Point", "coordinates": [ 109.180754408685388, 41.379708161976566 ] } },
{ "type": "Feature", "properties": { "tang_id": 33308, "area_km2": 0.003965 }, "geometry": { "type": "Point", "coordinates": [ 109.178719822190672, 41.380382436229837 ] } },
{ "type": "Feature", "properties": { "tang_id": 33309, "area_km2": 0.308665 }, "geometry": { "type": "Point", "coordinates": [ 109.179900059924776, 41.376098519218452 ] } },
{ "type": "Feature", "properties": { "tang_id": 33310, "area_km2": 0.006526 }, "geometry": { "type": "Point", "coordinates": [ 109.176665149249501, 41.37199427254302 ] } },
{ "type": "Feature", "properties": { "tang_id": 33311, "area_km2": 0.058888 }, "geometry": { "type": "Point", "coordinates": [ 109.190069415877602, 41.371853586056297 ] } },
{ "type": "Feature", "properties": { "tang_id": 33312, "area_km2": 0.011207 }, "geometry": { "type": "Point", "coordinates": [ 109.187586187960221, 41.37190299930456 ] } },
{ "type": "Feature", "properties": { "tang_id": 33313, "area_km2": 0.06119 }, "geometry": { "type": "Point", "coordinates": [ 109.18778965182662, 41.374972722069195 ] } },
{ "type": "Feature", "properties": { "tang_id": 33314, "area_km2": 0.011088 }, "geometry": { "type": "Point", "coordinates": [ 109.187770409764283, 41.377950863910094 ] } },
{ "type": "Feature", "properties": { "tang_id": 33315, "area_km2": 0.006591 }, "geometry": { "type": "Point", "coordinates": [ 109.196165707547465, 41.373820403541906 ] } },
{ "type": "Feature", "properties": { "tang_id": 33316, "area_km2": 0.004523 }, "geometry": { "type": "Point", "coordinates": [ 109.195791024563476, 41.374885542663542 ] } },
{ "type": "Feature", "properties": { "tang_id": 33317, "area_km2": 0.01508 }, "geometry": { "type": "Point", "coordinates": [ 109.192019412143821, 41.374643545906338 ] } },
{ "type": "Feature", "properties": { "tang_id": 33318, "area_km2": 0.157317 }, "geometry": { "type": "Point", "coordinates": [ 109.216220118264843, 41.355572815877863 ] } },
{ "type": "Feature", "properties": { "tang_id": 33319, "area_km2": 0.03325 }, "geometry": { "type": "Point", "coordinates": [ 109.164184413865925, 41.394344177252655 ] } },
{ "type": "Feature", "properties": { "tang_id": 33320, "area_km2": 0.002477 }, "geometry": { "type": "Point", "coordinates": [ 109.160891099649433, 41.393438701400839 ] } },
{ "type": "Feature", "properties": { "tang_id": 33321, "area_km2": 0.00538 }, "geometry": { "type": "Point", "coordinates": [ 109.159166792883951, 41.39046944048021 ] } },
{ "type": "Feature", "properties": { "tang_id": 33322, "area_km2": 0.001534 }, "geometry": { "type": "Point", "coordinates": [ 109.162265039875237, 41.385799530509281 ] } },
{ "type": "Feature", "properties": { "tang_id": 33323, "area_km2": 0.001989 }, "geometry": { "type": "Point", "coordinates": [ 109.161665587069336, 41.386246417355807 ] } },
{ "type": "Feature", "properties": { "tang_id": 33324, "area_km2": 0.010806 }, "geometry": { "type": "Point", "coordinates": [ 109.113485847237484, 41.396856931673142 ] } },
{ "type": "Feature", "properties": { "tang_id": 33325, "area_km2": 0.083314 }, "geometry": { "type": "Point", "coordinates": [ 109.090760900733898, 41.481660955271082 ] } },
{ "type": "Feature", "properties": { "tang_id": 33326, "area_km2": 0.021585 }, "geometry": { "type": "Point", "coordinates": [ 109.06148821983578, 41.52137356629509 ] } },
{ "type": "Feature", "properties": { "tang_id": 33328, "area_km2": 0.001041 }, "geometry": { "type": "Point", "coordinates": [ 109.064283640135272, 41.51960551442005 ] } },
{ "type": "Feature", "properties": { "tang_id": 33329, "area_km2": 0.015286 }, "geometry": { "type": "Point", "coordinates": [ 109.066223067822051, 41.518621649823253 ] } },
{ "type": "Feature", "properties": { "tang_id": 33330, "area_km2": 0.004405 }, "geometry": { "type": "Point", "coordinates": [ 109.066134769064249, 41.516970415336239 ] } },
{ "type": "Feature", "properties": { "tang_id": 33331, "area_km2": 0.008551 }, "geometry": { "type": "Point", "coordinates": [ 109.071000280493593, 41.518659525734797 ] } },
{ "type": "Feature", "properties": { "tang_id": 33332, "area_km2": 0.018711 }, "geometry": { "type": "Point", "coordinates": [ 109.061409777102824, 41.515503915463249 ] } },
{ "type": "Feature", "properties": { "tang_id": 33333, "area_km2": 0.01543 }, "geometry": { "type": "Point", "coordinates": [ 109.056185888136397, 41.513671537799517 ] } },
{ "type": "Feature", "properties": { "tang_id": 33335, "area_km2": 0.01629 }, "geometry": { "type": "Point", "coordinates": [ 109.058744785235234, 41.513542244410615 ] } },
{ "type": "Feature", "properties": { "tang_id": 33336, "area_km2": 0.008148 }, "geometry": { "type": "Point", "coordinates": [ 109.049685003535018, 41.512997426674502 ] } },
{ "type": "Feature", "properties": { "tang_id": 33337, "area_km2": 0.001096 }, "geometry": { "type": "Point", "coordinates": [ 109.048033951541143, 41.512579713712967 ] } },
{ "type": "Feature", "properties": { "tang_id": 33338, "area_km2": 0.00324 }, "geometry": { "type": "Point", "coordinates": [ 109.043191756956972, 41.510594273670407 ] } },
{ "type": "Feature", "properties": { "tang_id": 33339, "area_km2": 0.265204 }, "geometry": { "type": "Point", "coordinates": [ 108.872080184044052, 41.630389506430667 ] } },
{ "type": "Feature", "properties": { "tang_id": 33340, "area_km2": 0.193338 }, "geometry": { "type": "Point", "coordinates": [ 108.927024453105986, 41.616320050568106 ] } },
{ "type": "Feature", "properties": { "tang_id": 33341, "area_km2": 0.188977 }, "geometry": { "type": "Point", "coordinates": [ 108.915526752300494, 41.619661208678814 ] } },
{ "type": "Feature", "properties": { "tang_id": 33342, "area_km2": 0.032949 }, "geometry": { "type": "Point", "coordinates": [ 108.901140168193393, 41.634992016796367 ] } },
{ "type": "Feature", "properties": { "tang_id": 33343, "area_km2": 0.091151 }, "geometry": { "type": "Point", "coordinates": [ 108.908665717144345, 41.636716943160728 ] } },
{ "type": "Feature", "properties": { "tang_id": 33344, "area_km2": 7.283497 }, "geometry": { "type": "Point", "coordinates": [ 108.057583906885895, 41.715663103735423 ] } },
{ "type": "Feature", "properties": { "tang_id": 33345, "area_km2": 0.403145 }, "geometry": { "type": "Point", "coordinates": [ 106.601932736823358, 41.284510143163921 ] } },
{ "type": "Feature", "properties": { "tang_id": 33350, "area_km2": 0.111533 }, "geometry": { "type": "Point", "coordinates": [ 108.909223211754707, 41.628679896875198 ] } },
{ "type": "Feature", "properties": { "tang_id": 33351, "area_km2": 0.013872 }, "geometry": { "type": "Point", "coordinates": [ 108.911713340707664, 41.625150058899756 ] } },
{ "type": "Feature", "properties": { "tang_id": 33408, "area_km2": 0.015599 }, "geometry": { "type": "Point", "coordinates": [ 106.995408904861407, 39.832287073707938 ] } },
{ "type": "Feature", "properties": { "tang_id": 33409, "area_km2": 0.02431 }, "geometry": { "type": "Point", "coordinates": [ 106.99696572828401, 39.836879427700822 ] } },
{ "type": "Feature", "properties": { "tang_id": 33410, "area_km2": 0.041941 }, "geometry": { "type": "Point", "coordinates": [ 106.995052815143765, 39.838923349344817 ] } },
{ "type": "Feature", "properties": { "tang_id": 33411, "area_km2": 0.046154 }, "geometry": { "type": "Point", "coordinates": [ 106.992846491446528, 39.841635532613516 ] } },
{ "type": "Feature", "properties": { "tang_id": 33412, "area_km2": 42.485191 }, "geometry": { "type": "Point", "coordinates": [ 105.735772746211509, 39.742474156150394 ] } },
{ "type": "Feature", "properties": { "tang_id": 33413, "area_km2": 0.226004 }, "geometry": { "type": "Point", "coordinates": [ 105.744388200857941, 39.83006124845366 ] } },
{ "type": "Feature", "properties": { "tang_id": 33414, "area_km2": 2.340295 }, "geometry": { "type": "Point", "coordinates": [ 105.743380106868358, 39.866928508560129 ] } },
{ "type": "Feature", "properties": { "tang_id": 33591, "area_km2": 2.190734 }, "geometry": { "type": "Point", "coordinates": [ 106.877895668892364, 40.979538291465424 ] } },
{ "type": "Feature", "properties": { "tang_id": 33628, "area_km2": 0.052083 }, "geometry": { "type": "Point", "coordinates": [ 107.038753771957659, 41.122091200209312 ] } },
{ "type": "Feature", "properties": { "tang_id": 33629, "area_km2": 0.559278 }, "geometry": { "type": "Point", "coordinates": [ 107.043158177104488, 41.09996522488985 ] } },
{ "type": "Feature", "properties": { "tang_id": 33630, "area_km2": 0.102709 }, "geometry": { "type": "Point", "coordinates": [ 107.04519637302964, 41.122658052247061 ] } },
{ "type": "Feature", "properties": { "tang_id": 33631, "area_km2": 0.028064 }, "geometry": { "type": "Point", "coordinates": [ 107.051176430505194, 41.123705066715218 ] } },
{ "type": "Feature", "properties": { "tang_id": 33632, "area_km2": 0.433962 }, "geometry": { "type": "Point", "coordinates": [ 107.055655451354966, 41.112918253851511 ] } },
{ "type": "Feature", "properties": { "tang_id": 33634, "area_km2": 0.147611 }, "geometry": { "type": "Point", "coordinates": [ 107.055915254284841, 41.117701913256496 ] } },
{ "type": "Feature", "properties": { "tang_id": 33635, "area_km2": 0.143793 }, "geometry": { "type": "Point", "coordinates": [ 107.060188075954841, 41.079521991935287 ] } },
{ "type": "Feature", "properties": { "tang_id": 33636, "area_km2": 0.063721 }, "geometry": { "type": "Point", "coordinates": [ 107.060708015479335, 41.075675038996067 ] } },
{ "type": "Feature", "properties": { "tang_id": 33637, "area_km2": 0.501831 }, "geometry": { "type": "Point", "coordinates": [ 107.079918448719042, 41.103625104401807 ] } },
{ "type": "Feature", "properties": { "tang_id": 33638, "area_km2": 0.415113 }, "geometry": { "type": "Point", "coordinates": [ 107.075044538267463, 41.160489920478334 ] } },
{ "type": "Feature", "properties": { "tang_id": 33639, "area_km2": 0.34016 }, "geometry": { "type": "Point", "coordinates": [ 107.087500468278407, 41.112173497642182 ] } },
{ "type": "Feature", "properties": { "tang_id": 33640, "area_km2": 0.147245 }, "geometry": { "type": "Point", "coordinates": [ 107.089282408561559, 41.1323502481684 ] } },
{ "type": "Feature", "properties": { "tang_id": 33840, "area_km2": 1.13643 }, "geometry": { "type": "Point", "coordinates": [ 108.661327944534136, 41.297423479358301 ] } },
{ "type": "Feature", "properties": { "tang_id": 33864, "area_km2": 0.048325 }, "geometry": { "type": "Point", "coordinates": [ 109.152200742469589, 41.577470634180038 ] } },
{ "type": "Feature", "properties": { "tang_id": 33870, "area_km2": 0.117601 }, "geometry": { "type": "Point", "coordinates": [ 109.223526757352658, 41.217582551721186 ] } },
{ "type": "Feature", "properties": { "tang_id": 33871, "area_km2": 0.041164 }, "geometry": { "type": "Point", "coordinates": [ 109.22337054651716, 41.220676190156951 ] } },
{ "type": "Feature", "properties": { "tang_id": 33874, "area_km2": 7.081515 }, "geometry": { "type": "Point", "coordinates": [ 109.256706177101151, 41.668391760306882 ] } },
{ "type": "Feature", "properties": { "tang_id": 33875, "area_km2": 1.08275 }, "geometry": { "type": "Point", "coordinates": [ 109.261727807592266, 41.646090009741989 ] } },
{ "type": "Feature", "properties": { "tang_id": 33877, "area_km2": 0.739261 }, "geometry": { "type": "Point", "coordinates": [ 109.26958036959789, 41.640007354550548 ] } },
{ "type": "Feature", "properties": { "tang_id": 33948, "area_km2": 0.252312 }, "geometry": { "type": "Point", "coordinates": [ 109.37714552900718, 41.486031883211545 ] } },
{ "type": "Feature", "properties": { "tang_id": 33949, "area_km2": 0.409448 }, "geometry": { "type": "Point", "coordinates": [ 109.382299215487834, 41.490376964552375 ] } },
{ "type": "Feature", "properties": { "tang_id": 33954, "area_km2": 0.718068 }, "geometry": { "type": "Point", "coordinates": [ 109.396330969484822, 41.494339155104996 ] } },
{ "type": "Feature", "properties": { "tang_id": 33959, "area_km2": 0.246311 }, "geometry": { "type": "Point", "coordinates": [ 109.397345439752939, 41.488006236607568 ] } },
{ "type": "Feature", "properties": { "tang_id": 33962, "area_km2": 0.172737 }, "geometry": { "type": "Point", "coordinates": [ 109.406803504399591, 41.464504194741508 ] } },
{ "type": "Feature", "properties": { "tang_id": 33966, "area_km2": 0.569878 }, "geometry": { "type": "Point", "coordinates": [ 109.408111048477537, 41.493484385871234 ] } },
{ "type": "Feature", "properties": { "tang_id": 33968, "area_km2": 0.333319 }, "geometry": { "type": "Point", "coordinates": [ 109.41573999385993, 41.493802790163286 ] } },
{ "type": "Feature", "properties": { "tang_id": 33969, "area_km2": 0.188799 }, "geometry": { "type": "Point", "coordinates": [ 109.41788858461868, 41.498454091401861 ] } },
{ "type": "Feature", "properties": { "tang_id": 33971, "area_km2": 0.199793 }, "geometry": { "type": "Point", "coordinates": [ 109.425352521698613, 41.495854858557564 ] } },
{ "type": "Feature", "properties": { "tang_id": 33974, "area_km2": 0.061215 }, "geometry": { "type": "Point", "coordinates": [ 109.433536946314632, 41.517347400548914 ] } },
{ "type": "Feature", "properties": { "tang_id": 33975, "area_km2": 0.023561 }, "geometry": { "type": "Point", "coordinates": [ 109.433212162685606, 41.515046408972076 ] } },
{ "type": "Feature", "properties": { "tang_id": 33976, "area_km2": 0.344082 }, "geometry": { "type": "Point", "coordinates": [ 109.431230206407434, 41.493298553101667 ] } },
{ "type": "Feature", "properties": { "tang_id": 33977, "area_km2": 0.033618 }, "geometry": { "type": "Point", "coordinates": [ 109.435170927821716, 41.514586647015825 ] } },
{ "type": "Feature", "properties": { "tang_id": 33978, "area_km2": 0.055146 }, "geometry": { "type": "Point", "coordinates": [ 109.437777495325008, 41.509508861261274 ] } },
{ "type": "Feature", "properties": { "tang_id": 33979, "area_km2": 0.016195 }, "geometry": { "type": "Point", "coordinates": [ 109.437785392481828, 41.515368910539749 ] } },
{ "type": "Feature", "properties": { "tang_id": 33980, "area_km2": 0.048766 }, "geometry": { "type": "Point", "coordinates": [ 109.439306084036062, 41.514133011426878 ] } },
{ "type": "Feature", "properties": { "tang_id": 33981, "area_km2": 0.070057 }, "geometry": { "type": "Point", "coordinates": [ 109.443070852108363, 41.507234231419076 ] } },
{ "type": "Feature", "properties": { "tang_id": 33983, "area_km2": 0.062056 }, "geometry": { "type": "Point", "coordinates": [ 109.443317292783448, 41.50977744016879 ] } },
{ "type": "Feature", "properties": { "tang_id": 33984, "area_km2": 0.506195 }, "geometry": { "type": "Point", "coordinates": [ 109.446874835619781, 41.467181952645554 ] } },
{ "type": "Feature", "properties": { "tang_id": 33985, "area_km2": 0.233793 }, "geometry": { "type": "Point", "coordinates": [ 109.448065949589264, 41.503424225120924 ] } },
{ "type": "Feature", "properties": { "tang_id": 33986, "area_km2": 0.873161 }, "geometry": { "type": "Point", "coordinates": [ 109.454878804020424, 41.491792456531137 ] } },
{ "type": "Feature", "properties": { "tang_id": 33987, "area_km2": 0.245651 }, "geometry": { "type": "Point", "coordinates": [ 109.452050924169527, 41.460894437750738 ] } },
{ "type": "Feature", "properties": { "tang_id": 33988, "area_km2": 0.213342 }, "geometry": { "type": "Point", "coordinates": [ 109.468837216963138, 41.49259071524083 ] } },
{ "type": "Feature", "properties": { "tang_id": 33991, "area_km2": 0.097755 }, "geometry": { "type": "Point", "coordinates": [ 109.49599915119235, 41.498495504493128 ] } },
{ "type": "Feature", "properties": { "tang_id": 33995, "area_km2": 0.172241 }, "geometry": { "type": "Point", "coordinates": [ 109.615566591578641, 40.024742718507753 ] } },
{ "type": "Feature", "properties": { "tang_id": 34003, "area_km2": 3.943822 }, "geometry": { "type": "Point", "coordinates": [ 109.644880567129277, 40.055692904475087 ] } },
{ "type": "Feature", "properties": { "tang_id": 34006, "area_km2": 0.339493 }, "geometry": { "type": "Point", "coordinates": [ 109.668030489194365, 40.084656418927885 ] } },
{ "type": "Feature", "properties": { "tang_id": 34009, "area_km2": 0.263142 }, "geometry": { "type": "Point", "coordinates": [ 109.669472144019664, 40.091736895697792 ] } },
{ "type": "Feature", "properties": { "tang_id": 34011, "area_km2": 10.155049 }, "geometry": { "type": "Point", "coordinates": [ 109.68707449188804, 40.635323397397201 ] } },
{ "type": "Feature", "properties": { "tang_id": 34012, "area_km2": 0.59202 }, "geometry": { "type": "Point", "coordinates": [ 109.681027495868136, 40.097304925007137 ] } },
{ "type": "Feature", "properties": { "tang_id": 34014, "area_km2": 1.439305 }, "geometry": { "type": "Point", "coordinates": [ 109.69024603953531, 40.087296538432575 ] } },
{ "type": "Feature", "properties": { "tang_id": 34015, "area_km2": 0.364434 }, "geometry": { "type": "Point", "coordinates": [ 109.699431019943205, 40.065460430189916 ] } },
{ "type": "Feature", "properties": { "tang_id": 34016, "area_km2": 0.156399 }, "geometry": { "type": "Point", "coordinates": [ 109.702572315001476, 40.061944647875798 ] } },
{ "type": "Feature", "properties": { "tang_id": 34017, "area_km2": 3.819286 }, "geometry": { "type": "Point", "coordinates": [ 109.703241838611248, 40.097851381750253 ] } },
{ "type": "Feature", "properties": { "tang_id": 34019, "area_km2": 0.145218 }, "geometry": { "type": "Point", "coordinates": [ 109.718900757230301, 40.060622515769602 ] } },
{ "type": "Feature", "properties": { "tang_id": 34020, "area_km2": 0.064889 }, "geometry": { "type": "Point", "coordinates": [ 109.718932361511236, 40.054553520352734 ] } },
{ "type": "Feature", "properties": { "tang_id": 34021, "area_km2": 0.115728 }, "geometry": { "type": "Point", "coordinates": [ 109.728130784285199, 40.053073538630535 ] } },
{ "type": "Feature", "properties": { "tang_id": 34035, "area_km2": 0.738077 }, "geometry": { "type": "Point", "coordinates": [ 109.828686115815728, 40.026547526788832 ] } },
{ "type": "Feature", "properties": { "tang_id": 34038, "area_km2": 0.566768 }, "geometry": { "type": "Point", "coordinates": [ 109.848042207910595, 40.016751154180881 ] } },
{ "type": "Feature", "properties": { "tang_id": 34039, "area_km2": 0.364285 }, "geometry": { "type": "Point", "coordinates": [ 109.856453700644096, 40.005289054091875 ] } },
{ "type": "Feature", "properties": { "tang_id": 34040, "area_km2": 2.78958 }, "geometry": { "type": "Point", "coordinates": [ 109.853161917290862, 40.035795096035315 ] } },
{ "type": "Feature", "properties": { "tang_id": 34041, "area_km2": 1.460217 }, "geometry": { "type": "Point", "coordinates": [ 109.858487978067373, 40.017215757023145 ] } },
{ "type": "Feature", "properties": { "tang_id": 34042, "area_km2": 11.866486 }, "geometry": { "type": "Point", "coordinates": [ 109.867426018767262, 41.806409992768927 ] } },
{ "type": "Feature", "properties": { "tang_id": 34043, "area_km2": 0.719465 }, "geometry": { "type": "Point", "coordinates": [ 109.872185001055513, 40.048584825531577 ] } },
{ "type": "Feature", "properties": { "tang_id": 34044, "area_km2": 0.417657 }, "geometry": { "type": "Point", "coordinates": [ 109.88572609576029, 40.03346923006422 ] } },
{ "type": "Feature", "properties": { "tang_id": 34045, "area_km2": 3.326743 }, "geometry": { "type": "Point", "coordinates": [ 109.885167059868039, 41.75504152752967 ] } },
{ "type": "Feature", "properties": { "tang_id": 34046, "area_km2": 0.48605 }, "geometry": { "type": "Point", "coordinates": [ 109.891406506662065, 40.025008349189442 ] } },
{ "type": "Feature", "properties": { "tang_id": 34047, "area_km2": 4.336098 }, "geometry": { "type": "Point", "coordinates": [ 109.891780292832919, 41.774635476528623 ] } },
{ "type": "Feature", "properties": { "tang_id": 34048, "area_km2": 5.948268 }, "geometry": { "type": "Point", "coordinates": [ 109.904375308618114, 39.964216745879099 ] } },
{ "type": "Feature", "properties": { "tang_id": 34049, "area_km2": 0.846016 }, "geometry": { "type": "Point", "coordinates": [ 109.912946581937106, 41.78554454581316 ] } },
{ "type": "Feature", "properties": { "tang_id": 34050, "area_km2": 2.170565 }, "geometry": { "type": "Point", "coordinates": [ 109.91913833962505, 40.012332874418121 ] } },
{ "type": "Feature", "properties": { "tang_id": 34052, "area_km2": 0.130342 }, "geometry": { "type": "Point", "coordinates": [ 109.928157302391668, 39.90376546937344 ] } },
{ "type": "Feature", "properties": { "tang_id": 34054, "area_km2": 0.050628 }, "geometry": { "type": "Point", "coordinates": [ 109.931279752124809, 39.906467162190459 ] } },
{ "type": "Feature", "properties": { "tang_id": 34055, "area_km2": 0.869061 }, "geometry": { "type": "Point", "coordinates": [ 109.932993570204133, 39.997710263371708 ] } },
{ "type": "Feature", "properties": { "tang_id": 34056, "area_km2": 0.329924 }, "geometry": { "type": "Point", "coordinates": [ 109.93947721542628, 39.979073075650987 ] } },
{ "type": "Feature", "properties": { "tang_id": 34057, "area_km2": 0.083824 }, "geometry": { "type": "Point", "coordinates": [ 109.939873444043315, 39.905835993043958 ] } },
{ "type": "Feature", "properties": { "tang_id": 34059, "area_km2": 0.3552 }, "geometry": { "type": "Point", "coordinates": [ 109.947459491435069, 39.973487782245101 ] } },
{ "type": "Feature", "properties": { "tang_id": 34068, "area_km2": 6.983707 }, "geometry": { "type": "Point", "coordinates": [ 109.952195179495789, 41.79348625534201 ] } },
{ "type": "Feature", "properties": { "tang_id": 34069, "area_km2": 0.413053 }, "geometry": { "type": "Point", "coordinates": [ 109.967217636894318, 39.966500057204279 ] } },
{ "type": "Feature", "properties": { "tang_id": 34071, "area_km2": 9.993882 }, "geometry": { "type": "Point", "coordinates": [ 109.999771416117611, 41.79444084238505 ] } },
{ "type": "Feature", "properties": { "tang_id": 34077, "area_km2": 0.215027 }, "geometry": { "type": "Point", "coordinates": [ 109.99305410761707, 39.867349701300071 ] } },
{ "type": "Feature", "properties": { "tang_id": 34102, "area_km2": 0.328502 }, "geometry": { "type": "Point", "coordinates": [ 110.024909824811772, 39.949386375591175 ] } },
{ "type": "Feature", "properties": { "tang_id": 34118, "area_km2": 1.228887 }, "geometry": { "type": "Point", "coordinates": [ 110.047301786097464, 39.93177275654611 ] } },
{ "type": "Feature", "properties": { "tang_id": 34119, "area_km2": 4.083059 }, "geometry": { "type": "Point", "coordinates": [ 110.051973951007781, 39.871740876246854 ] } },
{ "type": "Feature", "properties": { "tang_id": 34120, "area_km2": 9.959271 }, "geometry": { "type": "Point", "coordinates": [ 110.045361455301347, 39.905436896477767 ] } },
{ "type": "Feature", "properties": { "tang_id": 34121, "area_km2": 2.91612 }, "geometry": { "type": "Point", "coordinates": [ 110.048179181432801, 39.85422923360229 ] } },
{ "type": "Feature", "properties": { "tang_id": 34130, "area_km2": 6.040583 }, "geometry": { "type": "Point", "coordinates": [ 110.079102102934087, 39.850072255635709 ] } },
{ "type": "Feature", "properties": { "tang_id": 34138, "area_km2": 6.380681 }, "geometry": { "type": "Point", "coordinates": [ 110.099190035793143, 39.865574993729609 ] } },
{ "type": "Feature", "properties": { "tang_id": 34144, "area_km2": 6.584216 }, "geometry": { "type": "Point", "coordinates": [ 110.117950878105788, 39.883459162131736 ] } },
{ "type": "Feature", "properties": { "tang_id": 34147, "area_km2": 5.763305 }, "geometry": { "type": "Point", "coordinates": [ 110.137415441560137, 39.269553924905274 ] } },
{ "type": "Feature", "properties": { "tang_id": 34148, "area_km2": 3.480714 }, "geometry": { "type": "Point", "coordinates": [ 110.137274490440703, 39.845113045328624 ] } },
{ "type": "Feature", "properties": { "tang_id": 34152, "area_km2": 1.486429 }, "geometry": { "type": "Point", "coordinates": [ 110.154815240780295, 39.787656836133301 ] } },
{ "type": "Feature", "properties": { "tang_id": 34159, "area_km2": 4.930419 }, "geometry": { "type": "Point", "coordinates": [ 110.174791046474169, 39.804837923331604 ] } },
{ "type": "Feature", "properties": { "tang_id": 34161, "area_km2": 1.397011 }, "geometry": { "type": "Point", "coordinates": [ 110.177316179818163, 39.854713685284203 ] } },
{ "type": "Feature", "properties": { "tang_id": 34166, "area_km2": 1.361522 }, "geometry": { "type": "Point", "coordinates": [ 110.191732478226314, 39.760939140197472 ] } },
{ "type": "Feature", "properties": { "tang_id": 34167, "area_km2": 4.330144 }, "geometry": { "type": "Point", "coordinates": [ 110.202746227182828, 39.839242878325507 ] } },
{ "type": "Feature", "properties": { "tang_id": 34168, "area_km2": 1.110085 }, "geometry": { "type": "Point", "coordinates": [ 110.200519803477547, 39.823165984605062 ] } },
{ "type": "Feature", "properties": { "tang_id": 34169, "area_km2": 2.595784 }, "geometry": { "type": "Point", "coordinates": [ 110.20386451489756, 39.798972937840198 ] } },
{ "type": "Feature", "properties": { "tang_id": 34170, "area_km2": 1.534872 }, "geometry": { "type": "Point", "coordinates": [ 110.204611143863417, 39.75261376643406 ] } },
{ "type": "Feature", "properties": { "tang_id": 34171, "area_km2": 0.425007 }, "geometry": { "type": "Point", "coordinates": [ 110.204257384162588, 39.730551511294784 ] } },
{ "type": "Feature", "properties": { "tang_id": 34172, "area_km2": 1.676709 }, "geometry": { "type": "Point", "coordinates": [ 110.207457070591758, 39.780166869712531 ] } },
{ "type": "Feature", "properties": { "tang_id": 34173, "area_km2": 1.288016 }, "geometry": { "type": "Point", "coordinates": [ 110.208118786546521, 39.768297283594194 ] } },
{ "type": "Feature", "properties": { "tang_id": 34174, "area_km2": 1.2113 }, "geometry": { "type": "Point", "coordinates": [ 110.206938333152905, 39.719623115017278 ] } },
{ "type": "Feature", "properties": { "tang_id": 34175, "area_km2": 1.14792 }, "geometry": { "type": "Point", "coordinates": [ 110.216489169311302, 39.666458997047101 ] } },
{ "type": "Feature", "properties": { "tang_id": 34176, "area_km2": 1.104458 }, "geometry": { "type": "Point", "coordinates": [ 110.218383573043553, 39.829020249566312 ] } },
{ "type": "Feature", "properties": { "tang_id": 34178, "area_km2": 0.967738 }, "geometry": { "type": "Point", "coordinates": [ 110.22576781087929, 39.661334198547621 ] } },
{ "type": "Feature", "properties": { "tang_id": 34179, "area_km2": 0.610876 }, "geometry": { "type": "Point", "coordinates": [ 110.228740899604801, 39.818183856544479 ] } },
{ "type": "Feature", "properties": { "tang_id": 34180, "area_km2": 0.303071 }, "geometry": { "type": "Point", "coordinates": [ 110.228860092985329, 39.837057959699557 ] } },
{ "type": "Feature", "properties": { "tang_id": 34181, "area_km2": 0.731233 }, "geometry": { "type": "Point", "coordinates": [ 110.22849836384006, 39.781557262761162 ] } },
{ "type": "Feature", "properties": { "tang_id": 34182, "area_km2": 0.81601 }, "geometry": { "type": "Point", "coordinates": [ 110.229974488098861, 39.87990454017423 ] } },
{ "type": "Feature", "properties": { "tang_id": 34183, "area_km2": 0.963167 }, "geometry": { "type": "Point", "coordinates": [ 110.232469230725755, 39.735007850626282 ] } },
{ "type": "Feature", "properties": { "tang_id": 34184, "area_km2": 0.692904 }, "geometry": { "type": "Point", "coordinates": [ 110.230089993594262, 39.842804716148144 ] } },
{ "type": "Feature", "properties": { "tang_id": 34185, "area_km2": 2.663281 }, "geometry": { "type": "Point", "coordinates": [ 110.250486674906924, 39.873115627399145 ] } },
{ "type": "Feature", "properties": { "tang_id": 34186, "area_km2": 0.797186 }, "geometry": { "type": "Point", "coordinates": [ 110.247511890984711, 39.824214144100587 ] } },
{ "type": "Feature", "properties": { "tang_id": 34187, "area_km2": 1.070733 }, "geometry": { "type": "Point", "coordinates": [ 110.2447452821837, 39.657742107434309 ] } },
{ "type": "Feature", "properties": { "tang_id": 34189, "area_km2": 0.860465 }, "geometry": { "type": "Point", "coordinates": [ 110.268998879007725, 39.821944930841028 ] } },
{ "type": "Feature", "properties": { "tang_id": 34192, "area_km2": 0.405926 }, "geometry": { "type": "Point", "coordinates": [ 110.2579205584329, 39.709884208770461 ] } },
{ "type": "Feature", "properties": { "tang_id": 34193, "area_km2": 0.380907 }, "geometry": { "type": "Point", "coordinates": [ 110.260645231728006, 39.687271914906503 ] } },
{ "type": "Feature", "properties": { "tang_id": 34196, "area_km2": 0.203581 }, "geometry": { "type": "Point", "coordinates": [ 110.26720437170701, 39.69232767999334 ] } },
{ "type": "Feature", "properties": { "tang_id": 34197, "area_km2": 2.478566 }, "geometry": { "type": "Point", "coordinates": [ 110.260709191588219, 39.893627440197164 ] } },
{ "type": "Feature", "properties": { "tang_id": 34199, "area_km2": 1.393158 }, "geometry": { "type": "Point", "coordinates": [ 110.268747892231517, 39.628620186307657 ] } },
{ "type": "Feature", "properties": { "tang_id": 34200, "area_km2": 0.239853 }, "geometry": { "type": "Point", "coordinates": [ 110.273493639687089, 39.65621245380725 ] } },
{ "type": "Feature", "properties": { "tang_id": 34202, "area_km2": 1.830303 }, "geometry": { "type": "Point", "coordinates": [ 110.283115852785429, 39.615525500626219 ] } },
{ "type": "Feature", "properties": { "tang_id": 34203, "area_km2": 1.881989 }, "geometry": { "type": "Point", "coordinates": [ 110.287470881926112, 39.875020629386924 ] } },
{ "type": "Feature", "properties": { "tang_id": 34204, "area_km2": 3.623138 }, "geometry": { "type": "Point", "coordinates": [ 110.287468080298041, 39.352451292355241 ] } },
{ "type": "Feature", "properties": { "tang_id": 34205, "area_km2": 3.44429 }, "geometry": { "type": "Point", "coordinates": [ 110.282281366300538, 39.699074519643389 ] } },
{ "type": "Feature", "properties": { "tang_id": 34206, "area_km2": 0.58031 }, "geometry": { "type": "Point", "coordinates": [ 110.288181199764466, 39.687411169221747 ] } },
{ "type": "Feature", "properties": { "tang_id": 34208, "area_km2": 0.171979 }, "geometry": { "type": "Point", "coordinates": [ 110.293259894465947, 39.691935393817268 ] } },
{ "type": "Feature", "properties": { "tang_id": 34209, "area_km2": 0.346085 }, "geometry": { "type": "Point", "coordinates": [ 110.292026116494554, 39.604025183453594 ] } },
{ "type": "Feature", "properties": { "tang_id": 34212, "area_km2": 0.489425 }, "geometry": { "type": "Point", "coordinates": [ 110.300352411699393, 39.608337738878937 ] } },
{ "type": "Feature", "properties": { "tang_id": 34214, "area_km2": 0.126593 }, "geometry": { "type": "Point", "coordinates": [ 110.298488380860832, 39.684846441042112 ] } },
{ "type": "Feature", "properties": { "tang_id": 34217, "area_km2": 0.252118 }, "geometry": { "type": "Point", "coordinates": [ 110.301824027420793, 39.68978181150456 ] } },
{ "type": "Feature", "properties": { "tang_id": 34226, "area_km2": 0.385824 }, "geometry": { "type": "Point", "coordinates": [ 110.330826715996238, 39.591628252436813 ] } },
{ "type": "Feature", "properties": { "tang_id": 34228, "area_km2": 0.541516 }, "geometry": { "type": "Point", "coordinates": [ 110.340898678317274, 39.580507306686876 ] } },
{ "type": "Feature", "properties": { "tang_id": 34234, "area_km2": 0.302778 }, "geometry": { "type": "Point", "coordinates": [ 110.359980939253148, 39.580972110148792 ] } },
{ "type": "Feature", "properties": { "tang_id": 34235, "area_km2": 0.703827 }, "geometry": { "type": "Point", "coordinates": [ 110.363764315017804, 39.592726696972846 ] } },
{ "type": "Feature", "properties": { "tang_id": 34236, "area_km2": 0.214472 }, "geometry": { "type": "Point", "coordinates": [ 110.367382480312628, 39.587560118815496 ] } },
{ "type": "Feature", "properties": { "tang_id": 34240, "area_km2": 0.52411 }, "geometry": { "type": "Point", "coordinates": [ 110.389321197040601, 39.815840927111239 ] } },
{ "type": "Feature", "properties": { "tang_id": 34242, "area_km2": 0.360866 }, "geometry": { "type": "Point", "coordinates": [ 110.397752620572717, 39.821953450830286 ] } },
{ "type": "Feature", "properties": { "tang_id": 34243, "area_km2": 0.564017 }, "geometry": { "type": "Point", "coordinates": [ 110.400266160874125, 39.805728379039266 ] } },
{ "type": "Feature", "properties": { "tang_id": 34263, "area_km2": 0.825815 }, "geometry": { "type": "Point", "coordinates": [ 110.474337788854427, 39.451923077223242 ] } },
{ "type": "Feature", "properties": { "tang_id": 34264, "area_km2": 3.555749 }, "geometry": { "type": "Point", "coordinates": [ 110.480472840788892, 39.468458185186712 ] } },
{ "type": "Feature", "properties": { "tang_id": 34272, "area_km2": 1.419777 }, "geometry": { "type": "Point", "coordinates": [ 110.505002332639606, 39.49767262970466 ] } },
{ "type": "Feature", "properties": { "tang_id": 34273, "area_km2": 0.111195 }, "geometry": { "type": "Point", "coordinates": [ 110.506468560482418, 39.510393294695056 ] } },
{ "type": "Feature", "properties": { "tang_id": 34278, "area_km2": 0.135144 }, "geometry": { "type": "Point", "coordinates": [ 110.512999793279093, 39.511042478047813 ] } },
{ "type": "Feature", "properties": { "tang_id": 34281, "area_km2": 0.189586 }, "geometry": { "type": "Point", "coordinates": [ 110.517083764971332, 39.506605822691462 ] } },
{ "type": "Feature", "properties": { "tang_id": 34283, "area_km2": 1.607268 }, "geometry": { "type": "Point", "coordinates": [ 110.518220606320597, 39.521073621179667 ] } },
{ "type": "Feature", "properties": { "tang_id": 34286, "area_km2": 0.745775 }, "geometry": { "type": "Point", "coordinates": [ 110.521955236642825, 39.466761815609971 ] } },
{ "type": "Feature", "properties": { "tang_id": 34287, "area_km2": 1.516568 }, "geometry": { "type": "Point", "coordinates": [ 110.531134124299626, 39.577506825149968 ] } },
{ "type": "Feature", "properties": { "tang_id": 34288, "area_km2": 0.342986 }, "geometry": { "type": "Point", "coordinates": [ 110.531879682440518, 39.467221524382722 ] } },
{ "type": "Feature", "properties": { "tang_id": 34290, "area_km2": 0.259071 }, "geometry": { "type": "Point", "coordinates": [ 110.543838255002314, 39.588626618348577 ] } },
{ "type": "Feature", "properties": { "tang_id": 34291, "area_km2": 1.721562 }, "geometry": { "type": "Point", "coordinates": [ 110.552526782553031, 39.617234495840577 ] } },
{ "type": "Feature", "properties": { "tang_id": 34293, "area_km2": 1.902821 }, "geometry": { "type": "Point", "coordinates": [ 110.567365432419578, 39.600976134997161 ] } },
{ "type": "Feature", "properties": { "tang_id": 34295, "area_km2": 0.558456 }, "geometry": { "type": "Point", "coordinates": [ 110.573966068618446, 39.585667722194884 ] } },
{ "type": "Feature", "properties": { "tang_id": 34299, "area_km2": 0.302216 }, "geometry": { "type": "Point", "coordinates": [ 110.581158527779976, 39.431131327475306 ] } },
{ "type": "Feature", "properties": { "tang_id": 34300, "area_km2": 0.29656 }, "geometry": { "type": "Point", "coordinates": [ 110.581185438401988, 39.611494315137911 ] } },
{ "type": "Feature", "properties": { "tang_id": 34304, "area_km2": 0.177794 }, "geometry": { "type": "Point", "coordinates": [ 110.586035436209471, 39.616245855839267 ] } },
{ "type": "Feature", "properties": { "tang_id": 34305, "area_km2": 0.45858 }, "geometry": { "type": "Point", "coordinates": [ 110.585467712937799, 39.297786558059755 ] } },
{ "type": "Feature", "properties": { "tang_id": 34307, "area_km2": 0.23537 }, "geometry": { "type": "Point", "coordinates": [ 110.587819445410346, 39.441347662925835 ] } },
{ "type": "Feature", "properties": { "tang_id": 34309, "area_km2": 0.752202 }, "geometry": { "type": "Point", "coordinates": [ 110.593469147624987, 39.273287872314221 ] } },
{ "type": "Feature", "properties": { "tang_id": 34313, "area_km2": 0.108205 }, "geometry": { "type": "Point", "coordinates": [ 110.597092072642511, 39.593137166529324 ] } },
{ "type": "Feature", "properties": { "tang_id": 34316, "area_km2": 0.115915 }, "geometry": { "type": "Point", "coordinates": [ 110.600991203423888, 39.588039331849082 ] } },
{ "type": "Feature", "properties": { "tang_id": 34320, "area_km2": 0.177879 }, "geometry": { "type": "Point", "coordinates": [ 110.608821843909922, 39.589954329579456 ] } },
{ "type": "Feature", "properties": { "tang_id": 34322, "area_km2": 1.343661 }, "geometry": { "type": "Point", "coordinates": [ 110.608187045999941, 39.552449754538621 ] } },
{ "type": "Feature", "properties": { "tang_id": 34324, "area_km2": 1.186186 }, "geometry": { "type": "Point", "coordinates": [ 110.610484279493548, 39.567675493303732 ] } },
{ "type": "Feature", "properties": { "tang_id": 34325, "area_km2": 2.379947 }, "geometry": { "type": "Point", "coordinates": [ 110.610378886338623, 39.381223884258709 ] } },
{ "type": "Feature", "properties": { "tang_id": 34331, "area_km2": 1.045141 }, "geometry": { "type": "Point", "coordinates": [ 110.624516923513497, 39.398103790695515 ] } },
{ "type": "Feature", "properties": { "tang_id": 34332, "area_km2": 1.417501 }, "geometry": { "type": "Point", "coordinates": [ 110.629587861353357, 39.543065829303906 ] } },
{ "type": "Feature", "properties": { "tang_id": 34333, "area_km2": 2.252713 }, "geometry": { "type": "Point", "coordinates": [ 110.627289468466202, 39.380436908378982 ] } },
{ "type": "Feature", "properties": { "tang_id": 34334, "area_km2": 1.307634 }, "geometry": { "type": "Point", "coordinates": [ 110.636343905420745, 39.393716712954074 ] } },
{ "type": "Feature", "properties": { "tang_id": 34338, "area_km2": 0.356215 }, "geometry": { "type": "Point", "coordinates": [ 110.637531127354478, 39.404707796453181 ] } },
{ "type": "Feature", "properties": { "tang_id": 34340, "area_km2": 0.07342 }, "geometry": { "type": "Point", "coordinates": [ 110.642143782950228, 39.412391686527371 ] } },
{ "type": "Feature", "properties": { "tang_id": 34341, "area_km2": 1.210559 }, "geometry": { "type": "Point", "coordinates": [ 110.649183088617988, 39.385798843030962 ] } },
{ "type": "Feature", "properties": { "tang_id": 34342, "area_km2": 0.149857 }, "geometry": { "type": "Point", "coordinates": [ 110.64664575589822, 39.440698723485681 ] } },
{ "type": "Feature", "properties": { "tang_id": 34350, "area_km2": 2.927428 }, "geometry": { "type": "Point", "coordinates": [ 110.677064019792184, 39.379229153402953 ] } },
{ "type": "Feature", "properties": { "tang_id": 34352, "area_km2": 3.856521 }, "geometry": { "type": "Point", "coordinates": [ 110.727883950062036, 39.43730351826536 ] } },
{ "type": "Feature", "properties": { "tang_id": 34394, "area_km2": 0.147651 }, "geometry": { "type": "Point", "coordinates": [ 111.172566542476972, 39.716030458542427 ] } },
{ "type": "Feature", "properties": { "tang_id": 34395, "area_km2": 0.948704 }, "geometry": { "type": "Point", "coordinates": [ 111.182394099780424, 39.711318579865591 ] } },
{ "type": "Feature", "properties": { "tang_id": 34396, "area_km2": 0.308077 }, "geometry": { "type": "Point", "coordinates": [ 111.182071001270359, 39.700280235003383 ] } },
{ "type": "Feature", "properties": { "tang_id": 34406, "area_km2": 3.462419 }, "geometry": { "type": "Point", "coordinates": [ 111.203811465468149, 39.492942954306535 ] } },
{ "type": "Feature", "properties": { "tang_id": 34407, "area_km2": 2.617136 }, "geometry": { "type": "Point", "coordinates": [ 111.217430280062956, 39.503782736841352 ] } },
{ "type": "Feature", "properties": { "tang_id": 34409, "area_km2": 1.657925 }, "geometry": { "type": "Point", "coordinates": [ 111.242075274727611, 39.789053262461621 ] } },
{ "type": "Feature", "properties": { "tang_id": 34411, "area_km2": 1.494676 }, "geometry": { "type": "Point", "coordinates": [ 111.250662317807453, 39.832650207316235 ] } },
{ "type": "Feature", "properties": { "tang_id": 34412, "area_km2": 38.268702 }, "geometry": { "type": "Point", "coordinates": [ 111.248802856514686, 39.753155045657351 ] } },
{ "type": "Feature", "properties": { "tang_id": 34415, "area_km2": 1.563736 }, "geometry": { "type": "Point", "coordinates": [ 111.275996343656402, 39.799240910599558 ] } },
{ "type": "Feature", "properties": { "tang_id": 34416, "area_km2": 1.768761 }, "geometry": { "type": "Point", "coordinates": [ 111.295660924641751, 39.784397110527408 ] } },
{ "type": "Feature", "properties": { "tang_id": 34420, "area_km2": 6.476172 }, "geometry": { "type": "Point", "coordinates": [ 111.294988118326501, 39.539396468234095 ] } },
{ "type": "Feature", "properties": { "tang_id": 34422, "area_km2": 3.895486 }, "geometry": { "type": "Point", "coordinates": [ 111.321941481210374, 39.849008524763647 ] } },
{ "type": "Feature", "properties": { "tang_id": 34424, "area_km2": 0.057413 }, "geometry": { "type": "Point", "coordinates": [ 111.322747986225423, 39.912382452081708 ] } },
{ "type": "Feature", "properties": { "tang_id": 34425, "area_km2": 3.272771 }, "geometry": { "type": "Point", "coordinates": [ 111.321435104439004, 39.528045345164543 ] } },
{ "type": "Feature", "properties": { "tang_id": 34426, "area_km2": 2.828996 }, "geometry": { "type": "Point", "coordinates": [ 111.324599302620854, 39.77276985098591 ] } },
{ "type": "Feature", "properties": { "tang_id": 34427, "area_km2": 0.823838 }, "geometry": { "type": "Point", "coordinates": [ 111.328106885111708, 39.87591051503761 ] } },
{ "type": "Feature", "properties": { "tang_id": 34429, "area_km2": 1.15819 }, "geometry": { "type": "Point", "coordinates": [ 111.335627455012485, 39.886227559320254 ] } },
{ "type": "Feature", "properties": { "tang_id": 34443, "area_km2": 3.116943 }, "geometry": { "type": "Point", "coordinates": [ 111.369426744364276, 40.169572766736934 ] } },
{ "type": "Feature", "properties": { "tang_id": 34446, "area_km2": 3.127004 }, "geometry": { "type": "Point", "coordinates": [ 111.386353417411243, 39.897607216074547 ] } },
{ "type": "Feature", "properties": { "tang_id": 34453, "area_km2": 0.991149 }, "geometry": { "type": "Point", "coordinates": [ 111.39696234662496, 39.874575744278786 ] } },
{ "type": "Feature", "properties": { "tang_id": 34456, "area_km2": 0.714081 }, "geometry": { "type": "Point", "coordinates": [ 111.404945092532301, 39.880918271758283 ] } },
{ "type": "Feature", "properties": { "tang_id": 34777, "area_km2": 0.130618 }, "geometry": { "type": "Point", "coordinates": [ 112.465343637441649, 42.234276979925355 ] } },
{ "type": "Feature", "properties": { "tang_id": 34778, "area_km2": 0.04134 }, "geometry": { "type": "Point", "coordinates": [ 112.479476121185584, 42.232931914493548 ] } },
{ "type": "Feature", "properties": { "tang_id": 34779, "area_km2": 0.043112 }, "geometry": { "type": "Point", "coordinates": [ 112.47828315783849, 42.23077392285311 ] } },
{ "type": "Feature", "properties": { "tang_id": 34781, "area_km2": 0.050743 }, "geometry": { "type": "Point", "coordinates": [ 112.481850835919317, 42.222384742751096 ] } },
{ "type": "Feature", "properties": { "tang_id": 34785, "area_km2": 0.049792 }, "geometry": { "type": "Point", "coordinates": [ 112.493008098284122, 42.211642091264721 ] } },
{ "type": "Feature", "properties": { "tang_id": 34786, "area_km2": 0.003274 }, "geometry": { "type": "Point", "coordinates": [ 112.497633788717948, 42.20559092973275 ] } },
{ "type": "Feature", "properties": { "tang_id": 34787, "area_km2": 0.003879 }, "geometry": { "type": "Point", "coordinates": [ 112.498546479385396, 42.206225919756491 ] } },
{ "type": "Feature", "properties": { "tang_id": 34788, "area_km2": 0.033844 }, "geometry": { "type": "Point", "coordinates": [ 112.498254747206559, 42.210572248710449 ] } },
{ "type": "Feature", "properties": { "tang_id": 34789, "area_km2": 0.123484 }, "geometry": { "type": "Point", "coordinates": [ 112.501116614154711, 42.208773841794759 ] } },
{ "type": "Feature", "properties": { "tang_id": 34790, "area_km2": 0.005336 }, "geometry": { "type": "Point", "coordinates": [ 112.498962865608959, 42.205413971232659 ] } },
{ "type": "Feature", "properties": { "tang_id": 34791, "area_km2": 0.01978 }, "geometry": { "type": "Point", "coordinates": [ 112.501045012151508, 42.211447206036652 ] } },
{ "type": "Feature", "properties": { "tang_id": 34792, "area_km2": 0.0342 }, "geometry": { "type": "Point", "coordinates": [ 112.502452455113655, 42.188673836641996 ] } },
{ "type": "Feature", "properties": { "tang_id": 34793, "area_km2": 0.02321 }, "geometry": { "type": "Point", "coordinates": [ 112.501911457327878, 42.204112990618256 ] } },
{ "type": "Feature", "properties": { "tang_id": 34794, "area_km2": 0.006952 }, "geometry": { "type": "Point", "coordinates": [ 112.503996531480553, 42.203650506538857 ] } },
{ "type": "Feature", "properties": { "tang_id": 34795, "area_km2": 0.050342 }, "geometry": { "type": "Point", "coordinates": [ 112.503508686978336, 42.212230356621774 ] } },
{ "type": "Feature", "properties": { "tang_id": 34796, "area_km2": 0.030682 }, "geometry": { "type": "Point", "coordinates": [ 112.505223375576549, 42.207947583239545 ] } },
{ "type": "Feature", "properties": { "tang_id": 34797, "area_km2": 0.334607 }, "geometry": { "type": "Point", "coordinates": [ 112.517052893021884, 42.215472543393368 ] } },
{ "type": "Feature", "properties": { "tang_id": 34798, "area_km2": 0.053047 }, "geometry": { "type": "Point", "coordinates": [ 112.516576995812969, 42.221871492573385 ] } },
{ "type": "Feature", "properties": { "tang_id": 34799, "area_km2": 0.341561 }, "geometry": { "type": "Point", "coordinates": [ 112.535072405399006, 42.208630309445212 ] } },
{ "type": "Feature", "properties": { "tang_id": 34843, "area_km2": 3.608704 }, "geometry": { "type": "Point", "coordinates": [ 113.031830940073149, 41.722262669371268 ] } },
{ "type": "Feature", "properties": { "tang_id": 34853, "area_km2": 0.791074 }, "geometry": { "type": "Point", "coordinates": [ 113.056278407092137, 41.724164429276165 ] } },
{ "type": "Feature", "properties": { "tang_id": 34859, "area_km2": 0.866936 }, "geometry": { "type": "Point", "coordinates": [ 113.073337925802676, 41.72497577736533 ] } },
{ "type": "Feature", "properties": { "tang_id": 34862, "area_km2": 1.000305 }, "geometry": { "type": "Point", "coordinates": [ 113.086444225400697, 41.731684983950494 ] } },
{ "type": "Feature", "properties": { "tang_id": 34868, "area_km2": 0.518622 }, "geometry": { "type": "Point", "coordinates": [ 113.096807451803926, 41.730333440711348 ] } },
{ "type": "Feature", "properties": { "tang_id": 36020, "area_km2": 14.108693 }, "geometry": { "type": "Point", "coordinates": [ 115.923360461325743, 43.955259244137146 ] } },
{ "type": "Feature", "properties": { "tang_id": 36029, "area_km2": 2.373497 }, "geometry": { "type": "Point", "coordinates": [ 115.972556462874465, 43.975016764148606 ] } },
{ "type": "Feature", "properties": { "tang_id": 36035, "area_km2": 6.116522 }, "geometry": { "type": "Point", "coordinates": [ 115.997334900371499, 44.022239713134987 ] } },
{ "type": "Feature", "properties": { "tang_id": 36037, "area_km2": 2.169681 }, "geometry": { "type": "Point", "coordinates": [ 115.995314604031762, 43.974200716090266 ] } },
{ "type": "Feature", "properties": { "tang_id": 36041, "area_km2": 6.384731 }, "geometry": { "type": "Point", "coordinates": [ 116.006186837324606, 44.002743990449176 ] } },
{ "type": "Feature", "properties": { "tang_id": 36059, "area_km2": 1.844884 }, "geometry": { "type": "Point", "coordinates": [ 116.036028906463741, 43.997890963561055 ] } },
{ "type": "Feature", "properties": { "tang_id": 36281, "area_km2": 5.696839 }, "geometry": { "type": "Point", "coordinates": [ 116.227150379650467, 44.065700098895128 ] } },
{ "type": "Feature", "properties": { "tang_id": 36302, "area_km2": 0.02028 }, "geometry": { "type": "Point", "coordinates": [ 116.253076797297325, 48.784311986283896 ] } },
{ "type": "Feature", "properties": { "tang_id": 36306, "area_km2": 0.00986 }, "geometry": { "type": "Point", "coordinates": [ 116.255974461790515, 48.783208510837603 ] } },
{ "type": "Feature", "properties": { "tang_id": 36313, "area_km2": 0.008552 }, "geometry": { "type": "Point", "coordinates": [ 116.259717328062351, 48.782702108662818 ] } },
{ "type": "Feature", "properties": { "tang_id": 36315, "area_km2": 0.01534 }, "geometry": { "type": "Point", "coordinates": [ 116.263916085892234, 48.782543139111745 ] } },
{ "type": "Feature", "properties": { "tang_id": 36318, "area_km2": 0.010538 }, "geometry": { "type": "Point", "coordinates": [ 116.266733957003993, 48.781348129507393 ] } },
{ "type": "Feature", "properties": { "tang_id": 36321, "area_km2": 0.016266 }, "geometry": { "type": "Point", "coordinates": [ 116.268566778695373, 48.78933264414993 ] } },
{ "type": "Feature", "properties": { "tang_id": 36322, "area_km2": 0.023869 }, "geometry": { "type": "Point", "coordinates": [ 116.26980915110498, 48.781593872990022 ] } },
{ "type": "Feature", "properties": { "tang_id": 36323, "area_km2": 0.007534 }, "geometry": { "type": "Point", "coordinates": [ 116.26953862555618, 48.787587853630932 ] } },
{ "type": "Feature", "properties": { "tang_id": 36324, "area_km2": 0.01474 }, "geometry": { "type": "Point", "coordinates": [ 116.27059807138815, 48.784735705577113 ] } },
{ "type": "Feature", "properties": { "tang_id": 36326, "area_km2": 0.094197 }, "geometry": { "type": "Point", "coordinates": [ 116.273161131401693, 48.805965662007452 ] } },
{ "type": "Feature", "properties": { "tang_id": 36327, "area_km2": 0.011446 }, "geometry": { "type": "Point", "coordinates": [ 116.271144764858121, 48.786424709536689 ] } },
{ "type": "Feature", "properties": { "tang_id": 36329, "area_km2": 0.014791 }, "geometry": { "type": "Point", "coordinates": [ 116.27163774315116, 48.784088364920379 ] } },
{ "type": "Feature", "properties": { "tang_id": 36331, "area_km2": 0.078067 }, "geometry": { "type": "Point", "coordinates": [ 116.275318041223173, 48.794778279429693 ] } },
{ "type": "Feature", "properties": { "tang_id": 36333, "area_km2": 0.023932 }, "geometry": { "type": "Point", "coordinates": [ 116.273812678056018, 48.779884381642177 ] } },
{ "type": "Feature", "properties": { "tang_id": 36334, "area_km2": 0.011116 }, "geometry": { "type": "Point", "coordinates": [ 116.2747102437188, 48.78351398343586 ] } },
{ "type": "Feature", "properties": { "tang_id": 36335, "area_km2": 0.009322 }, "geometry": { "type": "Point", "coordinates": [ 116.275404838066123, 48.777339521362741 ] } },
{ "type": "Feature", "properties": { "tang_id": 36337, "area_km2": 0.070641 }, "geometry": { "type": "Point", "coordinates": [ 116.2769493077584, 48.78686663778204 ] } },
{ "type": "Feature", "properties": { "tang_id": 36338, "area_km2": 0.014826 }, "geometry": { "type": "Point", "coordinates": [ 116.27607443044235, 48.791309829389242 ] } },
{ "type": "Feature", "properties": { "tang_id": 36339, "area_km2": 0.01316 }, "geometry": { "type": "Point", "coordinates": [ 116.276962785578121, 48.779645394406195 ] } },
{ "type": "Feature", "properties": { "tang_id": 36340, "area_km2": 0.036408 }, "geometry": { "type": "Point", "coordinates": [ 116.277519204962502, 48.789460830329112 ] } },
{ "type": "Feature", "properties": { "tang_id": 36342, "area_km2": 0.011552 }, "geometry": { "type": "Point", "coordinates": [ 116.276997494991534, 48.783768311885389 ] } },
{ "type": "Feature", "properties": { "tang_id": 36347, "area_km2": 0.174037 }, "geometry": { "type": "Point", "coordinates": [ 116.279314488800068, 48.808356787927963 ] } },
{ "type": "Feature", "properties": { "tang_id": 36348, "area_km2": 0.333721 }, "geometry": { "type": "Point", "coordinates": [ 116.280823647352122, 48.792297329075559 ] } },
{ "type": "Feature", "properties": { "tang_id": 36350, "area_km2": 0.01096 }, "geometry": { "type": "Point", "coordinates": [ 116.279741129059943, 48.7850257823983 ] } },
{ "type": "Feature", "properties": { "tang_id": 36352, "area_km2": 0.017772 }, "geometry": { "type": "Point", "coordinates": [ 116.281084174955296, 48.786297875390531 ] } },
{ "type": "Feature", "properties": { "tang_id": 36353, "area_km2": 0.013636 }, "geometry": { "type": "Point", "coordinates": [ 116.282384926317377, 48.787891897547453 ] } },
{ "type": "Feature", "properties": { "tang_id": 36354, "area_km2": 0.00933 }, "geometry": { "type": "Point", "coordinates": [ 116.284358482103954, 48.775695915478899 ] } },
{ "type": "Feature", "properties": { "tang_id": 36355, "area_km2": 0.018556 }, "geometry": { "type": "Point", "coordinates": [ 116.284256516093237, 48.781453638559945 ] } },
{ "type": "Feature", "properties": { "tang_id": 36356, "area_km2": 0.01532 }, "geometry": { "type": "Point", "coordinates": [ 116.284509648233978, 48.777915808185313 ] } },
{ "type": "Feature", "properties": { "tang_id": 36357, "area_km2": 0.008293 }, "geometry": { "type": "Point", "coordinates": [ 116.286924535850204, 48.777885191669768 ] } },
{ "type": "Feature", "properties": { "tang_id": 36372, "area_km2": 0.455061 }, "geometry": { "type": "Point", "coordinates": [ 116.319883953476818, 48.737711400171406 ] } },
{ "type": "Feature", "properties": { "tang_id": 36373, "area_km2": 0.025856 }, "geometry": { "type": "Point", "coordinates": [ 116.322258165103747, 48.751152560068768 ] } },
{ "type": "Feature", "properties": { "tang_id": 36374, "area_km2": 0.037825 }, "geometry": { "type": "Point", "coordinates": [ 116.325859741528106, 48.746294959486008 ] } },
{ "type": "Feature", "properties": { "tang_id": 36376, "area_km2": 0.026188 }, "geometry": { "type": "Point", "coordinates": [ 116.330096148112233, 48.748080067394859 ] } },
{ "type": "Feature", "properties": { "tang_id": 36378, "area_km2": 0.029849 }, "geometry": { "type": "Point", "coordinates": [ 116.331183892936011, 48.749780434130102 ] } },
{ "type": "Feature", "properties": { "tang_id": 36379, "area_km2": 0.034547 }, "geometry": { "type": "Point", "coordinates": [ 116.334210269448832, 48.747543340324235 ] } },
{ "type": "Feature", "properties": { "tang_id": 36381, "area_km2": 0.010153 }, "geometry": { "type": "Point", "coordinates": [ 116.336616315279272, 48.747620516765522 ] } },
{ "type": "Feature", "properties": { "tang_id": 36385, "area_km2": 0.65185 }, "geometry": { "type": "Point", "coordinates": [ 116.347507417718489, 48.748610361342884 ] } },
{ "type": "Feature", "properties": { "tang_id": 36390, "area_km2": 0.179604 }, "geometry": { "type": "Point", "coordinates": [ 116.368719236334229, 48.747199576592173 ] } },
{ "type": "Feature", "properties": { "tang_id": 36431, "area_km2": 0.018241 }, "geometry": { "type": "Point", "coordinates": [ 116.547427794249856, 44.534904415050136 ] } },
{ "type": "Feature", "properties": { "tang_id": 36433, "area_km2": 0.003015 }, "geometry": { "type": "Point", "coordinates": [ 116.561004133600449, 44.531416026487413 ] } },
{ "type": "Feature", "properties": { "tang_id": 36434, "area_km2": 0.008528 }, "geometry": { "type": "Point", "coordinates": [ 116.561685689100685, 44.531993560872849 ] } },
{ "type": "Feature", "properties": { "tang_id": 36435, "area_km2": 0.022808 }, "geometry": { "type": "Point", "coordinates": [ 116.567674703941833, 44.531024592282485 ] } },
{ "type": "Feature", "properties": { "tang_id": 36618, "area_km2": 4.543441 }, "geometry": { "type": "Point", "coordinates": [ 117.286481459700084, 49.408402363436736 ] } },
{ "type": "Feature", "properties": { "tang_id": 36626, "area_km2": 3.120413 }, "geometry": { "type": "Point", "coordinates": [ 117.295297916233267, 49.424132640754017 ] } },
{ "type": "Feature", "properties": { "tang_id": 36634, "area_km2": 6.752091 }, "geometry": { "type": "Point", "coordinates": [ 117.343384622279032, 49.418652258192921 ] } },
{ "type": "Feature", "properties": { "tang_id": 36648, "area_km2": 0.243813 }, "geometry": { "type": "Point", "coordinates": [ 117.388866322404866, 43.609189803710095 ] } },
{ "type": "Feature", "properties": { "tang_id": 36686, "area_km2": 0.154466 }, "geometry": { "type": "Point", "coordinates": [ 117.487946782816323, 43.662773590915656 ] } },
{ "type": "Feature", "properties": { "tang_id": 36688, "area_km2": 0.105435 }, "geometry": { "type": "Point", "coordinates": [ 117.502442514976465, 43.661422985734859 ] } },
{ "type": "Feature", "properties": { "tang_id": 36689, "area_km2": 0.211271 }, "geometry": { "type": "Point", "coordinates": [ 117.50396478165365, 43.647334982257313 ] } },
{ "type": "Feature", "properties": { "tang_id": 36690, "area_km2": 0.290543 }, "geometry": { "type": "Point", "coordinates": [ 117.515620818476236, 43.68337167544 ] } },
{ "type": "Feature", "properties": { "tang_id": 36699, "area_km2": 0.333963 }, "geometry": { "type": "Point", "coordinates": [ 117.530231086197404, 43.6843468269497 ] } },
{ "type": "Feature", "properties": { "tang_id": 36822, "area_km2": 4.818347 }, "geometry": { "type": "Point", "coordinates": [ 117.712408601720455, 49.394613684137916 ] } },
{ "type": "Feature", "properties": { "tang_id": 36837, "area_km2": 5.031416 }, "geometry": { "type": "Point", "coordinates": [ 117.720407590825829, 49.434078807084077 ] } },
{ "type": "Feature", "properties": { "tang_id": 36858, "area_km2": 6.332079 }, "geometry": { "type": "Point", "coordinates": [ 117.744968959053466, 49.398527831576757 ] } },
{ "type": "Feature", "properties": { "tang_id": 36963, "area_km2": 0.01493 }, "geometry": { "type": "Point", "coordinates": [ 117.809913667705587, 43.696042733265003 ] } },
{ "type": "Feature", "properties": { "tang_id": 36980, "area_km2": 0.051325 }, "geometry": { "type": "Point", "coordinates": [ 117.821499359886431, 43.692430403058516 ] } },
{ "type": "Feature", "properties": { "tang_id": 36999, "area_km2": 0.014192 }, "geometry": { "type": "Point", "coordinates": [ 117.826537258704434, 43.689327502605003 ] } },
{ "type": "Feature", "properties": { "tang_id": 37027, "area_km2": 0.024373 }, "geometry": { "type": "Point", "coordinates": [ 117.833538695786103, 43.713601827605729 ] } },
{ "type": "Feature", "properties": { "tang_id": 37035, "area_km2": 0.04423 }, "geometry": { "type": "Point", "coordinates": [ 117.836579368610288, 43.718602108488518 ] } },
{ "type": "Feature", "properties": { "tang_id": 37039, "area_km2": 0.154307 }, "geometry": { "type": "Point", "coordinates": [ 117.836467204638183, 43.577140666695207 ] } },
{ "type": "Feature", "properties": { "tang_id": 37072, "area_km2": 0.101249 }, "geometry": { "type": "Point", "coordinates": [ 117.861504703182817, 43.672260844677687 ] } },
{ "type": "Feature", "properties": { "tang_id": 37096, "area_km2": 0.111284 }, "geometry": { "type": "Point", "coordinates": [ 117.884900517080013, 43.622135207542399 ] } },
{ "type": "Feature", "properties": { "tang_id": 37155, "area_km2": 0.110022 }, "geometry": { "type": "Point", "coordinates": [ 118.006068765342206, 43.64480934791883 ] } },
{ "type": "Feature", "properties": { "tang_id": 37269, "area_km2": 0.015264 }, "geometry": { "type": "Point", "coordinates": [ 118.234324147595032, 43.701777971672449 ] } },
{ "type": "Feature", "properties": { "tang_id": 37277, "area_km2": 0.034844 }, "geometry": { "type": "Point", "coordinates": [ 118.243515948726639, 43.693065990324257 ] } },
{ "type": "Feature", "properties": { "tang_id": 37278, "area_km2": 0.036553 }, "geometry": { "type": "Point", "coordinates": [ 118.244550670286728, 43.689364050939425 ] } },
{ "type": "Feature", "properties": { "tang_id": 37279, "area_km2": 0.023229 }, "geometry": { "type": "Point", "coordinates": [ 118.245943742003163, 43.692571310146768 ] } },
{ "type": "Feature", "properties": { "tang_id": 37282, "area_km2": 0.102695 }, "geometry": { "type": "Point", "coordinates": [ 118.251956959223733, 43.702351215082381 ] } },
{ "type": "Feature", "properties": { "tang_id": 37283, "area_km2": 0.138394 }, "geometry": { "type": "Point", "coordinates": [ 118.252050510045819, 43.694860982146011 ] } },
{ "type": "Feature", "properties": { "tang_id": 37287, "area_km2": 0.076873 }, "geometry": { "type": "Point", "coordinates": [ 118.257702354175137, 43.692236966844746 ] } },
{ "type": "Feature", "properties": { "tang_id": 37289, "area_km2": 0.15154 }, "geometry": { "type": "Point", "coordinates": [ 118.263620913397602, 43.693601560666494 ] } },
{ "type": "Feature", "properties": { "tang_id": 37293, "area_km2": 0.219406 }, "geometry": { "type": "Point", "coordinates": [ 118.265332095302909, 43.712200819001588 ] } },
{ "type": "Feature", "properties": { "tang_id": 37294, "area_km2": 0.201233 }, "geometry": { "type": "Point", "coordinates": [ 118.269895242478356, 43.690131391984799 ] } },
{ "type": "Feature", "properties": { "tang_id": 37297, "area_km2": 0.05107 }, "geometry": { "type": "Point", "coordinates": [ 118.274048976634447, 43.693257124658487 ] } },
{ "type": "Feature", "properties": { "tang_id": 37298, "area_km2": 0.088839 }, "geometry": { "type": "Point", "coordinates": [ 118.274539437803156, 43.686402590289561 ] } },
{ "type": "Feature", "properties": { "tang_id": 37299, "area_km2": 0.03805 }, "geometry": { "type": "Point", "coordinates": [ 118.275345106269725, 43.690161393617679 ] } },
{ "type": "Feature", "properties": { "tang_id": 37557, "area_km2": 0.046239 }, "geometry": { "type": "Point", "coordinates": [ 118.539237546665305, 41.393564084261037 ] } },
{ "type": "Feature", "properties": { "tang_id": 37583, "area_km2": 0.017976 }, "geometry": { "type": "Point", "coordinates": [ 118.554962819337362, 41.384869411596149 ] } },
{ "type": "Feature", "properties": { "tang_id": 37732, "area_km2": 0.058726 }, "geometry": { "type": "Point", "coordinates": [ 118.657200113410482, 44.06551314868981 ] } },
{ "type": "Feature", "properties": { "tang_id": 37737, "area_km2": 0.03907 }, "geometry": { "type": "Point", "coordinates": [ 118.659970851719237, 44.068908233465017 ] } },
{ "type": "Feature", "properties": { "tang_id": 37754, "area_km2": 0.016145 }, "geometry": { "type": "Point", "coordinates": [ 118.66884834386444, 44.084235809129524 ] } },
{ "type": "Feature", "properties": { "tang_id": 37765, "area_km2": 0.227984 }, "geometry": { "type": "Point", "coordinates": [ 118.67340806585068, 44.090904289349432 ] } },
{ "type": "Feature", "properties": { "tang_id": 37789, "area_km2": 0.278247 }, "geometry": { "type": "Point", "coordinates": [ 118.693158510364114, 44.092304231019234 ] } },
{ "type": "Feature", "properties": { "tang_id": 37810, "area_km2": 0.043976 }, "geometry": { "type": "Point", "coordinates": [ 118.720152114524808, 42.609165249542578 ] } },
{ "type": "Feature", "properties": { "tang_id": 37825, "area_km2": 0.03853 }, "geometry": { "type": "Point", "coordinates": [ 118.741652532596078, 42.614429405389522 ] } },
{ "type": "Feature", "properties": { "tang_id": 37845, "area_km2": 0.003431 }, "geometry": { "type": "Point", "coordinates": [ 118.755774964779249, 42.769989257497116 ] } },
{ "type": "Feature", "properties": { "tang_id": 37847, "area_km2": 0.003597 }, "geometry": { "type": "Point", "coordinates": [ 118.758108761774949, 42.770062819113278 ] } },
{ "type": "Feature", "properties": { "tang_id": 37855, "area_km2": 0.066746 }, "geometry": { "type": "Point", "coordinates": [ 118.762633370103288, 42.767716540865031 ] } },
{ "type": "Feature", "properties": { "tang_id": 37894, "area_km2": 0.024537 }, "geometry": { "type": "Point", "coordinates": [ 118.875125624668513, 44.452606234745225 ] } },
{ "type": "Feature", "properties": { "tang_id": 37895, "area_km2": 0.108911 }, "geometry": { "type": "Point", "coordinates": [ 118.878754230992186, 44.453942121124101 ] } },
{ "type": "Feature", "properties": { "tang_id": 37896, "area_km2": 0.265785 }, "geometry": { "type": "Point", "coordinates": [ 118.883499679526651, 44.457052329454108 ] } },
{ "type": "Feature", "properties": { "tang_id": 37898, "area_km2": 0.274839 }, "geometry": { "type": "Point", "coordinates": [ 118.885075578957, 44.446914580245135 ] } },
{ "type": "Feature", "properties": { "tang_id": 37899, "area_km2": 0.067534 }, "geometry": { "type": "Point", "coordinates": [ 118.892016936619711, 44.449213416232972 ] } },
{ "type": "Feature", "properties": { "tang_id": 37900, "area_km2": 0.127183 }, "geometry": { "type": "Point", "coordinates": [ 118.893410658674185, 44.452696759929793 ] } },
{ "type": "Feature", "properties": { "tang_id": 37901, "area_km2": 0.03286 }, "geometry": { "type": "Point", "coordinates": [ 118.894717806352659, 42.781961678335293 ] } },
{ "type": "Feature", "properties": { "tang_id": 37902, "area_km2": 0.030022 }, "geometry": { "type": "Point", "coordinates": [ 118.905311333003425, 42.780773357731654 ] } },
{ "type": "Feature", "properties": { "tang_id": 37903, "area_km2": 0.024547 }, "geometry": { "type": "Point", "coordinates": [ 118.905588763654507, 42.76538171106062 ] } },
{ "type": "Feature", "properties": { "tang_id": 37904, "area_km2": 0.15194 }, "geometry": { "type": "Point", "coordinates": [ 118.905174565519019, 42.793609826796974 ] } },
{ "type": "Feature", "properties": { "tang_id": 37906, "area_km2": 0.036873 }, "geometry": { "type": "Point", "coordinates": [ 118.907131294572153, 42.766709656949004 ] } },
{ "type": "Feature", "properties": { "tang_id": 37907, "area_km2": 0.392921 }, "geometry": { "type": "Point", "coordinates": [ 118.908875254416913, 44.43836577292182 ] } },
{ "type": "Feature", "properties": { "tang_id": 37908, "area_km2": 0.142257 }, "geometry": { "type": "Point", "coordinates": [ 118.910459564501551, 44.466123781797165 ] } },
{ "type": "Feature", "properties": { "tang_id": 37909, "area_km2": 0.127784 }, "geometry": { "type": "Point", "coordinates": [ 118.914087678269169, 44.46383734910625 ] } },
{ "type": "Feature", "properties": { "tang_id": 37910, "area_km2": 0.085559 }, "geometry": { "type": "Point", "coordinates": [ 118.917351401391059, 44.427182899608908 ] } },
{ "type": "Feature", "properties": { "tang_id": 37911, "area_km2": 0.013324 }, "geometry": { "type": "Point", "coordinates": [ 118.917922657204969, 42.76991267462423 ] } },
{ "type": "Feature", "properties": { "tang_id": 37913, "area_km2": 0.049524 }, "geometry": { "type": "Point", "coordinates": [ 118.93047278088487, 42.760227951719358 ] } },
{ "type": "Feature", "properties": { "tang_id": 37939, "area_km2": 0.542399 }, "geometry": { "type": "Point", "coordinates": [ 118.997669496882992, 42.886694051636709 ] } },
{ "type": "Feature", "properties": { "tang_id": 37952, "area_km2": 0.018159 }, "geometry": { "type": "Point", "coordinates": [ 119.01129807437836, 44.552706473734077 ] } },
{ "type": "Feature", "properties": { "tang_id": 37953, "area_km2": 0.021155 }, "geometry": { "type": "Point", "coordinates": [ 119.012745472282916, 44.551101254496722 ] } },
{ "type": "Feature", "properties": { "tang_id": 37957, "area_km2": 0.196785 }, "geometry": { "type": "Point", "coordinates": [ 119.020305801545106, 44.552846783988485 ] } },
{ "type": "Feature", "properties": { "tang_id": 37964, "area_km2": 0.049683 }, "geometry": { "type": "Point", "coordinates": [ 119.028698455634853, 44.544310291780043 ] } },
{ "type": "Feature", "properties": { "tang_id": 38022, "area_km2": 8.831161 }, "geometry": { "type": "Point", "coordinates": [ 119.095355585934612, 45.921693551380429 ] } },
{ "type": "Feature", "properties": { "tang_id": 38059, "area_km2": 12.893167 }, "geometry": { "type": "Point", "coordinates": [ 119.151089070908739, 45.947184539819119 ] } },
{ "type": "Feature", "properties": { "tang_id": 38086, "area_km2": 0.700661 }, "geometry": { "type": "Point", "coordinates": [ 119.239060796476551, 41.307315739048683 ] } },
{ "type": "Feature", "properties": { "tang_id": 38087, "area_km2": 1.841674 }, "geometry": { "type": "Point", "coordinates": [ 119.243644600873736, 45.22173162067093 ] } },
{ "type": "Feature", "properties": { "tang_id": 38095, "area_km2": 0.215881 }, "geometry": { "type": "Point", "coordinates": [ 119.26093935457277, 41.304595677118705 ] } },
{ "type": "Feature", "properties": { "tang_id": 38097, "area_km2": 0.13251 }, "geometry": { "type": "Point", "coordinates": [ 119.266342664307501, 41.30524109284962 ] } },
{ "type": "Feature", "properties": { "tang_id": 38098, "area_km2": 0.178303 }, "geometry": { "type": "Point", "coordinates": [ 119.26753636384359, 41.308309160747463 ] } },
{ "type": "Feature", "properties": { "tang_id": 38099, "area_km2": 0.022101 }, "geometry": { "type": "Point", "coordinates": [ 119.266143394470078, 44.62985108951537 ] } },
{ "type": "Feature", "properties": { "tang_id": 38103, "area_km2": 4.000052 }, "geometry": { "type": "Point", "coordinates": [ 119.272924713474012, 45.247893104724923 ] } },
{ "type": "Feature", "properties": { "tang_id": 38104, "area_km2": 0.116762 }, "geometry": { "type": "Point", "coordinates": [ 119.275849900510153, 41.372859769293918 ] } },
{ "type": "Feature", "properties": { "tang_id": 38105, "area_km2": 0.118716 }, "geometry": { "type": "Point", "coordinates": [ 119.277217377974111, 44.617188384358769 ] } },
{ "type": "Feature", "properties": { "tang_id": 38107, "area_km2": 0.11347 }, "geometry": { "type": "Point", "coordinates": [ 119.286115250929669, 44.628957886783802 ] } },
{ "type": "Feature", "properties": { "tang_id": 38110, "area_km2": 0.072765 }, "geometry": { "type": "Point", "coordinates": [ 119.3136960597908, 44.649216272682501 ] } },
{ "type": "Feature", "properties": { "tang_id": 38112, "area_km2": 0.086687 }, "geometry": { "type": "Point", "coordinates": [ 119.318046052915292, 44.650595158142828 ] } },
{ "type": "Feature", "properties": { "tang_id": 38123, "area_km2": 39.618633 }, "geometry": { "type": "Point", "coordinates": [ 119.424314690124177, 45.378321548238979 ] } },
{ "type": "Feature", "properties": { "tang_id": 38195, "area_km2": 37.890212 }, "geometry": { "type": "Point", "coordinates": [ 119.574154295830084, 45.480309721880616 ] } },
{ "type": "Feature", "properties": { "tang_id": 38204, "area_km2": 9.469587 }, "geometry": { "type": "Point", "coordinates": [ 119.608350658297397, 45.54623457864615 ] } },
{ "type": "Feature", "properties": { "tang_id": 38209, "area_km2": 3.615168 }, "geometry": { "type": "Point", "coordinates": [ 119.644543486227391, 45.604769530164162 ] } },
{ "type": "Feature", "properties": { "tang_id": 38227, "area_km2": 6.385417 }, "geometry": { "type": "Point", "coordinates": [ 119.651659907843793, 49.412499562140511 ] } },
{ "type": "Feature", "properties": { "tang_id": 38233, "area_km2": 7.046649 }, "geometry": { "type": "Point", "coordinates": [ 119.674695563407838, 45.597023387110163 ] } },
{ "type": "Feature", "properties": { "tang_id": 38263, "area_km2": 0.256336 }, "geometry": { "type": "Point", "coordinates": [ 119.691279337643593, 45.571277788291354 ] } },
{ "type": "Feature", "properties": { "tang_id": 38280, "area_km2": 2.945918 }, "geometry": { "type": "Point", "coordinates": [ 119.711867886945214, 45.59050936108099 ] } },
{ "type": "Feature", "properties": { "tang_id": 38299, "area_km2": 15.51531 }, "geometry": { "type": "Point", "coordinates": [ 119.737832264746174, 48.584164947752527 ] } },
{ "type": "Feature", "properties": { "tang_id": 38308, "area_km2": 9.144016 }, "geometry": { "type": "Point", "coordinates": [ 119.746697533891364, 49.393517179003425 ] } },
{ "type": "Feature", "properties": { "tang_id": 38404, "area_km2": 1.795677 }, "geometry": { "type": "Point", "coordinates": [ 119.87965849320247, 49.41755227178809 ] } },
{ "type": "Feature", "properties": { "tang_id": 38555, "area_km2": 0.254819 }, "geometry": { "type": "Point", "coordinates": [ 120.067307914112178, 41.758757263557627 ] } },
{ "type": "Feature", "properties": { "tang_id": 38558, "area_km2": 0.180147 }, "geometry": { "type": "Point", "coordinates": [ 120.069229710374003, 41.742872482991181 ] } },
{ "type": "Feature", "properties": { "tang_id": 38596, "area_km2": 0.185304 }, "geometry": { "type": "Point", "coordinates": [ 120.141192121332907, 41.797323268335042 ] } },
{ "type": "Feature", "properties": { "tang_id": 38640, "area_km2": 1.962945 }, "geometry": { "type": "Point", "coordinates": [ 120.209987128891726, 50.236280465204388 ] } },
{ "type": "Feature", "properties": { "tang_id": 38807, "area_km2": 0.070196 }, "geometry": { "type": "Point", "coordinates": [ 120.496162435931865, 42.159768671696547 ] } },
{ "type": "Feature", "properties": { "tang_id": 38846, "area_km2": 0.146621 }, "geometry": { "type": "Point", "coordinates": [ 120.529812328830204, 42.183474952166364 ] } },
{ "type": "Feature", "properties": { "tang_id": 39044, "area_km2": 1.329746 }, "geometry": { "type": "Point", "coordinates": [ 120.792852504063305, 42.256757529788679 ] } },
{ "type": "Feature", "properties": { "tang_id": 39207, "area_km2": 0.106519 }, "geometry": { "type": "Point", "coordinates": [ 121.121037896279702, 42.368904660312587 ] } },
{ "type": "Feature", "properties": { "tang_id": 39360, "area_km2": 0.062799 }, "geometry": { "type": "Point", "coordinates": [ 121.301374220447116, 45.244431971165952 ] } },
{ "type": "Feature", "properties": { "tang_id": 39378, "area_km2": 0.213803 }, "geometry": { "type": "Point", "coordinates": [ 121.344196937991086, 44.87675382233413 ] } },
{ "type": "Feature", "properties": { "tang_id": 39383, "area_km2": 0.238876 }, "geometry": { "type": "Point", "coordinates": [ 121.361440345010465, 44.922634928917574 ] } },
{ "type": "Feature", "properties": { "tang_id": 39384, "area_km2": 0.282921 }, "geometry": { "type": "Point", "coordinates": [ 121.359137846372349, 44.868348991393823 ] } },
{ "type": "Feature", "properties": { "tang_id": 39386, "area_km2": 0.046431 }, "geometry": { "type": "Point", "coordinates": [ 121.364805323154968, 45.209577916352778 ] } },
{ "type": "Feature", "properties": { "tang_id": 39390, "area_km2": 0.52411 }, "geometry": { "type": "Point", "coordinates": [ 121.376199333580018, 45.216766718690359 ] } },
{ "type": "Feature", "properties": { "tang_id": 39393, "area_km2": 0.236936 }, "geometry": { "type": "Point", "coordinates": [ 121.3800793691302, 45.221859168422299 ] } },
{ "type": "Feature", "properties": { "tang_id": 39400, "area_km2": 0.104912 }, "geometry": { "type": "Point", "coordinates": [ 121.386432830105804, 45.224208200129397 ] } },
{ "type": "Feature", "properties": { "tang_id": 39405, "area_km2": 0.469439 }, "geometry": { "type": "Point", "coordinates": [ 121.398517174833174, 44.843877112191173 ] } },
{ "type": "Feature", "properties": { "tang_id": 39422, "area_km2": 0.791461 }, "geometry": { "type": "Point", "coordinates": [ 121.453807351300597, 44.862642242173443 ] } },
{ "type": "Feature", "properties": { "tang_id": 39521, "area_km2": 0.117242 }, "geometry": { "type": "Point", "coordinates": [ 121.587316353718606, 45.009939416040574 ] } },
{ "type": "Feature", "properties": { "tang_id": 39619, "area_km2": 0.271172 }, "geometry": { "type": "Point", "coordinates": [ 121.685701536840796, 44.967366151583015 ] } },
{ "type": "Feature", "properties": { "tang_id": 39624, "area_km2": 0.170723 }, "geometry": { "type": "Point", "coordinates": [ 121.691189338434484, 44.988753888407096 ] } },
{ "type": "Feature", "properties": { "tang_id": 39628, "area_km2": 0.307196 }, "geometry": { "type": "Point", "coordinates": [ 121.696207991052091, 45.007051760180815 ] } },
{ "type": "Feature", "properties": { "tang_id": 39773, "area_km2": 0.092322 }, "geometry": { "type": "Point", "coordinates": [ 121.868547135572399, 45.59663999488231 ] } },
{ "type": "Feature", "properties": { "tang_id": 39774, "area_km2": 0.145061 }, "geometry": { "type": "Point", "coordinates": [ 121.873010590276948, 45.598617194595533 ] } },
{ "type": "Feature", "properties": { "tang_id": 39782, "area_km2": 0.270398 }, "geometry": { "type": "Point", "coordinates": [ 121.879850853421203, 45.599265303413993 ] } },
{ "type": "Feature", "properties": { "tang_id": 39791, "area_km2": 0.049157 }, "geometry": { "type": "Point", "coordinates": [ 121.886393482822442, 45.599818618044431 ] } },
{ "type": "Feature", "properties": { "tang_id": 39818, "area_km2": 0.048705 }, "geometry": { "type": "Point", "coordinates": [ 121.934485473625401, 45.606307789432059 ] } },
{ "type": "Feature", "properties": { "tang_id": 43212, "area_km2": 0.083909 }, "geometry": { "type": "Point", "coordinates": [ 112.997997222999572, 40.955034294129234 ] } },
{ "type": "Feature", "properties": { "tang_id": 43215, "area_km2": 0.163779 }, "geometry": { "type": "Point", "coordinates": [ 111.08460145464997, 42.017324601492 ] } },
{ "type": "Feature", "properties": { "tang_id": 43323, "area_km2": 0.512119 }, "geometry": { "type": "Point", "coordinates": [ 110.108552675689921, 41.878899045249042 ] } },
{ "type": "Feature", "properties": { "tang_id": 43365, "area_km2": 0.045637 }, "geometry": { "type": "Point", "coordinates": [ 112.899649065857858, 42.40333326817391 ] } },
{ "type": "Feature", "properties": { "tang_id": 43368, "area_km2": 0.358452 }, "geometry": { "type": "Point", "coordinates": [ 112.904784529895736, 42.395633778313247 ] } },
{ "type": "Feature", "properties": { "tang_id": 43369, "area_km2": 2.159354 }, "geometry": { "type": "Point", "coordinates": [ 112.87275337414745, 42.414687821174184 ] } },
{ "type": "Feature", "properties": { "tang_id": 43372, "area_km2": 0.426988 }, "geometry": { "type": "Point", "coordinates": [ 112.905860896897664, 42.404710195756891 ] } },
{ "type": "Feature", "properties": { "tang_id": 43376, "area_km2": 0.216305 }, "geometry": { "type": "Point", "coordinates": [ 112.851079094677132, 42.398221902149253 ] } },
{ "type": "Feature", "properties": { "tang_id": 43380, "area_km2": 0.01803 }, "geometry": { "type": "Point", "coordinates": [ 112.843324214920827, 42.394878183943241 ] } },
{ "type": "Feature", "properties": { "tang_id": 43485, "area_km2": 1.060884 }, "geometry": { "type": "Point", "coordinates": [ 112.949356914818821, 43.293741263094049 ] } },
{ "type": "Feature", "properties": { "tang_id": 43555, "area_km2": 3.18928 }, "geometry": { "type": "Point", "coordinates": [ 113.271247550480226, 43.536849354981541 ] } },
{ "type": "Feature", "properties": { "tang_id": 43563, "area_km2": 0.275607 }, "geometry": { "type": "Point", "coordinates": [ 113.687441290242433, 43.836842704277394 ] } },
{ "type": "Feature", "properties": { "tang_id": 43564, "area_km2": 0.176426 }, "geometry": { "type": "Point", "coordinates": [ 113.640038137940067, 43.865391674700497 ] } },
{ "type": "Feature", "properties": { "tang_id": 43575, "area_km2": 0.274769 }, "geometry": { "type": "Point", "coordinates": [ 113.653427159928555, 43.810873656855627 ] } },
{ "type": "Feature", "properties": { "tang_id": 43631, "area_km2": 0.108882 }, "geometry": { "type": "Point", "coordinates": [ 118.658375871772236, 42.198710310791462 ] } },
{ "type": "Feature", "properties": { "tang_id": 43632, "area_km2": 0.089979 }, "geometry": { "type": "Point", "coordinates": [ 118.805471361161906, 42.167811328497969 ] } },
{ "type": "Feature", "properties": { "tang_id": 43633, "area_km2": 0.300996 }, "geometry": { "type": "Point", "coordinates": [ 118.79576072106309, 42.153307576756156 ] } },
{ "type": "Feature", "properties": { "tang_id": 43650, "area_km2": 0.066262 }, "geometry": { "type": "Point", "coordinates": [ 115.963476284969985, 43.964034867973588 ] } },
{ "type": "Feature", "properties": { "tang_id": 43652, "area_km2": 0.180543 }, "geometry": { "type": "Point", "coordinates": [ 119.222299073843843, 42.21670646251841 ] } },
{ "type": "Feature", "properties": { "tang_id": 43655, "area_km2": 0.67328 }, "geometry": { "type": "Point", "coordinates": [ 116.253203138865473, 43.941624586307483 ] } },
{ "type": "Feature", "properties": { "tang_id": 43656, "area_km2": 1.634656 }, "geometry": { "type": "Point", "coordinates": [ 116.152710184013003, 43.999022939508286 ] } },
{ "type": "Feature", "properties": { "tang_id": 43659, "area_km2": 0.547077 }, "geometry": { "type": "Point", "coordinates": [ 116.130665482251331, 44.048167307465931 ] } },
{ "type": "Feature", "properties": { "tang_id": 43660, "area_km2": 0.055875 }, "geometry": { "type": "Point", "coordinates": [ 116.07032275379261, 44.085317074661845 ] } },
{ "type": "Feature", "properties": { "tang_id": 43661, "area_km2": 0.043288 }, "geometry": { "type": "Point", "coordinates": [ 116.150990906056421, 44.041248312816172 ] } },
{ "type": "Feature", "properties": { "tang_id": 43662, "area_km2": 1.379025 }, "geometry": { "type": "Point", "coordinates": [ 116.129057273584507, 43.987067750177701 ] } },
{ "type": "Feature", "properties": { "tang_id": 43663, "area_km2": 0.171761 }, "geometry": { "type": "Point", "coordinates": [ 116.00129579617969, 44.070818844275266 ] } },
{ "type": "Feature", "properties": { "tang_id": 43664, "area_km2": 2.851541 }, "geometry": { "type": "Point", "coordinates": [ 116.225887097653583, 43.94287352909798 ] } },
{ "type": "Feature", "properties": { "tang_id": 43665, "area_km2": 3.031481 }, "geometry": { "type": "Point", "coordinates": [ 116.116688743204548, 44.001446618548989 ] } },
{ "type": "Feature", "properties": { "tang_id": 43679, "area_km2": 0.042709 }, "geometry": { "type": "Point", "coordinates": [ 119.310294660352739, 42.358065146990519 ] } },
{ "type": "Feature", "properties": { "tang_id": 43680, "area_km2": 0.154596 }, "geometry": { "type": "Point", "coordinates": [ 119.116855409578449, 42.978443171429475 ] } },
{ "type": "Feature", "properties": { "tang_id": 43684, "area_km2": 0.02844 }, "geometry": { "type": "Point", "coordinates": [ 118.911356001061591, 44.393737546838068 ] } },
{ "type": "Feature", "properties": { "tang_id": 43685, "area_km2": 0.020216 }, "geometry": { "type": "Point", "coordinates": [ 118.945672273289304, 44.376243422266093 ] } },
{ "type": "Feature", "properties": { "tang_id": 43693, "area_km2": 0.228965 }, "geometry": { "type": "Point", "coordinates": [ 119.640305246690048, 45.446774086886883 ] } },
{ "type": "Feature", "properties": { "tang_id": 43698, "area_km2": 0.054131 }, "geometry": { "type": "Point", "coordinates": [ 117.291616387280456, 49.44606511799995 ] } },
{ "type": "Feature", "properties": { "tang_id": 43699, "area_km2": 0.044959 }, "geometry": { "type": "Point", "coordinates": [ 117.313119692624511, 49.444778457487388 ] } },
{ "type": "Feature", "properties": { "tang_id": 43700, "area_km2": 0.039323 }, "geometry": { "type": "Point", "coordinates": [ 117.294388761632021, 49.448200805816832 ] } },
{ "type": "Feature", "properties": { "tang_id": 43701, "area_km2": 0.241316 }, "geometry": { "type": "Point", "coordinates": [ 117.265473438169565, 49.486777780277293 ] } },
{ "type": "Feature", "properties": { "tang_id": 43751, "area_km2": 0.306258 }, "geometry": { "type": "Point", "coordinates": [ 106.543764363716008, 39.579621731492672 ] } },
{ "type": "Feature", "properties": { "tang_id": 43753, "area_km2": 24.703087 }, "geometry": { "type": "Point", "coordinates": [ 112.914271289620487, 43.256698363490685 ] } },
{ "type": "Feature", "properties": { "tang_id": 43761, "area_km2": 0.013991 }, "geometry": { "type": "Point", "coordinates": [ 112.511999687261962, 42.187643704253254 ] } },
{ "type": "Feature", "properties": { "tang_id": 43762, "area_km2": 0.097094 }, "geometry": { "type": "Point", "coordinates": [ 112.539071254060133, 42.186567425242259 ] } },
{ "type": "Feature", "properties": { "tang_id": 43763, "area_km2": 0.292859 }, "geometry": { "type": "Point", "coordinates": [ 112.539920898811886, 42.193291542094272 ] } },
{ "type": "Feature", "properties": { "tang_id": 43764, "area_km2": 0.029598 }, "geometry": { "type": "Point", "coordinates": [ 112.540353380028208, 42.197476063316856 ] } },
{ "type": "Feature", "properties": { "tang_id": 43775, "area_km2": 0.683748 }, "geometry": { "type": "Point", "coordinates": [ 111.229713454461731, 39.964521800172683 ] } },
{ "type": "Feature", "properties": { "tang_id": 43781, "area_km2": 0.129096 }, "geometry": { "type": "Point", "coordinates": [ 119.317680523018723, 42.380688358593815 ] } },
{ "type": "Feature", "properties": { "tang_id": 43783, "area_km2": 0.632693 }, "geometry": { "type": "Point", "coordinates": [ 119.365472174756917, 42.376753678413515 ] } },
{ "type": "Feature", "properties": { "tang_id": 43784, "area_km2": 0.851268 }, "geometry": { "type": "Point", "coordinates": [ 119.390884323239632, 42.36413524433847 ] } },
{ "type": "Feature", "properties": { "tang_id": 43785, "area_km2": 0.030085 }, "geometry": { "type": "Point", "coordinates": [ 119.373060391871704, 42.377505373968717 ] } },
{ "type": "Feature", "properties": { "tang_id": 43786, "area_km2": 0.17917 }, "geometry": { "type": "Point", "coordinates": [ 119.354856351961402, 42.395230277737937 ] } },
{ "type": "Feature", "properties": { "tang_id": 43787, "area_km2": 0.449945 }, "geometry": { "type": "Point", "coordinates": [ 119.348277895595459, 42.373323305685979 ] } },
{ "type": "Feature", "properties": { "tang_id": 43788, "area_km2": 22.16555 }, "geometry": { "type": "Point", "coordinates": [ 119.292332109358284, 42.339956844974239 ] } },
{ "type": "Feature", "properties": { "tang_id": 43789, "area_km2": 4.839236 }, "geometry": { "type": "Point", "coordinates": [ 119.386493606950211, 42.333656619469707 ] } },
{ "type": "Feature", "properties": { "tang_id": 43792, "area_km2": 0.054525 }, "geometry": { "type": "Point", "coordinates": [ 118.83844030406523, 42.823213679262992 ] } },
{ "type": "Feature", "properties": { "tang_id": 43793, "area_km2": 0.016948 }, "geometry": { "type": "Point", "coordinates": [ 118.828043092075134, 42.830506254400767 ] } },
{ "type": "Feature", "properties": { "tang_id": 43795, "area_km2": 0.150574 }, "geometry": { "type": "Point", "coordinates": [ 118.863939073463428, 42.853350322553588 ] } },
{ "type": "Feature", "properties": { "tang_id": 43797, "area_km2": 0.028154 }, "geometry": { "type": "Point", "coordinates": [ 118.89684309708413, 42.836689124242696 ] } },
{ "type": "Feature", "properties": { "tang_id": 43798, "area_km2": 0.125474 }, "geometry": { "type": "Point", "coordinates": [ 118.905979194088019, 42.89129980665507 ] } },
{ "type": "Feature", "properties": { "tang_id": 43799, "area_km2": 0.048707 }, "geometry": { "type": "Point", "coordinates": [ 118.986253996102164, 42.868288265853309 ] } },
{ "type": "Feature", "properties": { "tang_id": 43801, "area_km2": 0.081668 }, "geometry": { "type": "Point", "coordinates": [ 119.137976924966523, 42.987172707323829 ] } },
{ "type": "Feature", "properties": { "tang_id": 43802, "area_km2": 0.202881 }, "geometry": { "type": "Point", "coordinates": [ 119.114323951585789, 42.994975070844539 ] } },
{ "type": "Feature", "properties": { "tang_id": 43805, "area_km2": 0.118922 }, "geometry": { "type": "Point", "coordinates": [ 117.487381436405755, 44.071621202591743 ] } },
{ "type": "Feature", "properties": { "tang_id": 43806, "area_km2": 0.622929 }, "geometry": { "type": "Point", "coordinates": [ 117.495873420834158, 44.070263222785918 ] } },
{ "type": "Feature", "properties": { "tang_id": 43807, "area_km2": 0.046465 }, "geometry": { "type": "Point", "coordinates": [ 117.491162362890236, 44.076202561719136 ] } },
{ "type": "Feature", "properties": { "tang_id": 43808, "area_km2": 0.550248 }, "geometry": { "type": "Point", "coordinates": [ 117.51275462505123, 44.114476044080021 ] } },
{ "type": "Feature", "properties": { "tang_id": 43811, "area_km2": 0.023493 }, "geometry": { "type": "Point", "coordinates": [ 117.62580728923956, 44.138352473150292 ] } },
{ "type": "Feature", "properties": { "tang_id": 43812, "area_km2": 0.046786 }, "geometry": { "type": "Point", "coordinates": [ 117.633293704946382, 44.153349719256248 ] } },
{ "type": "Feature", "properties": { "tang_id": 43817, "area_km2": 6.012536 }, "geometry": { "type": "Point", "coordinates": [ 117.587127805555653, 44.492182590997274 ] } },
{ "type": "Feature", "properties": { "tang_id": 43844, "area_km2": 0.726898 }, "geometry": { "type": "Point", "coordinates": [ 117.687584399687154, 44.550371398632663 ] } },
{ "type": "Feature", "properties": { "tang_id": 43887, "area_km2": 0.016829 }, "geometry": { "type": "Point", "coordinates": [ 118.927624841140045, 44.373181952265405 ] } },
{ "type": "Feature", "properties": { "tang_id": 43905, "area_km2": 42.968467 }, "geometry": { "type": "Point", "coordinates": [ 118.445927679157592, 44.815227612726403 ] } },
{ "type": "Feature", "properties": { "tang_id": 43906, "area_km2": 0.664179 }, "geometry": { "type": "Point", "coordinates": [ 118.923620553978395, 44.457526986593997 ] } },
{ "type": "Feature", "properties": { "tang_id": 43907, "area_km2": 0.106733 }, "geometry": { "type": "Point", "coordinates": [ 118.571867629265626, 44.843954050976862 ] } },
{ "type": "Feature", "properties": { "tang_id": 43913, "area_km2": 4.1468 }, "geometry": { "type": "Point", "coordinates": [ 118.561968390245809, 44.828459469390452 ] } },
{ "type": "Feature", "properties": { "tang_id": 43914, "area_km2": 0.093787 }, "geometry": { "type": "Point", "coordinates": [ 118.894709569464837, 44.46323615781705 ] } },
{ "type": "Feature", "properties": { "tang_id": 43915, "area_km2": 0.050587 }, "geometry": { "type": "Point", "coordinates": [ 118.919876356798667, 44.44483272809034 ] } },
{ "type": "Feature", "properties": { "tang_id": 43916, "area_km2": 0.054024 }, "geometry": { "type": "Point", "coordinates": [ 118.903091982303295, 44.464762689486797 ] } },
{ "type": "Feature", "properties": { "tang_id": 43917, "area_km2": 0.016657 }, "geometry": { "type": "Point", "coordinates": [ 118.635140444881841, 44.852259802419198 ] } },
{ "type": "Feature", "properties": { "tang_id": 43918, "area_km2": 0.052455 }, "geometry": { "type": "Point", "coordinates": [ 118.610932520930319, 44.868909171616039 ] } },
{ "type": "Feature", "properties": { "tang_id": 43919, "area_km2": 0.255529 }, "geometry": { "type": "Point", "coordinates": [ 118.651773593007491, 44.851796287705085 ] } },
{ "type": "Feature", "properties": { "tang_id": 43921, "area_km2": 0.101404 }, "geometry": { "type": "Point", "coordinates": [ 118.672221287417116, 44.898929558853354 ] } },
{ "type": "Feature", "properties": { "tang_id": 43922, "area_km2": 0.181944 }, "geometry": { "type": "Point", "coordinates": [ 118.669915492110732, 44.876306590542022 ] } },
{ "type": "Feature", "properties": { "tang_id": 43923, "area_km2": 0.106742 }, "geometry": { "type": "Point", "coordinates": [ 118.6774292337319, 44.90231859789543 ] } },
{ "type": "Feature", "properties": { "tang_id": 43924, "area_km2": 0.301127 }, "geometry": { "type": "Point", "coordinates": [ 118.704166723796575, 44.889963329515943 ] } },
{ "type": "Feature", "properties": { "tang_id": 43925, "area_km2": 0.01169 }, "geometry": { "type": "Point", "coordinates": [ 118.613403502123447, 44.87432498845412 ] } },
{ "type": "Feature", "properties": { "tang_id": 43926, "area_km2": 0.010715 }, "geometry": { "type": "Point", "coordinates": [ 118.61461411097882, 44.876045020690036 ] } },
{ "type": "Feature", "properties": { "tang_id": 43927, "area_km2": 0.12751 }, "geometry": { "type": "Point", "coordinates": [ 118.624423582683065, 44.881758768394597 ] } },
{ "type": "Feature", "properties": { "tang_id": 43928, "area_km2": 21.943939 }, "geometry": { "type": "Point", "coordinates": [ 118.588793646050462, 44.904273301261476 ] } },
{ "type": "Feature", "properties": { "tang_id": 43931, "area_km2": 0.183101 }, "geometry": { "type": "Point", "coordinates": [ 118.635662845643992, 44.972240287942817 ] } },
{ "type": "Feature", "properties": { "tang_id": 43932, "area_km2": 1.258161 }, "geometry": { "type": "Point", "coordinates": [ 118.707041806528764, 44.932965164093595 ] } },
{ "type": "Feature", "properties": { "tang_id": 43971, "area_km2": 0.096492 }, "geometry": { "type": "Point", "coordinates": [ 118.694556580032739, 44.90308924522639 ] } },
{ "type": "Feature", "properties": { "tang_id": 43977, "area_km2": 0.36683 }, "geometry": { "type": "Point", "coordinates": [ 118.619146385911137, 44.966976527645002 ] } },
{ "type": "Feature", "properties": { "tang_id": 43978, "area_km2": 0.026686 }, "geometry": { "type": "Point", "coordinates": [ 118.618680833180093, 44.972097449015699 ] } },
{ "type": "Feature", "properties": { "tang_id": 43979, "area_km2": 0.205823 }, "geometry": { "type": "Point", "coordinates": [ 118.617474473566688, 44.974938562512115 ] } },
{ "type": "Feature", "properties": { "tang_id": 43980, "area_km2": 16.178457 }, "geometry": { "type": "Point", "coordinates": [ 118.654035968767644, 44.953093697197296 ] } },
{ "type": "Feature", "properties": { "tang_id": 43984, "area_km2": 0.707195 }, "geometry": { "type": "Point", "coordinates": [ 119.625137743329773, 45.477458839942756 ] } },
{ "type": "Feature", "properties": { "tang_id": 43989, "area_km2": 9.330682 }, "geometry": { "type": "Point", "coordinates": [ 119.609243350665309, 45.415284043389505 ] } },
{ "type": "Feature", "properties": { "tang_id": 43995, "area_km2": 2.758072 }, "geometry": { "type": "Point", "coordinates": [ 119.620942438807589, 45.465106265092075 ] } },
{ "type": "Feature", "properties": { "tang_id": 44014, "area_km2": 0.518497 }, "geometry": { "type": "Point", "coordinates": [ 122.176674372440928, 46.075355150353225 ] } },
{ "type": "Feature", "properties": { "tang_id": 44016, "area_km2": 0.097437 }, "geometry": { "type": "Point", "coordinates": [ 122.149281585211526, 46.102023240121163 ] } },
{ "type": "Feature", "properties": { "tang_id": 44025, "area_km2": 1.347651 }, "geometry": { "type": "Point", "coordinates": [ 119.701405068627409, 48.627611053092039 ] } },
{ "type": "Feature", "properties": { "tang_id": 44034, "area_km2": 0.193799 }, "geometry": { "type": "Point", "coordinates": [ 119.611349026954016, 49.354382618834265 ] } },
{ "type": "Feature", "properties": { "tang_id": 44061, "area_km2": 0.135501 }, "geometry": { "type": "Point", "coordinates": [ 120.59061127679098, 49.266401626848804 ] } },
{ "type": "Feature", "properties": { "tang_id": 44063, "area_km2": 0.41721 }, "geometry": { "type": "Point", "coordinates": [ 122.73966203115711, 48.019130767667946 ] } },
{ "type": "Feature", "properties": { "tang_id": 44066, "area_km2": 0.563057 }, "geometry": { "type": "Point", "coordinates": [ 120.682197607552283, 49.259785637061455 ] } },
{ "type": "Feature", "properties": { "tang_id": 44068, "area_km2": 0.238627 }, "geometry": { "type": "Point", "coordinates": [ 120.60185209283614, 49.180360200527964 ] } },
{ "type": "Feature", "properties": { "tang_id": 44069, "area_km2": 0.940212 }, "geometry": { "type": "Point", "coordinates": [ 120.509898129702833, 49.203268271491808 ] } },
{ "type": "Feature", "properties": { "tang_id": 44071, "area_km2": 0.169795 }, "geometry": { "type": "Point", "coordinates": [ 120.17728852996261, 50.169204843639335 ] } },
{ "type": "Feature", "properties": { "tang_id": 44183, "area_km2": 0.104787 }, "geometry": { "type": "Point", "coordinates": [ 110.008110458431347, 39.210600100874757 ] } },
{ "type": "Feature", "properties": { "tang_id": 44187, "area_km2": 0.557947 }, "geometry": { "type": "Point", "coordinates": [ 110.006974751330034, 39.217444925169517 ] } },
{ "type": "Feature", "properties": { "tang_id": 44553, "area_km2": 1.239531 }, "geometry": { "type": "Point", "coordinates": [ 119.629902469113404, 49.354150762557587 ] } },
{ "type": "Feature", "properties": { "tang_id": 44556, "area_km2": 3.73292 }, "geometry": { "type": "Point", "coordinates": [ 119.753856118149216, 49.303930373166246 ] } },
{ "type": "Feature", "properties": { "tang_id": 44557, "area_km2": 0.048345 }, "geometry": { "type": "Point", "coordinates": [ 119.242785914529875, 42.285268371480221 ] } },
{ "type": "Feature", "properties": { "tang_id": 44559, "area_km2": 0.651005 }, "geometry": { "type": "Point", "coordinates": [ 119.252627943020769, 42.284133099622068 ] } },
{ "type": "Feature", "properties": { "tang_id": 44560, "area_km2": 0.074574 }, "geometry": { "type": "Point", "coordinates": [ 119.263337592499624, 42.306705553288374 ] } },
{ "type": "Feature", "properties": { "tang_id": 44561, "area_km2": 0.261467 }, "geometry": { "type": "Point", "coordinates": [ 119.273351750742961, 42.299466404126377 ] } },
{ "type": "Feature", "properties": { "tang_id": 44562, "area_km2": 1.167065 }, "geometry": { "type": "Point", "coordinates": [ 119.316437162176214, 42.28012768606245 ] } },
{ "type": "Feature", "properties": { "tang_id": 44564, "area_km2": 0.490956 }, "geometry": { "type": "Point", "coordinates": [ 106.545630100233069, 39.563942770600846 ] } },
{ "type": "Feature", "properties": { "tang_id": 44567, "area_km2": 0.210273 }, "geometry": { "type": "Point", "coordinates": [ 106.551581681267365, 39.573345638452075 ] } },
{ "type": "Feature", "properties": { "tang_id": 44568, "area_km2": 0.051649 }, "geometry": { "type": "Point", "coordinates": [ 106.541009725225052, 39.584048983121797 ] } },
{ "type": "Feature", "properties": { "tang_id": 44569, "area_km2": 1.483418 }, "geometry": { "type": "Point", "coordinates": [ 106.570936500967164, 39.585891252395164 ] } },
{ "type": "Feature", "properties": { "tang_id": 44572, "area_km2": 1.058234 }, "geometry": { "type": "Point", "coordinates": [ 107.097559662343372, 39.322437726510486 ] } },
{ "type": "Feature", "properties": { "tang_id": 44574, "area_km2": 4.101549 }, "geometry": { "type": "Point", "coordinates": [ 106.810353848608301, 39.450651526577055 ] } },
{ "type": "Feature", "properties": { "tang_id": 44575, "area_km2": 54.69737 }, "geometry": { "type": "Point", "coordinates": [ 106.634647631410616, 39.516944649118408 ] } },
{ "type": "Feature", "properties": { "tang_id": 44582, "area_km2": 0.723908 }, "geometry": { "type": "Point", "coordinates": [ 106.606042615941504, 39.599207716774835 ] } },
{ "type": "Feature", "properties": { "tang_id": 44583, "area_km2": 0.90839 }, "geometry": { "type": "Point", "coordinates": [ 107.064742269903434, 39.393233410937526 ] } },
{ "type": "Feature", "properties": { "tang_id": 44584, "area_km2": 15.265485 }, "geometry": { "type": "Point", "coordinates": [ 107.059208733897961, 39.430255325105399 ] } },
{ "type": "Feature", "properties": { "tang_id": 44586, "area_km2": 0.365584 }, "geometry": { "type": "Point", "coordinates": [ 109.936401342927709, 39.18876753678439 ] } },
{ "type": "Feature", "properties": { "tang_id": 44604, "area_km2": 0.041982 }, "geometry": { "type": "Point", "coordinates": [ 109.957820589603571, 39.184204230230463 ] } },
{ "type": "Feature", "properties": { "tang_id": 44605, "area_km2": 0.070101 }, "geometry": { "type": "Point", "coordinates": [ 109.963057934433238, 39.18813738873034 ] } },
{ "type": "Feature", "properties": { "tang_id": 44607, "area_km2": 0.107449 }, "geometry": { "type": "Point", "coordinates": [ 109.955290592407223, 39.190950805934619 ] } },
{ "type": "Feature", "properties": { "tang_id": 44610, "area_km2": 0.137683 }, "geometry": { "type": "Point", "coordinates": [ 109.916560602991083, 39.220745126428923 ] } },
{ "type": "Feature", "properties": { "tang_id": 44616, "area_km2": 0.113569 }, "geometry": { "type": "Point", "coordinates": [ 109.722322465944771, 39.504534517797204 ] } },
{ "type": "Feature", "properties": { "tang_id": 44619, "area_km2": 0.129219 }, "geometry": { "type": "Point", "coordinates": [ 107.42997703193457, 40.549814039150725 ] } },
{ "type": "Feature", "properties": { "tang_id": 44626, "area_km2": 0.407258 }, "geometry": { "type": "Point", "coordinates": [ 109.678005264768089, 39.623222332699441 ] } },
{ "type": "Feature", "properties": { "tang_id": 44629, "area_km2": 0.075482 }, "geometry": { "type": "Point", "coordinates": [ 109.685884500535124, 39.62855555408769 ] } },
{ "type": "Feature", "properties": { "tang_id": 44638, "area_km2": 5.528882 }, "geometry": { "type": "Point", "coordinates": [ 107.02905392847596, 39.630956932326328 ] } },
{ "type": "Feature", "properties": { "tang_id": 44639, "area_km2": 0.451593 }, "geometry": { "type": "Point", "coordinates": [ 107.466078234338354, 40.546719116089129 ] } },
{ "type": "Feature", "properties": { "tang_id": 44643, "area_km2": 2.537312 }, "geometry": { "type": "Point", "coordinates": [ 107.421110874640888, 40.584429190500572 ] } },
{ "type": "Feature", "properties": { "tang_id": 44649, "area_km2": 0.320596 }, "geometry": { "type": "Point", "coordinates": [ 106.864909413848238, 39.707410183150088 ] } },
{ "type": "Feature", "properties": { "tang_id": 44650, "area_km2": 0.524334 }, "geometry": { "type": "Point", "coordinates": [ 109.696027413621238, 39.551171563796181 ] } },
{ "type": "Feature", "properties": { "tang_id": 44651, "area_km2": 4.346862 }, "geometry": { "type": "Point", "coordinates": [ 110.15541925896558, 39.336122770720976 ] } },
{ "type": "Feature", "properties": { "tang_id": 44654, "area_km2": 0.574 }, "geometry": { "type": "Point", "coordinates": [ 110.093847894435157, 39.481052370512607 ] } },
{ "type": "Feature", "properties": { "tang_id": 44661, "area_km2": 0.64722 }, "geometry": { "type": "Point", "coordinates": [ 110.36157479941447, 39.40395411554988 ] } },
{ "type": "Feature", "properties": { "tang_id": 44663, "area_km2": 0.341564 }, "geometry": { "type": "Point", "coordinates": [ 106.964452522525917, 41.046463250816316 ] } },
{ "type": "Feature", "properties": { "tang_id": 44664, "area_km2": 11.517327 }, "geometry": { "type": "Point", "coordinates": [ 110.378949870812022, 39.391682002088409 ] } },
{ "type": "Feature", "properties": { "tang_id": 44666, "area_km2": 0.057566 }, "geometry": { "type": "Point", "coordinates": [ 110.400276906423755, 39.478444846956847 ] } },
{ "type": "Feature", "properties": { "tang_id": 44669, "area_km2": 0.130554 }, "geometry": { "type": "Point", "coordinates": [ 110.583438882110258, 39.408989020832472 ] } },
{ "type": "Feature", "properties": { "tang_id": 44672, "area_km2": 0.120584 }, "geometry": { "type": "Point", "coordinates": [ 110.281609000269682, 39.56125224103117 ] } },
{ "type": "Feature", "properties": { "tang_id": 44675, "area_km2": 0.369623 }, "geometry": { "type": "Point", "coordinates": [ 110.330330157720766, 39.471025839481165 ] } },
{ "type": "Feature", "properties": { "tang_id": 44676, "area_km2": 0.0549 }, "geometry": { "type": "Point", "coordinates": [ 106.931809572683534, 41.028029476929675 ] } },
{ "type": "Feature", "properties": { "tang_id": 44679, "area_km2": 6.353527 }, "geometry": { "type": "Point", "coordinates": [ 110.24019325275215, 39.506075061339914 ] } },
{ "type": "Feature", "properties": { "tang_id": 44680, "area_km2": 1.357032 }, "geometry": { "type": "Point", "coordinates": [ 107.400674733681129, 40.806412916221753 ] } },
{ "type": "Feature", "properties": { "tang_id": 44681, "area_km2": 9.502115 }, "geometry": { "type": "Point", "coordinates": [ 110.440935420389337, 39.392169109329373 ] } },
{ "type": "Feature", "properties": { "tang_id": 44682, "area_km2": 6.767179 }, "geometry": { "type": "Point", "coordinates": [ 110.116742135108382, 39.568041766942471 ] } },
{ "type": "Feature", "properties": { "tang_id": 44685, "area_km2": 17.06559 }, "geometry": { "type": "Point", "coordinates": [ 110.447216805482583, 39.421188250704887 ] } },
{ "type": "Feature", "properties": { "tang_id": 44689, "area_km2": 0.969449 }, "geometry": { "type": "Point", "coordinates": [ 110.05590359300065, 39.468682430967263 ] } },
{ "type": "Feature", "properties": { "tang_id": 44690, "area_km2": 0.631119 }, "geometry": { "type": "Point", "coordinates": [ 110.04881545906251, 39.475051592787963 ] } },
{ "type": "Feature", "properties": { "tang_id": 44691, "area_km2": 8.386481 }, "geometry": { "type": "Point", "coordinates": [ 110.119006817978374, 39.444922715473623 ] } },
{ "type": "Feature", "properties": { "tang_id": 44696, "area_km2": 8.402468 }, "geometry": { "type": "Point", "coordinates": [ 110.073830621078059, 39.486410789818486 ] } },
{ "type": "Feature", "properties": { "tang_id": 44706, "area_km2": 1.558648 }, "geometry": { "type": "Point", "coordinates": [ 110.146099925648798, 39.298081494067553 ] } },
{ "type": "Feature", "properties": { "tang_id": 44710, "area_km2": 0.163334 }, "geometry": { "type": "Point", "coordinates": [ 110.124473298433045, 39.301022700052776 ] } },
{ "type": "Feature", "properties": { "tang_id": 44713, "area_km2": 0.940068 }, "geometry": { "type": "Point", "coordinates": [ 107.440857406968775, 40.5332444892179 ] } },
{ "type": "Feature", "properties": { "tang_id": 44724, "area_km2": 0.387015 }, "geometry": { "type": "Point", "coordinates": [ 109.88356971726931, 39.924732096981941 ] } },
{ "type": "Feature", "properties": { "tang_id": 44725, "area_km2": 0.220932 }, "geometry": { "type": "Point", "coordinates": [ 110.023960400342247, 39.858609255993898 ] } },
{ "type": "Feature", "properties": { "tang_id": 44731, "area_km2": 2.145157 }, "geometry": { "type": "Point", "coordinates": [ 110.08106334620598, 39.768898977448828 ] } },
{ "type": "Feature", "properties": { "tang_id": 44734, "area_km2": 1.486735 }, "geometry": { "type": "Point", "coordinates": [ 110.312275142333846, 39.667883324668253 ] } },
{ "type": "Feature", "properties": { "tang_id": 44735, "area_km2": 0.322607 }, "geometry": { "type": "Point", "coordinates": [ 107.115238346368741, 41.141962098778066 ] } },
{ "type": "Feature", "properties": { "tang_id": 44736, "area_km2": 1.373938 }, "geometry": { "type": "Point", "coordinates": [ 107.10559513217278, 41.123822970843243 ] } },
{ "type": "Feature", "properties": { "tang_id": 44761, "area_km2": 0.13421 }, "geometry": { "type": "Point", "coordinates": [ 110.029924074038973, 40.175389744467552 ] } },
{ "type": "Feature", "properties": { "tang_id": 44762, "area_km2": 3.912775 }, "geometry": { "type": "Point", "coordinates": [ 110.045394667858019, 40.178939294107138 ] } },
{ "type": "Feature", "properties": { "tang_id": 44764, "area_km2": 0.341687 }, "geometry": { "type": "Point", "coordinates": [ 110.13120072156886, 39.917184356451841 ] } },
{ "type": "Feature", "properties": { "tang_id": 44767, "area_km2": 0.451826 }, "geometry": { "type": "Point", "coordinates": [ 110.210915943390418, 39.885899072222337 ] } },
{ "type": "Feature", "properties": { "tang_id": 44774, "area_km2": 0.834581 }, "geometry": { "type": "Point", "coordinates": [ 110.042292598125343, 40.259282749715851 ] } },
{ "type": "Feature", "properties": { "tang_id": 44775, "area_km2": 0.335881 }, "geometry": { "type": "Point", "coordinates": [ 110.087268730754658, 40.241828939847942 ] } },
{ "type": "Feature", "properties": { "tang_id": 44779, "area_km2": 0.062436 }, "geometry": { "type": "Point", "coordinates": [ 111.197272365720181, 39.701606832934338 ] } },
{ "type": "Feature", "properties": { "tang_id": 44786, "area_km2": 0.711842 }, "geometry": { "type": "Point", "coordinates": [ 110.138935943845937, 40.248491681661854 ] } },
{ "type": "Feature", "properties": { "tang_id": 44815, "area_km2": 2.227709 }, "geometry": { "type": "Point", "coordinates": [ 111.341085350205645, 39.719155280133258 ] } },
{ "type": "Feature", "properties": { "tang_id": 44820, "area_km2": 4.863422 }, "geometry": { "type": "Point", "coordinates": [ 111.378871435317521, 39.733468213328884 ] } },
{ "type": "Feature", "properties": { "tang_id": 44821, "area_km2": 0.751208 }, "geometry": { "type": "Point", "coordinates": [ 111.21528280502811, 39.812339093002414 ] } },
{ "type": "Feature", "properties": { "tang_id": 44836, "area_km2": 0.500273 }, "geometry": { "type": "Point", "coordinates": [ 110.01585633890808, 39.722368227313773 ] } },
{ "type": "Feature", "properties": { "tang_id": 44837, "area_km2": 0.016599 }, "geometry": { "type": "Point", "coordinates": [ 110.570497959337459, 39.467065630252343 ] } },
{ "type": "Feature", "properties": { "tang_id": 44851, "area_km2": 0.064054 }, "geometry": { "type": "Point", "coordinates": [ 111.224829820524974, 39.968170511333597 ] } },
{ "type": "Feature", "properties": { "tang_id": 44855, "area_km2": 0.83235 }, "geometry": { "type": "Point", "coordinates": [ 111.335972936093867, 40.020776789767957 ] } },
{ "type": "Feature", "properties": { "tang_id": 44900, "area_km2": 4.694848 }, "geometry": { "type": "Point", "coordinates": [ 106.847099286049257, 39.627080711662906 ] } },
{ "type": "Feature", "properties": { "tang_id": 44912, "area_km2": 0.409267 }, "geometry": { "type": "Point", "coordinates": [ 106.846883710389278, 39.651631247476999 ] } },
{ "type": "Feature", "properties": { "tang_id": 44914, "area_km2": 0.762129 }, "geometry": { "type": "Point", "coordinates": [ 106.86036092842366, 39.657654008280517 ] } },
{ "type": "Feature", "properties": { "tang_id": 44936, "area_km2": 0.657412 }, "geometry": { "type": "Point", "coordinates": [ 106.760785794411362, 39.904060827847353 ] } },
{ "type": "Feature", "properties": { "tang_id": 44938, "area_km2": 0.579165 }, "geometry": { "type": "Point", "coordinates": [ 107.128977736400529, 39.454317089160305 ] } },
{ "type": "Feature", "properties": { "tang_id": 44959, "area_km2": 3.324945 }, "geometry": { "type": "Point", "coordinates": [ 106.253868856646307, 39.243034476207292 ] } },
{ "type": "Feature", "properties": { "tang_id": 44973, "area_km2": 0.268495 }, "geometry": { "type": "Point", "coordinates": [ 107.064336224516396, 39.476260767100953 ] } },
{ "type": "Feature", "properties": { "tang_id": 44979, "area_km2": 1.214063 }, "geometry": { "type": "Point", "coordinates": [ 106.180894904341784, 39.238039357609722 ] } },
{ "type": "Feature", "properties": { "tang_id": 44982, "area_km2": 0.249817 }, "geometry": { "type": "Point", "coordinates": [ 106.272339008571365, 39.203584630131161 ] } },
{ "type": "Feature", "properties": { "tang_id": 44987, "area_km2": 0.095681 }, "geometry": { "type": "Point", "coordinates": [ 106.230098004169619, 39.242061127389761 ] } },
{ "type": "Feature", "properties": { "tang_id": 44993, "area_km2": 18.619132 }, "geometry": { "type": "Point", "coordinates": [ 106.237669638452275, 39.209655016252533 ] } },
{ "type": "Feature", "properties": { "tang_id": 45026, "area_km2": 3.125658 }, "geometry": { "type": "Point", "coordinates": [ 106.75278176092506, 39.361586378514005 ] } },
{ "type": "Feature", "properties": { "tang_id": 45032, "area_km2": 0.173848 }, "geometry": { "type": "Point", "coordinates": [ 106.280399188148692, 39.194178322094963 ] } },
{ "type": "Feature", "properties": { "tang_id": 45034, "area_km2": 0.491773 }, "geometry": { "type": "Point", "coordinates": [ 106.212512662441441, 39.208765687281655 ] } },
{ "type": "Feature", "properties": { "tang_id": 45070, "area_km2": 0.059562 }, "geometry": { "type": "Point", "coordinates": [ 106.530618606276306, 39.564253906764726 ] } },
{ "type": "Feature", "properties": { "tang_id": 45078, "area_km2": 0.038184 }, "geometry": { "type": "Point", "coordinates": [ 106.848832939182344, 39.356726946853982 ] } },
{ "type": "Feature", "properties": { "tang_id": 45081, "area_km2": 0.411357 }, "geometry": { "type": "Point", "coordinates": [ 106.840056458338466, 39.355646223944376 ] } },
{ "type": "Feature", "properties": { "tang_id": 45082, "area_km2": 0.506774 }, "geometry": { "type": "Point", "coordinates": [ 106.851013861707614, 39.343731647054291 ] } },
{ "type": "Feature", "properties": { "tang_id": 45094, "area_km2": 5.943165 }, "geometry": { "type": "Point", "coordinates": [ 106.471589786875285, 39.543469379619182 ] } },
{ "type": "Feature", "properties": { "tang_id": 45184, "area_km2": 106.475009 }, "geometry": { "type": "Point", "coordinates": [ 106.100147011875691, 39.077254128619806 ] } },
{ "type": "Feature", "properties": { "tang_id": 45206, "area_km2": 0.216943 }, "geometry": { "type": "Point", "coordinates": [ 106.231354006772463, 39.246201571655135 ] } },
{ "type": "Feature", "properties": { "tang_id": 45207, "area_km2": 0.076953 }, "geometry": { "type": "Point", "coordinates": [ 106.209350113882934, 39.261043659086674 ] } },
{ "type": "Feature", "properties": { "tang_id": 47114, "area_km2": 1.165994 }, "geometry": { "type": "Point", "coordinates": [ 106.906464613953943, 39.843408094388259 ] } },
{ "type": "Feature", "properties": { "tang_id": 49593, "area_km2": 0.082546 }, "geometry": { "type": "Point", "coordinates": [ 113.2619437501709, 43.485629895247868 ] } },
{ "type": "Feature", "properties": { "tang_id": 49825, "area_km2": 1.273688 }, "geometry": { "type": "Point", "coordinates": [ 110.633545883646264, 39.530911591111369 ] } },
{ "type": "Feature", "properties": { "tang_id": 49826, "area_km2": 3.769894 }, "geometry": { "type": "Point", "coordinates": [ 110.646339830461258, 39.544796641480495 ] } },
{ "type": "Feature", "properties": { "tang_id": 49827, "area_km2": 0.389787 }, "geometry": { "type": "Point", "coordinates": [ 110.621291703387428, 39.547567435975679 ] } },
{ "type": "Feature", "properties": { "tang_id": 49828, "area_km2": 1.477786 }, "geometry": { "type": "Point", "coordinates": [ 110.678242785980942, 39.554413382450853 ] } },
{ "type": "Feature", "properties": { "tang_id": 49829, "area_km2": 0.303127 }, "geometry": { "type": "Point", "coordinates": [ 110.45656697378439, 39.509198120576727 ] } },
{ "type": "Feature", "properties": { "tang_id": 49830, "area_km2": 1.277458 }, "geometry": { "type": "Point", "coordinates": [ 110.440511851475037, 39.495974179820735 ] } },
{ "type": "Feature", "properties": { "tang_id": 49831, "area_km2": 0.083272 }, "geometry": { "type": "Point", "coordinates": [ 110.440119500153102, 39.484597756835065 ] } },
{ "type": "Feature", "properties": { "tang_id": 49832, "area_km2": 1.281097 }, "geometry": { "type": "Point", "coordinates": [ 110.4630212672742, 39.454930055333598 ] } },
{ "type": "Feature", "properties": { "tang_id": 49833, "area_km2": 0.672191 }, "geometry": { "type": "Point", "coordinates": [ 110.442276947245716, 39.443360978424813 ] } },
{ "type": "Feature", "properties": { "tang_id": 49834, "area_km2": 1.337024 }, "geometry": { "type": "Point", "coordinates": [ 110.474966952604177, 39.446762719416292 ] } },
{ "type": "Feature", "properties": { "tang_id": 49835, "area_km2": 0.547844 }, "geometry": { "type": "Point", "coordinates": [ 110.518368762110356, 39.458686981680444 ] } },
{ "type": "Feature", "properties": { "tang_id": 49836, "area_km2": 2.011342 }, "geometry": { "type": "Point", "coordinates": [ 110.593600086315618, 39.38040395994441 ] } },
{ "type": "Feature", "properties": { "tang_id": 49837, "area_km2": 0.341113 }, "geometry": { "type": "Point", "coordinates": [ 110.570604305984205, 39.371384710810005 ] } },
{ "type": "Feature", "properties": { "tang_id": 49838, "area_km2": 0.876355 }, "geometry": { "type": "Point", "coordinates": [ 110.56299547244123, 39.348252766217492 ] } },
{ "type": "Feature", "properties": { "tang_id": 49839, "area_km2": 2.223785 }, "geometry": { "type": "Point", "coordinates": [ 110.570654709549927, 39.333161959959504 ] } },
{ "type": "Feature", "properties": { "tang_id": 49840, "area_km2": 0.307743 }, "geometry": { "type": "Point", "coordinates": [ 110.595054619843353, 39.343986779201209 ] } },
{ "type": "Feature", "properties": { "tang_id": 49841, "area_km2": 0.016945 }, "geometry": { "type": "Point", "coordinates": [ 110.584601244037472, 39.345912929002324 ] } },
{ "type": "Feature", "properties": { "tang_id": 49842, "area_km2": 0.049642 }, "geometry": { "type": "Point", "coordinates": [ 110.582274580001126, 39.352226636641973 ] } },
{ "type": "Feature", "properties": { "tang_id": 49843, "area_km2": 0.314242 }, "geometry": { "type": "Point", "coordinates": [ 110.599786062687031, 39.311811042906456 ] } },
{ "type": "Feature", "properties": { "tang_id": 49844, "area_km2": 0.397539 }, "geometry": { "type": "Point", "coordinates": [ 110.581933823837659, 39.30163552190762 ] } },
{ "type": "Feature", "properties": { "tang_id": 49860, "area_km2": 2.504792 }, "geometry": { "type": "Point", "coordinates": [ 110.474902347745726, 39.37103812687478 ] } },
{ "type": "Feature", "properties": { "tang_id": 49903, "area_km2": 0.232329 }, "geometry": { "type": "Point", "coordinates": [ 110.520647957186071, 39.375334231123716 ] } },
{ "type": "Feature", "properties": { "tang_id": 49904, "area_km2": 1.124173 }, "geometry": { "type": "Point", "coordinates": [ 110.514453424898264, 39.368408524380015 ] } },
{ "type": "Feature", "properties": { "tang_id": 49905, "area_km2": 0.08902 }, "geometry": { "type": "Point", "coordinates": [ 110.514482082125639, 39.379038431042815 ] } },
{ "type": "Feature", "properties": { "tang_id": 49906, "area_km2": 0.726898 }, "geometry": { "type": "Point", "coordinates": [ 110.481182343030184, 39.406024572187079 ] } },
{ "type": "Feature", "properties": { "tang_id": 49924, "area_km2": 2.688554 }, "geometry": { "type": "Point", "coordinates": [ 110.280881926133603, 39.577420789253466 ] } },
{ "type": "Feature", "properties": { "tang_id": 49925, "area_km2": 0.040529 }, "geometry": { "type": "Point", "coordinates": [ 110.299389052940143, 39.569623034457337 ] } },
{ "type": "Feature", "properties": { "tang_id": 49926, "area_km2": 0.043837 }, "geometry": { "type": "Point", "coordinates": [ 110.304813346293358, 39.578450988223473 ] } },
{ "type": "Feature", "properties": { "tang_id": 49927, "area_km2": 0.039294 }, "geometry": { "type": "Point", "coordinates": [ 110.297098669675691, 39.585873103855988 ] } },
{ "type": "Feature", "properties": { "tang_id": 49928, "area_km2": 0.475835 }, "geometry": { "type": "Point", "coordinates": [ 110.271464283781455, 39.606589473987611 ] } },
{ "type": "Feature", "properties": { "tang_id": 49929, "area_km2": 0.030561 }, "geometry": { "type": "Point", "coordinates": [ 110.273439711548349, 39.608618957065815 ] } },
{ "type": "Feature", "properties": { "tang_id": 49930, "area_km2": 0.046222 }, "geometry": { "type": "Point", "coordinates": [ 110.267963517394023, 39.615720294902076 ] } },
{ "type": "Feature", "properties": { "tang_id": 49931, "area_km2": 0.024358 }, "geometry": { "type": "Point", "coordinates": [ 110.234257725245854, 39.621932778633486 ] } },
{ "type": "Feature", "properties": { "tang_id": 49932, "area_km2": 0.022477 }, "geometry": { "type": "Point", "coordinates": [ 110.238304836090606, 39.619618043322696 ] } },
{ "type": "Feature", "properties": { "tang_id": 49933, "area_km2": 0.024084 }, "geometry": { "type": "Point", "coordinates": [ 110.240581966554458, 39.620309186425636 ] } },
{ "type": "Feature", "properties": { "tang_id": 49934, "area_km2": 0.016561 }, "geometry": { "type": "Point", "coordinates": [ 110.244556811697819, 39.619210983603551 ] } },
{ "type": "Feature", "properties": { "tang_id": 49935, "area_km2": 0.018817 }, "geometry": { "type": "Point", "coordinates": [ 110.24217875011162, 39.621559744257894 ] } },
{ "type": "Feature", "properties": { "tang_id": 49936, "area_km2": 0.082224 }, "geometry": { "type": "Point", "coordinates": [ 110.256642795830075, 39.604768038334512 ] } },
{ "type": "Feature", "properties": { "tang_id": 49937, "area_km2": 0.210552 }, "geometry": { "type": "Point", "coordinates": [ 110.266883443387201, 39.59374260480228 ] } },
{ "type": "Feature", "properties": { "tang_id": 49938, "area_km2": 2.448927 }, "geometry": { "type": "Point", "coordinates": [ 110.250616248449603, 39.588097010062604 ] } },
{ "type": "Feature", "properties": { "tang_id": 49939, "area_km2": 0.790376 }, "geometry": { "type": "Point", "coordinates": [ 110.143626190710009, 39.61820492361587 ] } },
{ "type": "Feature", "properties": { "tang_id": 49940, "area_km2": 1.435476 }, "geometry": { "type": "Point", "coordinates": [ 110.219501719893159, 39.757434592427799 ] } },
{ "type": "Feature", "properties": { "tang_id": 49941, "area_km2": 23.885268 }, "geometry": { "type": "Point", "coordinates": [ 110.232885677156375, 39.704778570941095 ] } },
{ "type": "Feature", "properties": { "tang_id": 49942, "area_km2": 1.19009 }, "geometry": { "type": "Point", "coordinates": [ 110.266483328073008, 39.72310473252201 ] } },
{ "type": "Feature", "properties": { "tang_id": 49943, "area_km2": 2.897431 }, "geometry": { "type": "Point", "coordinates": [ 110.272143152399067, 39.713457507931146 ] } },
{ "type": "Feature", "properties": { "tang_id": 49944, "area_km2": 0.119657 }, "geometry": { "type": "Point", "coordinates": [ 110.244581710011985, 39.728809574462431 ] } },
{ "type": "Feature", "properties": { "tang_id": 49945, "area_km2": 0.026016 }, "geometry": { "type": "Point", "coordinates": [ 110.248205174765431, 39.731388826889699 ] } },
{ "type": "Feature", "properties": { "tang_id": 49946, "area_km2": 0.010283 }, "geometry": { "type": "Point", "coordinates": [ 110.246091546197277, 39.740937793807809 ] } },
{ "type": "Feature", "properties": { "tang_id": 49947, "area_km2": 0.236011 }, "geometry": { "type": "Point", "coordinates": [ 110.240848398307008, 39.741352857077985 ] } },
{ "type": "Feature", "properties": { "tang_id": 49948, "area_km2": 0.4899 }, "geometry": { "type": "Point", "coordinates": [ 110.198566335945387, 39.771319191638995 ] } },
{ "type": "Feature", "properties": { "tang_id": 49949, "area_km2": 1.836224 }, "geometry": { "type": "Point", "coordinates": [ 110.391954134271828, 39.793603482706793 ] } },
{ "type": "Feature", "properties": { "tang_id": 49950, "area_km2": 0.125673 }, "geometry": { "type": "Point", "coordinates": [ 110.403282707517008, 39.796822556996275 ] } },
{ "type": "Feature", "properties": { "tang_id": 49951, "area_km2": 0.037419 }, "geometry": { "type": "Point", "coordinates": [ 110.420766233964486, 39.792774358601484 ] } },
{ "type": "Feature", "properties": { "tang_id": 49952, "area_km2": 0.731571 }, "geometry": { "type": "Point", "coordinates": [ 110.352821445175167, 39.80488094806843 ] } },
{ "type": "Feature", "properties": { "tang_id": 49953, "area_km2": 0.582193 }, "geometry": { "type": "Point", "coordinates": [ 110.341503279092549, 39.800210888645402 ] } },
{ "type": "Feature", "properties": { "tang_id": 49954, "area_km2": 5.472118 }, "geometry": { "type": "Point", "coordinates": [ 110.375296670848059, 39.818973269175842 ] } },
{ "type": "Feature", "properties": { "tang_id": 49955, "area_km2": 0.96572 }, "geometry": { "type": "Point", "coordinates": [ 110.252811936692183, 39.857844577623908 ] } },
{ "type": "Feature", "properties": { "tang_id": 49956, "area_km2": 4.119521 }, "geometry": { "type": "Point", "coordinates": [ 110.278160664373999, 39.867708292760959 ] } },
{ "type": "Feature", "properties": { "tang_id": 49957, "area_km2": 2.741051 }, "geometry": { "type": "Point", "coordinates": [ 110.237370098999492, 39.886442246350839 ] } },
{ "type": "Feature", "properties": { "tang_id": 49958, "area_km2": 0.490742 }, "geometry": { "type": "Point", "coordinates": [ 110.220120649587429, 39.878248900126351 ] } },
{ "type": "Feature", "properties": { "tang_id": 49959, "area_km2": 0.050163 }, "geometry": { "type": "Point", "coordinates": [ 110.253645646141081, 39.906479412408402 ] } },
{ "type": "Feature", "properties": { "tang_id": 49960, "area_km2": 0.114517 }, "geometry": { "type": "Point", "coordinates": [ 110.25567037895506, 39.91127712848801 ] } },
{ "type": "Feature", "properties": { "tang_id": 49961, "area_km2": 1.484839 }, "geometry": { "type": "Point", "coordinates": [ 110.274561377004034, 39.911885060704904 ] } },
{ "type": "Feature", "properties": { "tang_id": 49962, "area_km2": 0.487466 }, "geometry": { "type": "Point", "coordinates": [ 110.296223855726694, 39.907731327836579 ] } },
{ "type": "Feature", "properties": { "tang_id": 49963, "area_km2": 0.191632 }, "geometry": { "type": "Point", "coordinates": [ 110.334326073149128, 39.910686049561207 ] } },
{ "type": "Feature", "properties": { "tang_id": 50221, "area_km2": 2.426763 }, "geometry": { "type": "Point", "coordinates": [ 109.881978434545516, 39.976245205327757 ] } },
{ "type": "Feature", "properties": { "tang_id": 50222, "area_km2": 0.460155 }, "geometry": { "type": "Point", "coordinates": [ 109.924202702862274, 40.001517683986258 ] } },
{ "type": "Feature", "properties": { "tang_id": 50223, "area_km2": 1.662064 }, "geometry": { "type": "Point", "coordinates": [ 109.91880899677507, 39.973982709517422 ] } },
{ "type": "Feature", "properties": { "tang_id": 50224, "area_km2": 0.190124 }, "geometry": { "type": "Point", "coordinates": [ 109.923024621187565, 39.962750131196259 ] } },
{ "type": "Feature", "properties": { "tang_id": 50225, "area_km2": 1.617524 }, "geometry": { "type": "Point", "coordinates": [ 110.339551762699983, 39.307554178047653 ] } },
{ "type": "Feature", "properties": { "tang_id": 50289, "area_km2": 0.267908 }, "geometry": { "type": "Point", "coordinates": [ 110.845755266548068, 39.701616620199459 ] } },
{ "type": "Feature", "properties": { "tang_id": 50290, "area_km2": 0.135354 }, "geometry": { "type": "Point", "coordinates": [ 110.853618182162108, 39.698602066040458 ] } },
{ "type": "Feature", "properties": { "tang_id": 50291, "area_km2": 0.235997 }, "geometry": { "type": "Point", "coordinates": [ 110.85495145697449, 39.706360077910574 ] } },
{ "type": "Feature", "properties": { "tang_id": 50292, "area_km2": 0.087065 }, "geometry": { "type": "Point", "coordinates": [ 110.576708424876387, 39.625581630991888 ] } },
{ "type": "Feature", "properties": { "tang_id": 50293, "area_km2": 0.077704 }, "geometry": { "type": "Point", "coordinates": [ 110.568669497821247, 39.622786094656504 ] } },
{ "type": "Feature", "properties": { "tang_id": 50294, "area_km2": 0.041249 }, "geometry": { "type": "Point", "coordinates": [ 110.572883953630978, 39.619302324549906 ] } },
{ "type": "Feature", "properties": { "tang_id": 50295, "area_km2": 0.027773 }, "geometry": { "type": "Point", "coordinates": [ 110.547564580556696, 39.585887824898933 ] } },
{ "type": "Feature", "properties": { "tang_id": 50296, "area_km2": 0.479256 }, "geometry": { "type": "Point", "coordinates": [ 110.684427354968321, 39.597980096945399 ] } },
{ "type": "Feature", "properties": { "tang_id": 50297, "area_km2": 0.393459 }, "geometry": { "type": "Point", "coordinates": [ 110.739571241273808, 39.612876012034711 ] } },
{ "type": "Feature", "properties": { "tang_id": 50383, "area_km2": 0.044053 }, "geometry": { "type": "Point", "coordinates": [ 109.651936402201528, 41.095335730831067 ] } },
{ "type": "Feature", "properties": { "tang_id": 50478, "area_km2": 0.922522 }, "geometry": { "type": "Point", "coordinates": [ 106.777487365464978, 39.912604155465615 ] } },
{ "type": "Feature", "properties": { "tang_id": 50479, "area_km2": 1.208852 }, "geometry": { "type": "Point", "coordinates": [ 106.794445666244727, 39.908929810854382 ] } },
{ "type": "Feature", "properties": { "tang_id": 50480, "area_km2": 0.44201 }, "geometry": { "type": "Point", "coordinates": [ 106.804432248094159, 39.895502371721136 ] } },
{ "type": "Feature", "properties": { "tang_id": 50481, "area_km2": 0.120625 }, "geometry": { "type": "Point", "coordinates": [ 106.793548733784959, 39.856484609867138 ] } },
{ "type": "Feature", "properties": { "tang_id": 50482, "area_km2": 1.663046 }, "geometry": { "type": "Point", "coordinates": [ 106.786985728831212, 39.842771472706801 ] } },
{ "type": "Feature", "properties": { "tang_id": 50483, "area_km2": 0.590002 }, "geometry": { "type": "Point", "coordinates": [ 106.785327275027555, 39.819343871282349 ] } },
{ "type": "Feature", "properties": { "tang_id": 50484, "area_km2": 0.48073 }, "geometry": { "type": "Point", "coordinates": [ 106.915446948131603, 39.837839190847212 ] } },
{ "type": "Feature", "properties": { "tang_id": 50557, "area_km2": 2.228842 }, "geometry": { "type": "Point", "coordinates": [ 107.093618702805756, 39.487524827821581 ] } },
{ "type": "Feature", "properties": { "tang_id": 50591, "area_km2": 0.256094 }, "geometry": { "type": "Point", "coordinates": [ 107.107936571714376, 39.451303466196855 ] } },
{ "type": "Feature", "properties": { "tang_id": 50592, "area_km2": 0.02846 }, "geometry": { "type": "Point", "coordinates": [ 107.10974356299802, 39.446428093173296 ] } },
{ "type": "Feature", "properties": { "tang_id": 50593, "area_km2": 0.101197 }, "geometry": { "type": "Point", "coordinates": [ 107.148798048554625, 39.443065179655584 ] } },
{ "type": "Feature", "properties": { "tang_id": 66727, "area_km2": 2.510805 }, "geometry": { "type": "Point", "coordinates": [ 106.552319796818296, 38.243236324062117 ] } },
{ "type": "Feature", "properties": { "tang_id": 66728, "area_km2": 0.603653 }, "geometry": { "type": "Point", "coordinates": [ 106.554254295838234, 38.266720789933899 ] } },
{ "type": "Feature", "properties": { "tang_id": 66729, "area_km2": 0.779079 }, "geometry": { "type": "Point", "coordinates": [ 106.535206746585558, 38.324499691457987 ] } },
{ "type": "Feature", "properties": { "tang_id": 66730, "area_km2": 0.23005 }, "geometry": { "type": "Point", "coordinates": [ 106.575811697679242, 38.326660188296465 ] } },
{ "type": "Feature", "properties": { "tang_id": 66731, "area_km2": 0.713644 }, "geometry": { "type": "Point", "coordinates": [ 106.69718560412359, 38.323126448502691 ] } },
{ "type": "Feature", "properties": { "tang_id": 66808, "area_km2": 0.469259 }, "geometry": { "type": "Point", "coordinates": [ 106.674162148521191, 38.257506867482419 ] } },
{ "type": "Feature", "properties": { "tang_id": 66809, "area_km2": 0.091753 }, "geometry": { "type": "Point", "coordinates": [ 106.673542202119521, 38.24650740631202 ] } },
{ "type": "Feature", "properties": { "tang_id": 66810, "area_km2": 1.402311 }, "geometry": { "type": "Point", "coordinates": [ 106.680248646580395, 38.212017669952196 ] } },
{ "type": "Feature", "properties": { "tang_id": 66813, "area_km2": 0.057795 }, "geometry": { "type": "Point", "coordinates": [ 106.587587420028385, 38.261218363949574 ] } },
{ "type": "Feature", "properties": { "tang_id": 66814, "area_km2": 0.003292 }, "geometry": { "type": "Point", "coordinates": [ 106.590924263188299, 38.260557163182519 ] } },
{ "type": "Feature", "properties": { "tang_id": 66819, "area_km2": 9.722825 }, "geometry": { "type": "Point", "coordinates": [ 107.442425031435818, 37.957541368747812 ] } },
{ "type": "Feature", "properties": { "tang_id": 67641, "area_km2": 0.18853 }, "geometry": { "type": "Point", "coordinates": [ 106.112760812019829, 39.133286180922795 ] } },
{ "type": "Feature", "properties": { "tang_id": 67642, "area_km2": 0.442098 }, "geometry": { "type": "Point", "coordinates": [ 106.131397122654931, 39.150504131813527 ] } },
{ "type": "Feature", "properties": { "tang_id": 67643, "area_km2": 1.672649 }, "geometry": { "type": "Point", "coordinates": [ 106.116427817035202, 39.140791573161174 ] } },
{ "type": "Feature", "properties": { "tang_id": 67644, "area_km2": 2.249825 }, "geometry": { "type": "Point", "coordinates": [ 106.096560547869302, 39.143452490387531 ] } },
{ "type": "Feature", "properties": { "tang_id": 67645, "area_km2": 2.881644 }, "geometry": { "type": "Point", "coordinates": [ 106.073651359332146, 39.132817558775294 ] } },
{ "type": "Feature", "properties": { "tang_id": 67646, "area_km2": 0.047236 }, "geometry": { "type": "Point", "coordinates": [ 106.099046813001962, 39.153720422261685 ] } },
{ "type": "Feature", "properties": { "tang_id": 67647, "area_km2": 0.041058 }, "geometry": { "type": "Point", "coordinates": [ 106.097247555100068, 39.154984244096724 ] } },
{ "type": "Feature", "properties": { "tang_id": 67648, "area_km2": 1.056046 }, "geometry": { "type": "Point", "coordinates": [ 105.907742041739667, 39.399896690828882 ] } },
{ "type": "Feature", "properties": { "tang_id": 67747, "area_km2": 1.046629 }, "geometry": { "type": "Point", "coordinates": [ 105.982436388852179, 39.034079732106839 ] } },
{ "type": "Feature", "properties": { "tang_id": 67748, "area_km2": 0.468209 }, "geometry": { "type": "Point", "coordinates": [ 105.977944714801495, 39.049938731123191 ] } },
{ "type": "Feature", "properties": { "tang_id": 67749, "area_km2": 0.017951 }, "geometry": { "type": "Point", "coordinates": [ 105.973978521407332, 39.04256693165452 ] } },
{ "type": "Feature", "properties": { "tang_id": 67750, "area_km2": 0.105972 }, "geometry": { "type": "Point", "coordinates": [ 105.972113041119229, 39.038127015688872 ] } },
{ "type": "Feature", "properties": { "tang_id": 67751, "area_km2": 0.019879 }, "geometry": { "type": "Point", "coordinates": [ 105.983160354987319, 39.043335247715767 ] } },
{ "type": "Feature", "properties": { "tang_id": 67752, "area_km2": 0.08609 }, "geometry": { "type": "Point", "coordinates": [ 105.990088909466351, 39.050006132697781 ] } },
{ "type": "Feature", "properties": { "tang_id": 67753, "area_km2": 0.174813 }, "geometry": { "type": "Point", "coordinates": [ 105.992228737585876, 39.142502399264949 ] } },
{ "type": "Feature", "properties": { "tang_id": 67754, "area_km2": 0.004032 }, "geometry": { "type": "Point", "coordinates": [ 105.994565801826056, 39.139774029109418 ] } },
{ "type": "Feature", "properties": { "tang_id": 67755, "area_km2": 0.00429 }, "geometry": { "type": "Point", "coordinates": [ 105.992067618396831, 39.140895257881276 ] } },
{ "type": "Feature", "properties": { "tang_id": 67756, "area_km2": 0.058213 }, "geometry": { "type": "Point", "coordinates": [ 105.992109754087252, 39.136001708026498 ] } },
{ "type": "Feature", "properties": { "tang_id": 67757, "area_km2": 0.002652 }, "geometry": { "type": "Point", "coordinates": [ 105.986539739596054, 39.140953751311372 ] } },
{ "type": "Feature", "properties": { "tang_id": 67758, "area_km2": 0.018708 }, "geometry": { "type": "Point", "coordinates": [ 105.985329909850165, 39.142070636731511 ] } },
{ "type": "Feature", "properties": { "tang_id": 67759, "area_km2": 0.242248 }, "geometry": { "type": "Point", "coordinates": [ 105.967327579764188, 39.111948629887927 ] } },
{ "type": "Feature", "properties": { "tang_id": 67760, "area_km2": 0.116639 }, "geometry": { "type": "Point", "coordinates": [ 105.965477221510824, 39.120260467662199 ] } },
{ "type": "Feature", "properties": { "tang_id": 67761, "area_km2": 0.013581 }, "geometry": { "type": "Point", "coordinates": [ 105.965321566733792, 39.12335128450998 ] } },
{ "type": "Feature", "properties": { "tang_id": 67762, "area_km2": 0.018611 }, "geometry": { "type": "Point", "coordinates": [ 105.964522100700918, 39.124781265903025 ] } },
{ "type": "Feature", "properties": { "tang_id": 67763, "area_km2": 0.099351 }, "geometry": { "type": "Point", "coordinates": [ 105.965844908630046, 39.128470489319476 ] } },
{ "type": "Feature", "properties": { "tang_id": 67764, "area_km2": 0.033065 }, "geometry": { "type": "Point", "coordinates": [ 105.960261847957128, 39.127411562571424 ] } },
{ "type": "Feature", "properties": { "tang_id": 67804, "area_km2": 1.057469 }, "geometry": { "type": "Point", "coordinates": [ 106.236828010875456, 39.256806050102732 ] } },
{ "type": "Feature", "properties": { "tang_id": 67805, "area_km2": 0.011419 }, "geometry": { "type": "Point", "coordinates": [ 106.240694544989182, 39.253408794322411 ] } },
{ "type": "Feature", "properties": { "tang_id": 67806, "area_km2": 0.040067 }, "geometry": { "type": "Point", "coordinates": [ 106.236464735158421, 39.243353788350731 ] } },
{ "type": "Feature", "properties": { "tang_id": 67807, "area_km2": 0.066707 }, "geometry": { "type": "Point", "coordinates": [ 106.245049456541949, 39.240147132328104 ] } },
{ "type": "Feature", "properties": { "tang_id": 67809, "area_km2": 0.131253 }, "geometry": { "type": "Point", "coordinates": [ 106.250301611749961, 39.266057946884388 ] } },
{ "type": "Feature", "properties": { "tang_id": 67864, "area_km2": 0.018697 }, "geometry": { "type": "Point", "coordinates": [ 106.280448154589834, 39.196875865359907 ] } },
{ "type": "Feature", "properties": { "tang_id": 67865, "area_km2": 0.046011 }, "geometry": { "type": "Point", "coordinates": [ 106.275857471875085, 39.20651583174422 ] } },
{ "type": "Feature", "properties": { "tang_id": 67866, "area_km2": 0.090028 }, "geometry": { "type": "Point", "coordinates": [ 106.256966132327719, 39.212987471476573 ] } },
{ "type": "Feature", "properties": { "tang_id": 67867, "area_km2": 0.33204 }, "geometry": { "type": "Point", "coordinates": [ 106.249544254402281, 39.217399108913753 ] } },
{ "type": "Feature", "properties": { "tang_id": 67868, "area_km2": 0.03218 }, "geometry": { "type": "Point", "coordinates": [ 106.246455451803953, 39.213006627281551 ] } },
{ "type": "Feature", "properties": { "tang_id": 67876, "area_km2": 0.063144 }, "geometry": { "type": "Point", "coordinates": [ 106.319006125619495, 39.307156035157128 ] } },
{ "type": "Feature", "properties": { "tang_id": 67877, "area_km2": 0.019083 }, "geometry": { "type": "Point", "coordinates": [ 106.220823711995209, 39.258892548485697 ] } },
{ "type": "Feature", "properties": { "tang_id": 67878, "area_km2": 0.001451 }, "geometry": { "type": "Point", "coordinates": [ 106.223718894366797, 39.259217404068721 ] } },
{ "type": "Feature", "properties": { "tang_id": 68285, "area_km2": 1.28348 }, "geometry": { "type": "Point", "coordinates": [ 106.818308148653529, 39.32846063095738 ] } },
{ "type": "Feature", "properties": { "tang_id": 68286, "area_km2": 0.318404 }, "geometry": { "type": "Point", "coordinates": [ 106.863535729870947, 39.314558573663859 ] } },
{ "type": "Feature", "properties": { "tang_id": 68350, "area_km2": 3.922419 }, "geometry": { "type": "Point", "coordinates": [ 106.940865623938379, 39.05040225069871 ] } },
{ "type": "Feature", "properties": { "tang_id": 68353, "area_km2": 0.315178 }, "geometry": { "type": "Point", "coordinates": [ 106.931956024824899, 39.067375154314156 ] } },
{ "type": "Feature", "properties": { "tang_id": 68354, "area_km2": 0.406275 }, "geometry": { "type": "Point", "coordinates": [ 107.047639008532684, 39.060682773494946 ] } },
{ "type": "Feature", "properties": { "tang_id": 68514, "area_km2": 0.020752 }, "geometry": { "type": "Point", "coordinates": [ 106.540329613352156, 39.566206791564319 ] } },
{ "type": "Feature", "properties": { "tang_id": 68515, "area_km2": 0.007275 }, "geometry": { "type": "Point", "coordinates": [ 106.541368092006152, 39.567724554147453 ] } },
{ "type": "Feature", "properties": { "tang_id": 68516, "area_km2": 2.154607 }, "geometry": { "type": "Point", "coordinates": [ 106.606904116275985, 39.573359303348369 ] } },
{ "type": "Feature", "properties": { "tang_id": 68517, "area_km2": 0.474351 }, "geometry": { "type": "Point", "coordinates": [ 106.595466049304662, 39.578636615381697 ] } },
{ "type": "Feature", "properties": { "tang_id": 68518, "area_km2": 0.083268 }, "geometry": { "type": "Point", "coordinates": [ 106.604037329118725, 39.590442244286209 ] } },
{ "type": "Feature", "properties": { "tang_id": 68519, "area_km2": 0.048888 }, "geometry": { "type": "Point", "coordinates": [ 106.610126263487274, 39.58662038610985 ] } },
{ "type": "Feature", "properties": { "tang_id": 68520, "area_km2": 0.067305 }, "geometry": { "type": "Point", "coordinates": [ 106.59406854390339, 39.587767017569021 ] } },
{ "type": "Feature", "properties": { "tang_id": 68521, "area_km2": 0.380853 }, "geometry": { "type": "Point", "coordinates": [ 106.633269250369665, 39.578095859042655 ] } },
{ "type": "Feature", "properties": { "tang_id": 68522, "area_km2": 0.150223 }, "geometry": { "type": "Point", "coordinates": [ 106.642392760241592, 39.583287100771585 ] } },
{ "type": "Feature", "properties": { "tang_id": 68523, "area_km2": 0.724882 }, "geometry": { "type": "Point", "coordinates": [ 106.589410614293669, 39.477200298767059 ] } },
{ "type": "Feature", "properties": { "tang_id": 68524, "area_km2": 0.400504 }, "geometry": { "type": "Point", "coordinates": [ 106.800794368571644, 39.635428204882835 ] } },
{ "type": "Feature", "properties": { "tang_id": 68525, "area_km2": 4.499167 }, "geometry": { "type": "Point", "coordinates": [ 106.891479759824406, 39.855666871184901 ] } },
{ "type": "Feature", "properties": { "tang_id": 68526, "area_km2": 1.943002 }, "geometry": { "type": "Point", "coordinates": [ 106.896554307099308, 39.907996214196139 ] } },
{ "type": "Feature", "properties": { "tang_id": 68527, "area_km2": 0.959806 }, "geometry": { "type": "Point", "coordinates": [ 106.781631071102453, 39.872012667795161 ] } },
{ "type": "Feature", "properties": { "tang_id": 68528, "area_km2": 0.328987 }, "geometry": { "type": "Point", "coordinates": [ 106.759920628771738, 39.867395855405213 ] } },
{ "type": "Feature", "properties": { "tang_id": 68529, "area_km2": 0.645041 }, "geometry": { "type": "Point", "coordinates": [ 106.77150142098364, 39.863612576058955 ] } },
{ "type": "Feature", "properties": { "tang_id": 68530, "area_km2": 0.434694 }, "geometry": { "type": "Point", "coordinates": [ 106.765989040241379, 39.89322907526352 ] } },
{ "type": "Feature", "properties": { "tang_id": 68531, "area_km2": 1.193801 }, "geometry": { "type": "Point", "coordinates": [ 106.797272632032701, 39.928942284506114 ] } },
{ "type": "Feature", "properties": { "tang_id": 68532, "area_km2": 0.086329 }, "geometry": { "type": "Point", "coordinates": [ 106.774342919746445, 39.929826675662568 ] } },
{ "type": "Feature", "properties": { "tang_id": 68533, "area_km2": 0.540768 }, "geometry": { "type": "Point", "coordinates": [ 106.809857903850641, 39.883618097708485 ] } },
{ "type": "Feature", "properties": { "tang_id": 68534, "area_km2": 0.028721 }, "geometry": { "type": "Point", "coordinates": [ 106.790897703830439, 39.880042093089195 ] } },
{ "type": "Feature", "properties": { "tang_id": 68550, "area_km2": 0.299187 }, "geometry": { "type": "Point", "coordinates": [ 106.85209815654801, 39.42101696216573 ] } },
{ "type": "Feature", "properties": { "tang_id": 68551, "area_km2": 0.109046 }, "geometry": { "type": "Point", "coordinates": [ 106.852573446866941, 39.413926641926274 ] } },
{ "type": "Feature", "properties": { "tang_id": 68606, "area_km2": 0.171153 }, "geometry": { "type": "Point", "coordinates": [ 106.851573793929589, 39.350615514123419 ] } },
{ "type": "Feature", "properties": { "tang_id": 68607, "area_km2": 0.109516 }, "geometry": { "type": "Point", "coordinates": [ 106.866532581817168, 39.351669731516928 ] } },
{ "type": "Feature", "properties": { "tang_id": 68608, "area_km2": 0.030717 }, "geometry": { "type": "Point", "coordinates": [ 106.864001821811499, 39.348504654631661 ] } },
{ "type": "Feature", "properties": { "tang_id": 68615, "area_km2": 0.329782 }, "geometry": { "type": "Point", "coordinates": [ 106.826468548308696, 39.354525051586535 ] } },
{ "type": "Feature", "properties": { "tang_id": 68635, "area_km2": 2.36554 }, "geometry": { "type": "Point", "coordinates": [ 106.860698068975026, 39.363903144084382 ] } },
{ "type": "Feature", "properties": { "tang_id": 68654, "area_km2": 7.436689 }, "geometry": { "type": "Point", "coordinates": [ 106.832995489926333, 39.385237841242265 ] } },
{ "type": "Feature", "properties": { "tang_id": 68655, "area_km2": 2.819962 }, "geometry": { "type": "Point", "coordinates": [ 106.711710372793092, 39.414239680859836 ] } },
{ "type": "Feature", "properties": { "tang_id": 68656, "area_km2": 2.308601 }, "geometry": { "type": "Point", "coordinates": [ 106.72378537231296, 39.442988209114418 ] } },
{ "type": "Feature", "properties": { "tang_id": 68657, "area_km2": 0.106203 }, "geometry": { "type": "Point", "coordinates": [ 106.713977197935208, 39.430417016604309 ] } },
{ "type": "Feature", "properties": { "tang_id": 68658, "area_km2": 1.048794 }, "geometry": { "type": "Point", "coordinates": [ 106.67672526157989, 39.440120961430132 ] } },
{ "type": "Feature", "properties": { "tang_id": 68659, "area_km2": 0.80139 }, "geometry": { "type": "Point", "coordinates": [ 106.735899378777447, 39.493815729424611 ] } },
{ "type": "Feature", "properties": { "tang_id": 68660, "area_km2": 0.108393 }, "geometry": { "type": "Point", "coordinates": [ 106.799787097563851, 39.411915741575449 ] } },
{ "type": "Feature", "properties": { "tang_id": 68661, "area_km2": 0.145669 }, "geometry": { "type": "Point", "coordinates": [ 106.669856863480817, 39.427481701291988 ] } },
{ "type": "Feature", "properties": { "tang_id": 68703, "area_km2": 1.687881 }, "geometry": { "type": "Point", "coordinates": [ 106.583128414040445, 39.506883161895644 ] } },
{ "type": "Feature", "properties": { "tang_id": 68704, "area_km2": 0.210178 }, "geometry": { "type": "Point", "coordinates": [ 106.596316120838623, 39.503998766306466 ] } },
{ "type": "Feature", "properties": { "tang_id": 68705, "area_km2": 0.045985 }, "geometry": { "type": "Point", "coordinates": [ 106.597975661989139, 39.498823098212959 ] } },
{ "type": "Feature", "properties": { "tang_id": 68706, "area_km2": 0.074025 }, "geometry": { "type": "Point", "coordinates": [ 106.602051802979332, 39.499126631858736 ] } },
{ "type": "Feature", "properties": { "tang_id": 68707, "area_km2": 0.871279 }, "geometry": { "type": "Point", "coordinates": [ 106.610115314437991, 39.488498605944159 ] } },
{ "type": "Feature", "properties": { "tang_id": 68708, "area_km2": 1.33366 }, "geometry": { "type": "Point", "coordinates": [ 106.581889777886332, 39.523926567790546 ] } },
{ "type": "Feature", "properties": { "tang_id": 68709, "area_km2": 0.136095 }, "geometry": { "type": "Point", "coordinates": [ 106.568116932659692, 39.5479685055235 ] } },
{ "type": "Feature", "properties": { "tang_id": 68710, "area_km2": 0.077869 }, "geometry": { "type": "Point", "coordinates": [ 106.575399421944056, 39.549106736781837 ] } },
{ "type": "Feature", "properties": { "tang_id": 68711, "area_km2": 0.042406 }, "geometry": { "type": "Point", "coordinates": [ 106.568335951299559, 39.553995751315071 ] } },
{ "type": "Feature", "properties": { "tang_id": 68712, "area_km2": 0.179896 }, "geometry": { "type": "Point", "coordinates": [ 106.564045635316035, 39.562213673800997 ] } },
{ "type": "Feature", "properties": { "tang_id": 68713, "area_km2": 0.022597 }, "geometry": { "type": "Point", "coordinates": [ 106.568276884574743, 39.558430261818607 ] } },
{ "type": "Feature", "properties": { "tang_id": 68714, "area_km2": 0.2285 }, "geometry": { "type": "Point", "coordinates": [ 106.568770063376405, 39.509808690034475 ] } },
{ "type": "Feature", "properties": { "tang_id": 68719, "area_km2": 2.48392 }, "geometry": { "type": "Point", "coordinates": [ 106.872152797358765, 39.395681801843857 ] } },
{ "type": "Feature", "properties": { "tang_id": 68720, "area_km2": 0.30999 }, "geometry": { "type": "Point", "coordinates": [ 107.039907830111147, 39.323536857333224 ] } },
{ "type": "Feature", "properties": { "tang_id": 68754, "area_km2": 0.276719 }, "geometry": { "type": "Point", "coordinates": [ 106.840007243350556, 39.256789984042015 ] } },
{ "type": "Feature", "properties": { "tang_id": 68755, "area_km2": 0.012396 }, "geometry": { "type": "Point", "coordinates": [ 106.839888681491914, 39.254903915515797 ] } },
{ "type": "Feature", "properties": { "tang_id": 68756, "area_km2": 0.023316 }, "geometry": { "type": "Point", "coordinates": [ 106.831926476268009, 39.255333814175792 ] } },
{ "type": "Feature", "properties": { "tang_id": 68757, "area_km2": 0.01517 }, "geometry": { "type": "Point", "coordinates": [ 106.83090772306592, 39.25369094248893 ] } },
{ "type": "Feature", "properties": { "tang_id": 68758, "area_km2": 0.008616 }, "geometry": { "type": "Point", "coordinates": [ 106.829483731016637, 39.253298275224068 ] } },
{ "type": "Feature", "properties": { "tang_id": 68759, "area_km2": 0.021617 }, "geometry": { "type": "Point", "coordinates": [ 106.827512371314839, 39.257559606513205 ] } },
{ "type": "Feature", "properties": { "tang_id": 68760, "area_km2": 0.261202 }, "geometry": { "type": "Point", "coordinates": [ 106.821017263349148, 39.260149926485205 ] } },
{ "type": "Feature", "properties": { "tang_id": 68761, "area_km2": 0.588822 }, "geometry": { "type": "Point", "coordinates": [ 106.809154382932221, 39.262249106642329 ] } },
{ "type": "Feature", "properties": { "tang_id": 68762, "area_km2": 0.384621 }, "geometry": { "type": "Point", "coordinates": [ 106.800143152107921, 39.25175301619948 ] } },
{ "type": "Feature", "properties": { "tang_id": 68763, "area_km2": 0.521789 }, "geometry": { "type": "Point", "coordinates": [ 106.816113745657461, 39.276444064853514 ] } },
{ "type": "Feature", "properties": { "tang_id": 68764, "area_km2": 0.130973 }, "geometry": { "type": "Point", "coordinates": [ 106.807034865986836, 39.277306523082864 ] } },
{ "type": "Feature", "properties": { "tang_id": 68765, "area_km2": 0.387687 }, "geometry": { "type": "Point", "coordinates": [ 106.806236903512712, 39.282969158323255 ] } },
{ "type": "Feature", "properties": { "tang_id": 68766, "area_km2": 0.359874 }, "geometry": { "type": "Point", "coordinates": [ 106.82725144259912, 39.289560602493239 ] } },
{ "type": "Feature", "properties": { "tang_id": 68767, "area_km2": 0.463693 }, "geometry": { "type": "Point", "coordinates": [ 106.818038982173661, 39.29151908947437 ] } },
{ "type": "Feature", "properties": { "tang_id": 68768, "area_km2": 0.087718 }, "geometry": { "type": "Point", "coordinates": [ 106.816751122606988, 39.286316482248623 ] } },
{ "type": "Feature", "properties": { "tang_id": 68769, "area_km2": 0.054351 }, "geometry": { "type": "Point", "coordinates": [ 106.821363349719547, 39.284406943006182 ] } },
{ "type": "Feature", "properties": { "tang_id": 68770, "area_km2": 2.21685 }, "geometry": { "type": "Point", "coordinates": [ 106.850005738606527, 39.298070699872682 ] } },
{ "type": "Feature", "properties": { "tang_id": 68771, "area_km2": 0.136149 }, "geometry": { "type": "Point", "coordinates": [ 106.841117416479008, 39.287715850474129 ] } },
{ "type": "Feature", "properties": { "tang_id": 68772, "area_km2": 0.215959 }, "geometry": { "type": "Point", "coordinates": [ 106.862471860175447, 39.285985886124323 ] } },
{ "type": "Feature", "properties": { "tang_id": 68773, "area_km2": 0.111252 }, "geometry": { "type": "Point", "coordinates": [ 106.824265386489728, 39.299426087171199 ] } },
{ "type": "Feature", "properties": { "tang_id": 68774, "area_km2": 0.030562 }, "geometry": { "type": "Point", "coordinates": [ 106.834248915849741, 39.297932838253679 ] } },
{ "type": "Feature", "properties": { "tang_id": 68775, "area_km2": 0.406 }, "geometry": { "type": "Point", "coordinates": [ 106.809250672975523, 39.312126215706193 ] } },
{ "type": "Feature", "properties": { "tang_id": 68810, "area_km2": 0.191629 }, "geometry": { "type": "Point", "coordinates": [ 106.991732396657852, 39.331163856845592 ] } },
{ "type": "Feature", "properties": { "tang_id": 68811, "area_km2": 17.832884 }, "geometry": { "type": "Point", "coordinates": [ 106.919132974769298, 39.38385159776071 ] } },
{ "type": "Feature", "properties": { "tang_id": 68812, "area_km2": 2.956035 }, "geometry": { "type": "Point", "coordinates": [ 106.965427698543564, 39.391430139050556 ] } },
{ "type": "Feature", "properties": { "tang_id": 68813, "area_km2": 0.167197 }, "geometry": { "type": "Point", "coordinates": [ 106.989879434818917, 39.37453030892167 ] } },
{ "type": "Feature", "properties": { "tang_id": 68814, "area_km2": 2.266303 }, "geometry": { "type": "Point", "coordinates": [ 106.970361471643656, 39.370541323656845 ] } },
{ "type": "Feature", "properties": { "tang_id": 68815, "area_km2": 0.541401 }, "geometry": { "type": "Point", "coordinates": [ 106.994657746852823, 39.343537824462416 ] } },
{ "type": "Feature", "properties": { "tang_id": 68816, "area_km2": 0.730205 }, "geometry": { "type": "Point", "coordinates": [ 106.98853966333256, 39.3503638201095 ] } },
{ "type": "Feature", "properties": { "tang_id": 68817, "area_km2": 0.065354 }, "geometry": { "type": "Point", "coordinates": [ 107.026756848699591, 39.391447249789515 ] } },
{ "type": "Feature", "properties": { "tang_id": 68897, "area_km2": 0.004591 }, "geometry": { "type": "Point", "coordinates": [ 106.274649537220071, 39.195007368350176 ] } },
{ "type": "Feature", "properties": { "tang_id": 68898, "area_km2": 0.017512 }, "geometry": { "type": "Point", "coordinates": [ 106.27258337094743, 39.194919240201145 ] } },
{ "type": "Feature", "properties": { "tang_id": 68899, "area_km2": 0.007239 }, "geometry": { "type": "Point", "coordinates": [ 106.273188402947724, 39.193017778056621 ] } },
{ "type": "Feature", "properties": { "tang_id": 68900, "area_km2": 0.002899 }, "geometry": { "type": "Point", "coordinates": [ 106.272429247116264, 39.19209025807649 ] } },
{ "type": "Feature", "properties": { "tang_id": 68901, "area_km2": 0.010944 }, "geometry": { "type": "Point", "coordinates": [ 106.271064206810578, 39.191046561405237 ] } },
{ "type": "Feature", "properties": { "tang_id": 68903, "area_km2": 0.010446 }, "geometry": { "type": "Point", "coordinates": [ 106.278346903910702, 39.190811071351384 ] } },
{ "type": "Feature", "properties": { "tang_id": 68904, "area_km2": 0.007297 }, "geometry": { "type": "Point", "coordinates": [ 106.277475477222183, 39.191972625963146 ] } },
{ "type": "Feature", "properties": { "tang_id": 68924, "area_km2": 0.031533 }, "geometry": { "type": "Point", "coordinates": [ 106.233822595125801, 39.242292615290495 ] } },
{ "type": "Feature", "properties": { "tang_id": 68925, "area_km2": 0.054037 }, "geometry": { "type": "Point", "coordinates": [ 106.241008657508061, 39.235803448935414 ] } },
{ "type": "Feature", "properties": { "tang_id": 68926, "area_km2": 0.313012 }, "geometry": { "type": "Point", "coordinates": [ 106.23749301094638, 39.230824302550367 ] } },
{ "type": "Feature", "properties": { "tang_id": 69035, "area_km2": 0.09896 }, "geometry": { "type": "Point", "coordinates": [ 110.576797210799, 39.604883235388016 ] } },
{ "type": "Feature", "properties": { "tang_id": 69095, "area_km2": 4.423018 }, "geometry": { "type": "Point", "coordinates": [ 110.018248799761039, 39.902268404200555 ] } },
{ "type": "Feature", "properties": { "tang_id": 69096, "area_km2": 0.629502 }, "geometry": { "type": "Point", "coordinates": [ 109.957514213675154, 39.961141402497617 ] } },
{ "type": "Feature", "properties": { "tang_id": 69097, "area_km2": 0.605488 }, "geometry": { "type": "Point", "coordinates": [ 109.943777743882208, 39.967620635407421 ] } },
{ "type": "Feature", "properties": { "tang_id": 69098, "area_km2": 0.040665 }, "geometry": { "type": "Point", "coordinates": [ 109.953656842023122, 39.970193686901069 ] } },
{ "type": "Feature", "properties": { "tang_id": 69099, "area_km2": 0.568885 }, "geometry": { "type": "Point", "coordinates": [ 109.945940567794111, 39.977614880132805 ] } },
{ "type": "Feature", "properties": { "tang_id": 69100, "area_km2": 0.133494 }, "geometry": { "type": "Point", "coordinates": [ 109.93290898461602, 39.983898647049237 ] } },
{ "type": "Feature", "properties": { "tang_id": 69101, "area_km2": 0.487381 }, "geometry": { "type": "Point", "coordinates": [ 109.933363512307537, 39.989387770770456 ] } },
{ "type": "Feature", "properties": { "tang_id": 69102, "area_km2": 0.460436 }, "geometry": { "type": "Point", "coordinates": [ 109.939733106069369, 40.011078022157044 ] } },
{ "type": "Feature", "properties": { "tang_id": 69103, "area_km2": 0.099486 }, "geometry": { "type": "Point", "coordinates": [ 109.933192108224773, 40.020319508394756 ] } },
{ "type": "Feature", "properties": { "tang_id": 69104, "area_km2": 0.550729 }, "geometry": { "type": "Point", "coordinates": [ 109.921685639355289, 40.021727085874815 ] } },
{ "type": "Feature", "properties": { "tang_id": 69105, "area_km2": 0.12927 }, "geometry": { "type": "Point", "coordinates": [ 109.916332229144743, 40.038511857470922 ] } },
{ "type": "Feature", "properties": { "tang_id": 69106, "area_km2": 1.200786 }, "geometry": { "type": "Point", "coordinates": [ 110.148350541528103, 39.832384697925526 ] } },
{ "type": "Feature", "properties": { "tang_id": 69107, "area_km2": 2.899015 }, "geometry": { "type": "Point", "coordinates": [ 110.181153618480678, 39.846167852031201 ] } },
{ "type": "Feature", "properties": { "tang_id": 69108, "area_km2": 1.353306 }, "geometry": { "type": "Point", "coordinates": [ 110.034243020290376, 39.864910723307382 ] } },
{ "type": "Feature", "properties": { "tang_id": 69785, "area_km2": 2.478209 }, "geometry": { "type": "Point", "coordinates": [ 101.276303539832057, 42.5410708472591 ] } },
{ "type": "Feature", "properties": { "tang_id": 69786, "area_km2": 0.418521 }, "geometry": { "type": "Point", "coordinates": [ 101.295160181584805, 42.539745432113364 ] } },
{ "type": "Feature", "properties": { "tang_id": 69787, "area_km2": 0.051053 }, "geometry": { "type": "Point", "coordinates": [ 101.296777253768852, 42.524843430090208 ] } },
{ "type": "Feature", "properties": { "tang_id": 69788, "area_km2": 0.260484 }, "geometry": { "type": "Point", "coordinates": [ 101.293759090237586, 42.521418263544241 ] } },
{ "type": "Feature", "properties": { "tang_id": 69991, "area_km2": 0.265031 }, "geometry": { "type": "Point", "coordinates": [ 109.244741668474447, 41.656829088414618 ] } },
{ "type": "Feature", "properties": { "tang_id": 69992, "area_km2": 0.037626 }, "geometry": { "type": "Point", "coordinates": [ 109.169817286631513, 41.572282035973004 ] } },
{ "type": "Feature", "properties": { "tang_id": 69993, "area_km2": 0.010479 }, "geometry": { "type": "Point", "coordinates": [ 109.165521674509279, 41.573629089063523 ] } },
{ "type": "Feature", "properties": { "tang_id": 69994, "area_km2": 0.002126 }, "geometry": { "type": "Point", "coordinates": [ 109.166097145139631, 41.574209569547101 ] } },
{ "type": "Feature", "properties": { "tang_id": 69995, "area_km2": 0.002311 }, "geometry": { "type": "Point", "coordinates": [ 109.164372066973939, 41.575686918244479 ] } },
{ "type": "Feature", "properties": { "tang_id": 69996, "area_km2": 0.078107 }, "geometry": { "type": "Point", "coordinates": [ 109.174927075621355, 41.565458826185072 ] } },
{ "type": "Feature", "properties": { "tang_id": 69997, "area_km2": 0.011626 }, "geometry": { "type": "Point", "coordinates": [ 109.178327456717398, 41.563724517347495 ] } },
{ "type": "Feature", "properties": { "tang_id": 69998, "area_km2": 0.001367 }, "geometry": { "type": "Point", "coordinates": [ 109.17944470281293, 41.562902933036909 ] } },
{ "type": "Feature", "properties": { "tang_id": 69999, "area_km2": 0.009962 }, "geometry": { "type": "Point", "coordinates": [ 109.17740196913806, 41.562406818430482 ] } },
{ "type": "Feature", "properties": { "tang_id": 70191, "area_km2": 0.613596 }, "geometry": { "type": "Point", "coordinates": [ 113.074101789739302, 40.987623471465838 ] } },
{ "type": "Feature", "properties": { "tang_id": 70192, "area_km2": 0.23751 }, "geometry": { "type": "Point", "coordinates": [ 117.168522996561521, 44.111794223598899 ] } },
{ "type": "Feature", "properties": { "tang_id": 70193, "area_km2": 0.764045 }, "geometry": { "type": "Point", "coordinates": [ 117.262383961907332, 44.297111209529305 ] } },
{ "type": "Feature", "properties": { "tang_id": 70194, "area_km2": 0.536629 }, "geometry": { "type": "Point", "coordinates": [ 117.254966868163336, 44.292376920115473 ] } },
{ "type": "Feature", "properties": { "tang_id": 70195, "area_km2": 6.108079 }, "geometry": { "type": "Point", "coordinates": [ 117.246433869838171, 44.314573279478211 ] } },
{ "type": "Feature", "properties": { "tang_id": 70196, "area_km2": 0.011435 }, "geometry": { "type": "Point", "coordinates": [ 117.513675913646139, 44.517539330119263 ] } },
{ "type": "Feature", "properties": { "tang_id": 70197, "area_km2": 0.002544 }, "geometry": { "type": "Point", "coordinates": [ 117.513946134673077, 44.518719570432943 ] } },
{ "type": "Feature", "properties": { "tang_id": 70198, "area_km2": 0.004278 }, "geometry": { "type": "Point", "coordinates": [ 117.512594076247666, 44.51850609645485 ] } },
{ "type": "Feature", "properties": { "tang_id": 70199, "area_km2": 0.001502 }, "geometry": { "type": "Point", "coordinates": [ 117.514812873509001, 44.519074486918356 ] } },
{ "type": "Feature", "properties": { "tang_id": 70200, "area_km2": 1.701552 }, "geometry": { "type": "Point", "coordinates": [ 117.040913404377875, 45.27351654811239 ] } },
{ "type": "Feature", "properties": { "tang_id": 70201, "area_km2": 2.114511 }, "geometry": { "type": "Point", "coordinates": [ 117.050979862723779, 45.291347793761631 ] } },
{ "type": "Feature", "properties": { "tang_id": 70202, "area_km2": 1.849536 }, "geometry": { "type": "Point", "coordinates": [ 116.524599551978696, 45.250850521920839 ] } },
{ "type": "Feature", "properties": { "tang_id": 70203, "area_km2": 0.516254 }, "geometry": { "type": "Point", "coordinates": [ 116.493983436047458, 45.259596476699414 ] } },
{ "type": "Feature", "properties": { "tang_id": 70204, "area_km2": 0.082003 }, "geometry": { "type": "Point", "coordinates": [ 113.007989697016157, 40.960893215210753 ] } },
{ "type": "Feature", "properties": { "tang_id": 70205, "area_km2": 0.461584 }, "geometry": { "type": "Point", "coordinates": [ 113.016801543380396, 40.957940914818096 ] } },
{ "type": "Feature", "properties": { "tang_id": 70206, "area_km2": 0.168524 }, "geometry": { "type": "Point", "coordinates": [ 112.987684489808373, 41.02003148836706 ] } },
{ "type": "Feature", "properties": { "tang_id": 70207, "area_km2": 1.038647 }, "geometry": { "type": "Point", "coordinates": [ 112.980035639574893, 41.02273402662513 ] } },
{ "type": "Feature", "properties": { "tang_id": 70208, "area_km2": 0.053777 }, "geometry": { "type": "Point", "coordinates": [ 112.972241792684784, 41.015282108979648 ] } },
{ "type": "Feature", "properties": { "tang_id": 70209, "area_km2": 0.011111 }, "geometry": { "type": "Point", "coordinates": [ 112.980803243921315, 41.013309262571028 ] } },
{ "type": "Feature", "properties": { "tang_id": 70210, "area_km2": 0.015571 }, "geometry": { "type": "Point", "coordinates": [ 112.979621784248337, 41.009427149747836 ] } },
{ "type": "Feature", "properties": { "tang_id": 70211, "area_km2": 0.003445 }, "geometry": { "type": "Point", "coordinates": [ 112.979999454637039, 41.008103744985647 ] } },
{ "type": "Feature", "properties": { "tang_id": 70212, "area_km2": 0.014618 }, "geometry": { "type": "Point", "coordinates": [ 112.994657212045666, 41.013137678635808 ] } },
{ "type": "Feature", "properties": { "tang_id": 70213, "area_km2": 0.004623 }, "geometry": { "type": "Point", "coordinates": [ 112.991775993712096, 41.013643753006001 ] } },
{ "type": "Feature", "properties": { "tang_id": 70214, "area_km2": 0.121015 }, "geometry": { "type": "Point", "coordinates": [ 113.023735211729317, 41.007754777725658 ] } },
{ "type": "Feature", "properties": { "tang_id": 70215, "area_km2": 0.512667 }, "geometry": { "type": "Point", "coordinates": [ 113.265692880116276, 41.275624104785258 ] } },
{ "type": "Feature", "properties": { "tang_id": 70216, "area_km2": 0.205807 }, "geometry": { "type": "Point", "coordinates": [ 113.254533884829328, 41.287916596571179 ] } },
{ "type": "Feature", "properties": { "tang_id": 70217, "area_km2": 0.669227 }, "geometry": { "type": "Point", "coordinates": [ 113.107408857363041, 41.937225803625701 ] } },
{ "type": "Feature", "properties": { "tang_id": 70218, "area_km2": 0.152219 }, "geometry": { "type": "Point", "coordinates": [ 113.127302790631546, 41.942307943592795 ] } },
{ "type": "Feature", "properties": { "tang_id": 70219, "area_km2": 0.009897 }, "geometry": { "type": "Point", "coordinates": [ 113.12832052504092, 41.940418407421298 ] } },
{ "type": "Feature", "properties": { "tang_id": 70220, "area_km2": 0.00326 }, "geometry": { "type": "Point", "coordinates": [ 113.129235601313141, 41.939082632614301 ] } },
{ "type": "Feature", "properties": { "tang_id": 70221, "area_km2": 0.00685 }, "geometry": { "type": "Point", "coordinates": [ 113.122649146500748, 41.948024906500578 ] } },
{ "type": "Feature", "properties": { "tang_id": 70222, "area_km2": 0.013634 }, "geometry": { "type": "Point", "coordinates": [ 113.121562877168174, 41.946889716283003 ] } },
{ "type": "Feature", "properties": { "tang_id": 70223, "area_km2": 0.019917 }, "geometry": { "type": "Point", "coordinates": [ 113.121179485345024, 41.95033049500617 ] } },
{ "type": "Feature", "properties": { "tang_id": 70224, "area_km2": 0.839624 }, "geometry": { "type": "Point", "coordinates": [ 112.344012367770034, 43.725658346428688 ] } },
{ "type": "Feature", "properties": { "tang_id": 70294, "area_km2": 0.051431 }, "geometry": { "type": "Point", "coordinates": [ 113.158553795668993, 41.057440252200387 ] } },
{ "type": "Feature", "properties": { "tang_id": 70675, "area_km2": 0.142359 }, "geometry": { "type": "Point", "coordinates": [ 111.931842236870878, 42.153657350909526 ] } },
{ "type": "Feature", "properties": { "tang_id": 70676, "area_km2": 0.093037 }, "geometry": { "type": "Point", "coordinates": [ 111.945690852956176, 42.079742880364115 ] } },
{ "type": "Feature", "properties": { "tang_id": 70677, "area_km2": 0.002546 }, "geometry": { "type": "Point", "coordinates": [ 111.941985845655907, 42.079328749991653 ] } },
{ "type": "Feature", "properties": { "tang_id": 70678, "area_km2": 0.07418 }, "geometry": { "type": "Point", "coordinates": [ 112.178843736722598, 42.121366131432985 ] } },
{ "type": "Feature", "properties": { "tang_id": 70679, "area_km2": 0.016258 }, "geometry": { "type": "Point", "coordinates": [ 112.181606744667519, 42.122902061826508 ] } },
{ "type": "Feature", "properties": { "tang_id": 70680, "area_km2": 0.036826 }, "geometry": { "type": "Point", "coordinates": [ 112.181500386242234, 42.126938154876498 ] } },
{ "type": "Feature", "properties": { "tang_id": 70681, "area_km2": 0.021082 }, "geometry": { "type": "Point", "coordinates": [ 112.197526199269063, 42.129506701570648 ] } },
{ "type": "Feature", "properties": { "tang_id": 70682, "area_km2": 0.104707 }, "geometry": { "type": "Point", "coordinates": [ 112.28180105204396, 42.021558445261881 ] } },
{ "type": "Feature", "properties": { "tang_id": 70683, "area_km2": 0.002081 }, "geometry": { "type": "Point", "coordinates": [ 112.28312586359479, 42.02458754963525 ] } },
{ "type": "Feature", "properties": { "tang_id": 70685, "area_km2": 0.003697 }, "geometry": { "type": "Point", "coordinates": [ 112.280338081938339, 42.02483839413798 ] } },
{ "type": "Feature", "properties": { "tang_id": 70686, "area_km2": 0.105744 }, "geometry": { "type": "Point", "coordinates": [ 112.320997076119596, 42.013210811604857 ] } },
{ "type": "Feature", "properties": { "tang_id": 70687, "area_km2": 0.017195 }, "geometry": { "type": "Point", "coordinates": [ 112.304743264640067, 42.01243202536304 ] } },
{ "type": "Feature", "properties": { "tang_id": 70688, "area_km2": 0.527718 }, "geometry": { "type": "Point", "coordinates": [ 112.411544039329414, 41.916119224563658 ] } },
{ "type": "Feature", "properties": { "tang_id": 70689, "area_km2": 0.055403 }, "geometry": { "type": "Point", "coordinates": [ 112.418440770386297, 41.913708898639506 ] } },
{ "type": "Feature", "properties": { "tang_id": 70690, "area_km2": 0.009303 }, "geometry": { "type": "Point", "coordinates": [ 112.422436243694719, 41.918847135650203 ] } },
{ "type": "Feature", "properties": { "tang_id": 70691, "area_km2": 0.293814 }, "geometry": { "type": "Point", "coordinates": [ 113.019153854196773, 42.10547689810835 ] } },
{ "type": "Feature", "properties": { "tang_id": 70692, "area_km2": 0.053846 }, "geometry": { "type": "Point", "coordinates": [ 113.019674016379795, 42.099572012197079 ] } },
{ "type": "Feature", "properties": { "tang_id": 70693, "area_km2": 0.042551 }, "geometry": { "type": "Point", "coordinates": [ 113.010955529723489, 42.093611633090013 ] } },
{ "type": "Feature", "properties": { "tang_id": 70694, "area_km2": 0.021134 }, "geometry": { "type": "Point", "coordinates": [ 113.007234874554001, 42.092366886083695 ] } },
{ "type": "Feature", "properties": { "tang_id": 70695, "area_km2": 0.604002 }, "geometry": { "type": "Point", "coordinates": [ 114.102293389950191, 41.912220576892324 ] } },
{ "type": "Feature", "properties": { "tang_id": 70696, "area_km2": 0.019893 }, "geometry": { "type": "Point", "coordinates": [ 114.094840609801722, 41.913181834069199 ] } },
{ "type": "Feature", "properties": { "tang_id": 70697, "area_km2": 0.02973 }, "geometry": { "type": "Point", "coordinates": [ 114.112465114225216, 41.913687020439362 ] } },
{ "type": "Feature", "properties": { "tang_id": 70698, "area_km2": 0.065162 }, "geometry": { "type": "Point", "coordinates": [ 114.108269324511141, 41.9135049234009 ] } },
{ "type": "Feature", "properties": { "tang_id": 70699, "area_km2": 0.020417 }, "geometry": { "type": "Point", "coordinates": [ 114.102911727780722, 41.915818408840771 ] } },
{ "type": "Feature", "properties": { "tang_id": 70700, "area_km2": 0.191442 }, "geometry": { "type": "Point", "coordinates": [ 114.118226134252978, 41.934457685854241 ] } },
{ "type": "Feature", "properties": { "tang_id": 70701, "area_km2": 0.012047 }, "geometry": { "type": "Point", "coordinates": [ 114.110967652990553, 41.938375838416285 ] } },
{ "type": "Feature", "properties": { "tang_id": 70702, "area_km2": 0.005845 }, "geometry": { "type": "Point", "coordinates": [ 114.109655354270359, 41.936539763257663 ] } },
{ "type": "Feature", "properties": { "tang_id": 70703, "area_km2": 0.006715 }, "geometry": { "type": "Point", "coordinates": [ 114.108927528050174, 41.93538314240957 ] } },
{ "type": "Feature", "properties": { "tang_id": 70704, "area_km2": 0.025054 }, "geometry": { "type": "Point", "coordinates": [ 114.112442876197704, 41.940515779236385 ] } },
{ "type": "Feature", "properties": { "tang_id": 70705, "area_km2": 0.108546 }, "geometry": { "type": "Point", "coordinates": [ 114.092927384170693, 41.940687244813333 ] } },
{ "type": "Feature", "properties": { "tang_id": 70706, "area_km2": 0.013464 }, "geometry": { "type": "Point", "coordinates": [ 114.090166470840558, 41.940503743351378 ] } },
{ "type": "Feature", "properties": { "tang_id": 70707, "area_km2": 0.104115 }, "geometry": { "type": "Point", "coordinates": [ 114.086826693946122, 41.93580185539124 ] } },
{ "type": "Feature", "properties": { "tang_id": 70708, "area_km2": 0.001984 }, "geometry": { "type": "Point", "coordinates": [ 114.088668034878296, 41.936032170443589 ] } },
{ "type": "Feature", "properties": { "tang_id": 70709, "area_km2": 0.073481 }, "geometry": { "type": "Point", "coordinates": [ 114.072887706251336, 41.927718175173808 ] } },
{ "type": "Feature", "properties": { "tang_id": 70710, "area_km2": 0.457496 }, "geometry": { "type": "Point", "coordinates": [ 114.052811591196544, 41.912708432785159 ] } },
{ "type": "Feature", "properties": { "tang_id": 70711, "area_km2": 0.051139 }, "geometry": { "type": "Point", "coordinates": [ 114.045828970119445, 41.912674124205424 ] } },
{ "type": "Feature", "properties": { "tang_id": 70712, "area_km2": 0.026675 }, "geometry": { "type": "Point", "coordinates": [ 114.053917463978081, 41.906785253542765 ] } },
{ "type": "Feature", "properties": { "tang_id": 70713, "area_km2": 0.865734 }, "geometry": { "type": "Point", "coordinates": [ 113.012775241205347, 41.085259424725535 ] } },
{ "type": "Feature", "properties": { "tang_id": 70714, "area_km2": 3.459451 }, "geometry": { "type": "Point", "coordinates": [ 113.049733428982719, 41.084982844900324 ] } },
{ "type": "Feature", "properties": { "tang_id": 70715, "area_km2": 0.147559 }, "geometry": { "type": "Point", "coordinates": [ 112.396166128480715, 41.107361051010386 ] } },
{ "type": "Feature", "properties": { "tang_id": 70716, "area_km2": 0.042049 }, "geometry": { "type": "Point", "coordinates": [ 112.391399806475434, 41.105228291272716 ] } },
{ "type": "Feature", "properties": { "tang_id": 70717, "area_km2": 0.024572 }, "geometry": { "type": "Point", "coordinates": [ 112.39305496819469, 41.109857211265265 ] } },
{ "type": "Feature", "properties": { "tang_id": 70718, "area_km2": 0.450522 }, "geometry": { "type": "Point", "coordinates": [ 111.372735417654027, 40.189259598852999 ] } },
{ "type": "Feature", "properties": { "tang_id": 70719, "area_km2": 0.157492 }, "geometry": { "type": "Point", "coordinates": [ 111.350518480698625, 40.183975664152477 ] } },
{ "type": "Feature", "properties": { "tang_id": 70720, "area_km2": 0.130811 }, "geometry": { "type": "Point", "coordinates": [ 111.342006387673067, 40.155738127611173 ] } },
{ "type": "Feature", "properties": { "tang_id": 70721, "area_km2": 0.193891 }, "geometry": { "type": "Point", "coordinates": [ 111.345853146296506, 40.12521880562597 ] } },
{ "type": "Feature", "properties": { "tang_id": 70722, "area_km2": 0.11026 }, "geometry": { "type": "Point", "coordinates": [ 111.350666873879433, 40.121622441978396 ] } },
{ "type": "Feature", "properties": { "tang_id": 70723, "area_km2": 0.005402 }, "geometry": { "type": "Point", "coordinates": [ 111.353090325335458, 40.118486648941456 ] } },
{ "type": "Feature", "properties": { "tang_id": 70724, "area_km2": 0.008169 }, "geometry": { "type": "Point", "coordinates": [ 111.353307816573363, 40.117387329150155 ] } },
{ "type": "Feature", "properties": { "tang_id": 70725, "area_km2": 0.024384 }, "geometry": { "type": "Point", "coordinates": [ 111.358711444258475, 40.112990869507037 ] } },
{ "type": "Feature", "properties": { "tang_id": 70726, "area_km2": 0.033077 }, "geometry": { "type": "Point", "coordinates": [ 111.364175455940867, 40.106939080483819 ] } },
{ "type": "Feature", "properties": { "tang_id": 70727, "area_km2": 0.074616 }, "geometry": { "type": "Point", "coordinates": [ 111.364177374289426, 40.103211919198301 ] } },
{ "type": "Feature", "properties": { "tang_id": 70728, "area_km2": 0.028786 }, "geometry": { "type": "Point", "coordinates": [ 111.368072805856386, 40.100811286071298 ] } },
{ "type": "Feature", "properties": { "tang_id": 70729, "area_km2": 0.025213 }, "geometry": { "type": "Point", "coordinates": [ 111.364780747170485, 40.097281135498569 ] } },
{ "type": "Feature", "properties": { "tang_id": 70730, "area_km2": 0.128241 }, "geometry": { "type": "Point", "coordinates": [ 111.375657934557623, 40.098676480654561 ] } },
{ "type": "Feature", "properties": { "tang_id": 70731, "area_km2": 0.020869 }, "geometry": { "type": "Point", "coordinates": [ 111.371797423818577, 40.094518415190564 ] } },
{ "type": "Feature", "properties": { "tang_id": 70732, "area_km2": 0.011169 }, "geometry": { "type": "Point", "coordinates": [ 111.36653147331306, 40.092116819662174 ] } },
{ "type": "Feature", "properties": { "tang_id": 70733, "area_km2": 0.077892 }, "geometry": { "type": "Point", "coordinates": [ 111.404699590685112, 40.053203980838177 ] } },
{ "type": "Feature", "properties": { "tang_id": 70734, "area_km2": 0.280213 }, "geometry": { "type": "Point", "coordinates": [ 111.398795963221914, 40.055682391308729 ] } },
{ "type": "Feature", "properties": { "tang_id": 70735, "area_km2": 0.071806 }, "geometry": { "type": "Point", "coordinates": [ 111.397729341152157, 40.059105970973377 ] } },
{ "type": "Feature", "properties": { "tang_id": 70736, "area_km2": 0.021295 }, "geometry": { "type": "Point", "coordinates": [ 111.392187044176254, 40.052027521607201 ] } },
{ "type": "Feature", "properties": { "tang_id": 70737, "area_km2": 0.012441 }, "geometry": { "type": "Point", "coordinates": [ 111.399034793207932, 40.049533622211442 ] } },
{ "type": "Feature", "properties": { "tang_id": 70738, "area_km2": 0.017164 }, "geometry": { "type": "Point", "coordinates": [ 111.412110086331765, 40.038595225480648 ] } },
{ "type": "Feature", "properties": { "tang_id": 70739, "area_km2": 0.019276 }, "geometry": { "type": "Point", "coordinates": [ 111.397532561508939, 40.031016291904727 ] } },
{ "type": "Feature", "properties": { "tang_id": 70740, "area_km2": 0.05279 }, "geometry": { "type": "Point", "coordinates": [ 111.40048447434701, 40.027143953256456 ] } },
{ "type": "Feature", "properties": { "tang_id": 70741, "area_km2": 0.288131 }, "geometry": { "type": "Point", "coordinates": [ 111.395112451120852, 40.181576118685037 ] } },
{ "type": "Feature", "properties": { "tang_id": 70742, "area_km2": 0.010327 }, "geometry": { "type": "Point", "coordinates": [ 111.374859671615425, 40.083382820152067 ] } },
{ "type": "Feature", "properties": { "tang_id": 70743, "area_km2": 0.025024 }, "geometry": { "type": "Point", "coordinates": [ 111.372556532152259, 40.08287387730487 ] } },
{ "type": "Feature", "properties": { "tang_id": 70744, "area_km2": 0.049598 }, "geometry": { "type": "Point", "coordinates": [ 111.387881168729223, 40.062176076053582 ] } },
{ "type": "Feature", "properties": { "tang_id": 70745, "area_km2": 0.023174 }, "geometry": { "type": "Point", "coordinates": [ 111.386153227630004, 40.05980989842481 ] } },
{ "type": "Feature", "properties": { "tang_id": 70746, "area_km2": 0.035431 }, "geometry": { "type": "Point", "coordinates": [ 111.401086808506477, 40.030844439414025 ] } },
{ "type": "Feature", "properties": { "tang_id": 70747, "area_km2": 0.018002 }, "geometry": { "type": "Point", "coordinates": [ 111.394740819296203, 40.034980907634782 ] } },
{ "type": "Feature", "properties": { "tang_id": 70748, "area_km2": 0.036446 }, "geometry": { "type": "Point", "coordinates": [ 111.391337291053659, 40.035694791069439 ] } },
{ "type": "Feature", "properties": { "tang_id": 70749, "area_km2": 0.050387 }, "geometry": { "type": "Point", "coordinates": [ 111.387602795823568, 40.032700314468705 ] } },
{ "type": "Feature", "properties": { "tang_id": 70750, "area_km2": 0.016275 }, "geometry": { "type": "Point", "coordinates": [ 111.382504894563709, 40.070410193131877 ] } },
{ "type": "Feature", "properties": { "tang_id": 70751, "area_km2": 0.034688 }, "geometry": { "type": "Point", "coordinates": [ 111.342053315630807, 40.177741346916747 ] } },
{ "type": "Feature", "properties": { "tang_id": 70752, "area_km2": 0.006145 }, "geometry": { "type": "Point", "coordinates": [ 111.337340511742795, 40.181276110322294 ] } },
{ "type": "Feature", "properties": { "tang_id": 70753, "area_km2": 0.003286 }, "geometry": { "type": "Point", "coordinates": [ 111.336823217682962, 40.182101243659758 ] } },
{ "type": "Feature", "properties": { "tang_id": 70754, "area_km2": 0.035249 }, "geometry": { "type": "Point", "coordinates": [ 111.333725556253398, 40.181924386280649 ] } },
{ "type": "Feature", "properties": { "tang_id": 70755, "area_km2": 0.279843 }, "geometry": { "type": "Point", "coordinates": [ 111.331425339616999, 40.179118899199409 ] } },
{ "type": "Feature", "properties": { "tang_id": 70756, "area_km2": 0.085744 }, "geometry": { "type": "Point", "coordinates": [ 111.362310176428707, 40.188251194896239 ] } },
{ "type": "Feature", "properties": { "tang_id": 70757, "area_km2": 0.017239 }, "geometry": { "type": "Point", "coordinates": [ 111.364557934310199, 40.099421080088923 ] } },
{ "type": "Feature", "properties": { "tang_id": 70758, "area_km2": 0.02846 }, "geometry": { "type": "Point", "coordinates": [ 111.339986802602468, 40.161024899887359 ] } },
{ "type": "Feature", "properties": { "tang_id": 70759, "area_km2": 0.10768 }, "geometry": { "type": "Point", "coordinates": [ 111.342035162668012, 40.165233338875758 ] } },
{ "type": "Feature", "properties": { "tang_id": 71105, "area_km2": 0.017869 }, "geometry": { "type": "Point", "coordinates": [ 110.318782788149193, 40.652047870551336 ] } },
{ "type": "Feature", "properties": { "tang_id": 71106, "area_km2": 0.114599 }, "geometry": { "type": "Point", "coordinates": [ 110.101506211734701, 41.876112805545596 ] } },
{ "type": "Feature", "properties": { "tang_id": 71107, "area_km2": 0.248704 }, "geometry": { "type": "Point", "coordinates": [ 110.113915092185522, 41.890948363114205 ] } },
{ "type": "Feature", "properties": { "tang_id": 71108, "area_km2": 0.122486 }, "geometry": { "type": "Point", "coordinates": [ 110.108769029203899, 41.888200039757066 ] } },
{ "type": "Feature", "properties": { "tang_id": 71109, "area_km2": 0.012089 }, "geometry": { "type": "Point", "coordinates": [ 110.1110306299841, 41.885406252052107 ] } },
{ "type": "Feature", "properties": { "tang_id": 71110, "area_km2": 0.005301 }, "geometry": { "type": "Point", "coordinates": [ 110.112469702507923, 41.885017257017161 ] } },
{ "type": "Feature", "properties": { "tang_id": 71111, "area_km2": 0.024656 }, "geometry": { "type": "Point", "coordinates": [ 110.103979689166962, 41.887008239084949 ] } },
{ "type": "Feature", "properties": { "tang_id": 71112, "area_km2": 0.081753 }, "geometry": { "type": "Point", "coordinates": [ 110.114427427749717, 41.894641105174308 ] } },
{ "type": "Feature", "properties": { "tang_id": 71113, "area_km2": 0.053149 }, "geometry": { "type": "Point", "coordinates": [ 110.124061060452831, 41.900240153949873 ] } },
{ "type": "Feature", "properties": { "tang_id": 71235, "area_km2": 0.16662 }, "geometry": { "type": "Point", "coordinates": [ 110.352645268144826, 40.649363172245316 ] } },
{ "type": "Feature", "properties": { "tang_id": 71236, "area_km2": 0.031725 }, "geometry": { "type": "Point", "coordinates": [ 110.326647232109082, 40.652929671900907 ] } },
{ "type": "Feature", "properties": { "tang_id": 71237, "area_km2": 0.059768 }, "geometry": { "type": "Point", "coordinates": [ 110.323340937583865, 40.651859324573415 ] } },
{ "type": "Feature", "properties": { "tang_id": 71238, "area_km2": 0.024711 }, "geometry": { "type": "Point", "coordinates": [ 110.318720487133746, 40.653891068863452 ] } },
{ "type": "Feature", "properties": { "tang_id": 71239, "area_km2": 0.017869 }, "geometry": { "type": "Point", "coordinates": [ 110.318782788149193, 40.652047870551336 ] } },
{ "type": "Feature", "properties": { "tang_id": 71240, "area_km2": 0.022099 }, "geometry": { "type": "Point", "coordinates": [ 110.317987295018426, 40.65045390998872 ] } },
{ "type": "Feature", "properties": { "tang_id": 71241, "area_km2": 0.011679 }, "geometry": { "type": "Point", "coordinates": [ 110.314649155497548, 40.650591013068251 ] } },
{ "type": "Feature", "properties": { "tang_id": 71242, "area_km2": 0.01088 }, "geometry": { "type": "Point", "coordinates": [ 110.312198016274039, 40.651308289145724 ] } },
{ "type": "Feature", "properties": { "tang_id": 71243, "area_km2": 0.00787 }, "geometry": { "type": "Point", "coordinates": [ 110.311073211221881, 40.650615805425673 ] } },
{ "type": "Feature", "properties": { "tang_id": 71244, "area_km2": 0.100963 }, "geometry": { "type": "Point", "coordinates": [ 110.30387345273742, 40.655150577757851 ] } },
{ "type": "Feature", "properties": { "tang_id": 71245, "area_km2": 0.152091 }, "geometry": { "type": "Point", "coordinates": [ 110.295672055389275, 40.653371030450558 ] } },
{ "type": "Feature", "properties": { "tang_id": 71246, "area_km2": 0.004429 }, "geometry": { "type": "Point", "coordinates": [ 110.303609172084947, 40.649980065635425 ] } },
{ "type": "Feature", "properties": { "tang_id": 71247, "area_km2": 0.001701 }, "geometry": { "type": "Point", "coordinates": [ 110.304091653284658, 40.650738390975981 ] } },
{ "type": "Feature", "properties": { "tang_id": 71248, "area_km2": 0.003676 }, "geometry": { "type": "Point", "coordinates": [ 110.302881736700911, 40.65123340428319 ] } },
{ "type": "Feature", "properties": { "tang_id": 71249, "area_km2": 0.002548 }, "geometry": { "type": "Point", "coordinates": [ 110.285857469903121, 40.650616599761229 ] } },
{ "type": "Feature", "properties": { "tang_id": 71250, "area_km2": 0.005043 }, "geometry": { "type": "Point", "coordinates": [ 110.284843065452975, 40.650473449146901 ] } },
{ "type": "Feature", "properties": { "tang_id": 71251, "area_km2": 0.026089 }, "geometry": { "type": "Point", "coordinates": [ 110.282855184372593, 40.648580875244853 ] } },
{ "type": "Feature", "properties": { "tang_id": 71252, "area_km2": 0.007626 }, "geometry": { "type": "Point", "coordinates": [ 110.272314736340917, 40.648423169419978 ] } },
{ "type": "Feature", "properties": { "tang_id": 71253, "area_km2": 0.009544 }, "geometry": { "type": "Point", "coordinates": [ 110.270161524383965, 40.6488292679837 ] } },
{ "type": "Feature", "properties": { "tang_id": 71254, "area_km2": 0.005399 }, "geometry": { "type": "Point", "coordinates": [ 110.268081418481373, 40.64958898187254 ] } },
{ "type": "Feature", "properties": { "tang_id": 71255, "area_km2": 0.008314 }, "geometry": { "type": "Point", "coordinates": [ 110.269253396911125, 40.650052012000479 ] } },
{ "type": "Feature", "properties": { "tang_id": 71256, "area_km2": 0.002417 }, "geometry": { "type": "Point", "coordinates": [ 110.267391436557972, 40.650554191497868 ] } },
{ "type": "Feature", "properties": { "tang_id": 71257, "area_km2": 0.268736 }, "geometry": { "type": "Point", "coordinates": [ 110.263395544464188, 40.654988561025085 ] } },
{ "type": "Feature", "properties": { "tang_id": 71258, "area_km2": 0.004164 }, "geometry": { "type": "Point", "coordinates": [ 110.272535534403602, 40.652673550323655 ] } },
{ "type": "Feature", "properties": { "tang_id": 71259, "area_km2": 0.006097 }, "geometry": { "type": "Point", "coordinates": [ 110.270923327710832, 40.652916820166752 ] } },
{ "type": "Feature", "properties": { "tang_id": 71260, "area_km2": 0.013238 }, "geometry": { "type": "Point", "coordinates": [ 110.272014960470457, 40.654133836394394 ] } },
{ "type": "Feature", "properties": { "tang_id": 71261, "area_km2": 0.079755 }, "geometry": { "type": "Point", "coordinates": [ 110.268745884855164, 40.65536478540804 ] } },
{ "type": "Feature", "properties": { "tang_id": 71262, "area_km2": 0.189256 }, "geometry": { "type": "Point", "coordinates": [ 110.258491654220023, 40.651843303580783 ] } },
{ "type": "Feature", "properties": { "tang_id": 71263, "area_km2": 0.077037 }, "geometry": { "type": "Point", "coordinates": [ 110.248697203109231, 40.653843977465627 ] } },
{ "type": "Feature", "properties": { "tang_id": 71264, "area_km2": 0.008017 }, "geometry": { "type": "Point", "coordinates": [ 110.252443269986301, 40.655888065110702 ] } },
{ "type": "Feature", "properties": { "tang_id": 71265, "area_km2": 0.007131 }, "geometry": { "type": "Point", "coordinates": [ 110.252582055905535, 40.656956721934982 ] } },
{ "type": "Feature", "properties": { "tang_id": 71266, "area_km2": 0.00437 }, "geometry": { "type": "Point", "coordinates": [ 110.253637085760488, 40.657580837029599 ] } },
{ "type": "Feature", "properties": { "tang_id": 71267, "area_km2": 0.007188 }, "geometry": { "type": "Point", "coordinates": [ 110.251320954779445, 40.657849088931506 ] } },
{ "type": "Feature", "properties": { "tang_id": 71268, "area_km2": 0.003418 }, "geometry": { "type": "Point", "coordinates": [ 110.244667958548916, 40.655145623499457 ] } },
{ "type": "Feature", "properties": { "tang_id": 71269, "area_km2": 0.008311 }, "geometry": { "type": "Point", "coordinates": [ 110.244632908680416, 40.653535183922472 ] } },
{ "type": "Feature", "properties": { "tang_id": 71270, "area_km2": 0.00634 }, "geometry": { "type": "Point", "coordinates": [ 110.242437517545653, 40.654264881536875 ] } },
{ "type": "Feature", "properties": { "tang_id": 71271, "area_km2": 0.002935 }, "geometry": { "type": "Point", "coordinates": [ 110.24033730183865, 40.653255099791508 ] } },
{ "type": "Feature", "properties": { "tang_id": 71272, "area_km2": 0.036288 }, "geometry": { "type": "Point", "coordinates": [ 110.237591556714676, 40.654977397464926 ] } },
{ "type": "Feature", "properties": { "tang_id": 71273, "area_km2": 0.049297 }, "geometry": { "type": "Point", "coordinates": [ 110.233134664900675, 40.656412107821247 ] } },
{ "type": "Feature", "properties": { "tang_id": 71274, "area_km2": 0.011649 }, "geometry": { "type": "Point", "coordinates": [ 110.23721746328512, 40.659108360122374 ] } },
{ "type": "Feature", "properties": { "tang_id": 71276, "area_km2": 0.003002 }, "geometry": { "type": "Point", "coordinates": [ 110.231591314315295, 40.660425394255547 ] } },
{ "type": "Feature", "properties": { "tang_id": 71277, "area_km2": 0.003723 }, "geometry": { "type": "Point", "coordinates": [ 110.22923603834667, 40.658426123305063 ] } },
{ "type": "Feature", "properties": { "tang_id": 71278, "area_km2": 0.044951 }, "geometry": { "type": "Point", "coordinates": [ 110.22694754731252, 40.659061707306741 ] } },
{ "type": "Feature", "properties": { "tang_id": 71279, "area_km2": 0.022035 }, "geometry": { "type": "Point", "coordinates": [ 110.222103656361568, 40.660024140041692 ] } },
{ "type": "Feature", "properties": { "tang_id": 71280, "area_km2": 0.004046 }, "geometry": { "type": "Point", "coordinates": [ 110.222026673404841, 40.661584570359388 ] } },
{ "type": "Feature", "properties": { "tang_id": 71281, "area_km2": 0.001262 }, "geometry": { "type": "Point", "coordinates": [ 110.221469588264256, 40.662038913888374 ] } },
{ "type": "Feature", "properties": { "tang_id": 71282, "area_km2": 0.657736 }, "geometry": { "type": "Point", "coordinates": [ 110.277935254949284, 40.631611975543223 ] } },
{ "type": "Feature", "properties": { "tang_id": 71283, "area_km2": 0.050012 }, "geometry": { "type": "Point", "coordinates": [ 110.26231465114887, 40.632320384350137 ] } },
{ "type": "Feature", "properties": { "tang_id": 71284, "area_km2": 1.474696 }, "geometry": { "type": "Point", "coordinates": [ 110.23832990288615, 40.629272943550298 ] } },
{ "type": "Feature", "properties": { "tang_id": 71285, "area_km2": 0.156294 }, "geometry": { "type": "Point", "coordinates": [ 110.278930059459938, 40.595896547367367 ] } },
{ "type": "Feature", "properties": { "tang_id": 71286, "area_km2": 0.057459 }, "geometry": { "type": "Point", "coordinates": [ 110.286663296746767, 40.596333489174782 ] } },
{ "type": "Feature", "properties": { "tang_id": 71287, "area_km2": 0.019298 }, "geometry": { "type": "Point", "coordinates": [ 110.28529105747495, 40.598314055046181 ] } },
{ "type": "Feature", "properties": { "tang_id": 71288, "area_km2": 0.042738 }, "geometry": { "type": "Point", "coordinates": [ 110.275519984345053, 40.598738389383712 ] } },
{ "type": "Feature", "properties": { "tang_id": 71289, "area_km2": 0.00478 }, "geometry": { "type": "Point", "coordinates": [ 110.285748485075274, 40.600717371871767 ] } },
{ "type": "Feature", "properties": { "tang_id": 71290, "area_km2": 0.303669 }, "geometry": { "type": "Point", "coordinates": [ 110.289096044678431, 40.692422940980258 ] } },
{ "type": "Feature", "properties": { "tang_id": 71291, "area_km2": 0.039144 }, "geometry": { "type": "Point", "coordinates": [ 110.283616465652386, 40.681608026798912 ] } },
{ "type": "Feature", "properties": { "tang_id": 71292, "area_km2": 0.008259 }, "geometry": { "type": "Point", "coordinates": [ 110.28391065198214, 40.679730345929812 ] } },
{ "type": "Feature", "properties": { "tang_id": 71293, "area_km2": 0.011189 }, "geometry": { "type": "Point", "coordinates": [ 110.280374019183981, 40.678742234837529 ] } },
{ "type": "Feature", "properties": { "tang_id": 71294, "area_km2": 0.004044 }, "geometry": { "type": "Point", "coordinates": [ 110.276257745965566, 40.675959842593976 ] } },
{ "type": "Feature", "properties": { "tang_id": 71296, "area_km2": 0.013211 }, "geometry": { "type": "Point", "coordinates": [ 110.273515099347051, 40.676219060610492 ] } },
{ "type": "Feature", "properties": { "tang_id": 71297, "area_km2": 0.014692 }, "geometry": { "type": "Point", "coordinates": [ 110.271465640624569, 40.669379271923603 ] } },
{ "type": "Feature", "properties": { "tang_id": 71298, "area_km2": 0.017807 }, "geometry": { "type": "Point", "coordinates": [ 110.274309550529765, 40.681492792974339 ] } },
{ "type": "Feature", "properties": { "tang_id": 71299, "area_km2": 0.032337 }, "geometry": { "type": "Point", "coordinates": [ 110.270240540093837, 40.689349164093436 ] } },
{ "type": "Feature", "properties": { "tang_id": 71300, "area_km2": 0.034185 }, "geometry": { "type": "Point", "coordinates": [ 110.264547110863973, 40.685214454587332 ] } },
{ "type": "Feature", "properties": { "tang_id": 71302, "area_km2": 0.002313 }, "geometry": { "type": "Point", "coordinates": [ 110.268364639538575, 40.684772337602652 ] } },
{ "type": "Feature", "properties": { "tang_id": 71303, "area_km2": 0.002602 }, "geometry": { "type": "Point", "coordinates": [ 110.271592757725401, 40.68339071329698 ] } },
{ "type": "Feature", "properties": { "tang_id": 71304, "area_km2": 0.013989 }, "geometry": { "type": "Point", "coordinates": [ 110.270304945039456, 40.684051485262614 ] } },
{ "type": "Feature", "properties": { "tang_id": 71305, "area_km2": 0.006357 }, "geometry": { "type": "Point", "coordinates": [ 110.267572085518296, 40.680939837025328 ] } },
{ "type": "Feature", "properties": { "tang_id": 71306, "area_km2": 0.058015 }, "geometry": { "type": "Point", "coordinates": [ 110.302496540607109, 40.687010557654531 ] } },
{ "type": "Feature", "properties": { "tang_id": 71307, "area_km2": 0.02163 }, "geometry": { "type": "Point", "coordinates": [ 110.313372473621726, 40.689786890970666 ] } },
{ "type": "Feature", "properties": { "tang_id": 71308, "area_km2": 0.044179 }, "geometry": { "type": "Point", "coordinates": [ 110.325265632799514, 40.692514348918337 ] } },
{ "type": "Feature", "properties": { "tang_id": 71309, "area_km2": 0.040092 }, "geometry": { "type": "Point", "coordinates": [ 110.268754366150304, 40.733957212182318 ] } },
{ "type": "Feature", "properties": { "tang_id": 71310, "area_km2": 1.295848 }, "geometry": { "type": "Point", "coordinates": [ 110.128793796913016, 40.686576021809174 ] } },
{ "type": "Feature", "properties": { "tang_id": 71311, "area_km2": 0.015243 }, "geometry": { "type": "Point", "coordinates": [ 110.115383210204186, 40.688570485947906 ] } },
{ "type": "Feature", "properties": { "tang_id": 71312, "area_km2": 0.195753 }, "geometry": { "type": "Point", "coordinates": [ 110.122801623369384, 40.674146192790893 ] } },
{ "type": "Feature", "properties": { "tang_id": 71313, "area_km2": 0.185192 }, "geometry": { "type": "Point", "coordinates": [ 110.169830504087187, 40.695706093215463 ] } },
{ "type": "Feature", "properties": { "tang_id": 71314, "area_km2": 0.04198 }, "geometry": { "type": "Point", "coordinates": [ 110.164933310114705, 40.696413808880337 ] } },
{ "type": "Feature", "properties": { "tang_id": 71315, "area_km2": 0.039943 }, "geometry": { "type": "Point", "coordinates": [ 110.156919872787086, 40.697565462427875 ] } },
{ "type": "Feature", "properties": { "tang_id": 71316, "area_km2": 0.009904 }, "geometry": { "type": "Point", "coordinates": [ 110.157881424550567, 40.699411048869372 ] } },
{ "type": "Feature", "properties": { "tang_id": 71317, "area_km2": 0.019099 }, "geometry": { "type": "Point", "coordinates": [ 110.136200317958483, 40.703057620859084 ] } },
{ "type": "Feature", "properties": { "tang_id": 71318, "area_km2": 0.019233 }, "geometry": { "type": "Point", "coordinates": [ 110.132429828867274, 40.702456483685197 ] } },
{ "type": "Feature", "properties": { "tang_id": 71319, "area_km2": 0.06514 }, "geometry": { "type": "Point", "coordinates": [ 110.130121245188136, 40.704147536908515 ] } },
{ "type": "Feature", "properties": { "tang_id": 71320, "area_km2": 0.077638 }, "geometry": { "type": "Point", "coordinates": [ 110.126760566206784, 40.707244246400066 ] } },
{ "type": "Feature", "properties": { "tang_id": 71321, "area_km2": 0.01 }, "geometry": { "type": "Point", "coordinates": [ 110.135096038406331, 40.707196756649282 ] } },
{ "type": "Feature", "properties": { "tang_id": 71322, "area_km2": 0.004873 }, "geometry": { "type": "Point", "coordinates": [ 110.133638643584717, 40.707062873942085 ] } },
{ "type": "Feature", "properties": { "tang_id": 71323, "area_km2": 0.006198 }, "geometry": { "type": "Point", "coordinates": [ 110.137545576848126, 40.705535494605094 ] } },
{ "type": "Feature", "properties": { "tang_id": 71324, "area_km2": 0.007412 }, "geometry": { "type": "Point", "coordinates": [ 110.13658914438787, 40.706406056556396 ] } },
{ "type": "Feature", "properties": { "tang_id": 71325, "area_km2": 0.408084 }, "geometry": { "type": "Point", "coordinates": [ 110.115309572178063, 40.702581123748296 ] } },
{ "type": "Feature", "properties": { "tang_id": 71326, "area_km2": 0.045566 }, "geometry": { "type": "Point", "coordinates": [ 110.106731841201849, 40.701559477411045 ] } },
{ "type": "Feature", "properties": { "tang_id": 71327, "area_km2": 0.001587 }, "geometry": { "type": "Point", "coordinates": [ 110.104800595364068, 40.703671685893795 ] } },
{ "type": "Feature", "properties": { "tang_id": 71328, "area_km2": 0.063439 }, "geometry": { "type": "Point", "coordinates": [ 110.104169868423156, 40.697553779773941 ] } },
{ "type": "Feature", "properties": { "tang_id": 71329, "area_km2": 0.032721 }, "geometry": { "type": "Point", "coordinates": [ 110.106382352816567, 40.695292325785253 ] } },
{ "type": "Feature", "properties": { "tang_id": 71330, "area_km2": 0.009424 }, "geometry": { "type": "Point", "coordinates": [ 110.105617190601961, 40.691545881891962 ] } },
{ "type": "Feature", "properties": { "tang_id": 71331, "area_km2": 0.021818 }, "geometry": { "type": "Point", "coordinates": [ 110.095912964993914, 40.695010296072851 ] } },
{ "type": "Feature", "properties": { "tang_id": 71332, "area_km2": 0.004683 }, "geometry": { "type": "Point", "coordinates": [ 110.096574464296936, 40.697108881538917 ] } },
{ "type": "Feature", "properties": { "tang_id": 71333, "area_km2": 0.008697 }, "geometry": { "type": "Point", "coordinates": [ 110.097579958053643, 40.698839095128328 ] } },
{ "type": "Feature", "properties": { "tang_id": 71334, "area_km2": 0.016106 }, "geometry": { "type": "Point", "coordinates": [ 110.089085923638649, 40.703647610272554 ] } },
{ "type": "Feature", "properties": { "tang_id": 71335, "area_km2": 0.009407 }, "geometry": { "type": "Point", "coordinates": [ 110.089169873714411, 40.701068311914923 ] } },
{ "type": "Feature", "properties": { "tang_id": 71336, "area_km2": 1.640216 }, "geometry": { "type": "Point", "coordinates": [ 109.863714459397443, 40.558953854761995 ] } },
{ "type": "Feature", "properties": { "tang_id": 71337, "area_km2": 0.392886 }, "geometry": { "type": "Point", "coordinates": [ 110.632763088921919, 40.735686894925529 ] } },
{ "type": "Feature", "properties": { "tang_id": 71338, "area_km2": 0.349706 }, "geometry": { "type": "Point", "coordinates": [ 110.623624868052886, 40.737791374030635 ] } },
{ "type": "Feature", "properties": { "tang_id": 71339, "area_km2": 0.365307 }, "geometry": { "type": "Point", "coordinates": [ 110.644004418526933, 40.735980889596732 ] } },
{ "type": "Feature", "properties": { "tang_id": 71340, "area_km2": 0.01214 }, "geometry": { "type": "Point", "coordinates": [ 110.646281112379597, 40.729917971312993 ] } },
{ "type": "Feature", "properties": { "tang_id": 71341, "area_km2": 0.576119 }, "geometry": { "type": "Point", "coordinates": [ 110.524622135100671, 40.713488830131531 ] } },
{ "type": "Feature", "properties": { "tang_id": 71342, "area_km2": 0.532185 }, "geometry": { "type": "Point", "coordinates": [ 110.511975299275562, 40.714520873745805 ] } },
{ "type": "Feature", "properties": { "tang_id": 71343, "area_km2": 0.149642 }, "geometry": { "type": "Point", "coordinates": [ 110.506311687532005, 40.708784780480222 ] } },
{ "type": "Feature", "properties": { "tang_id": 71344, "area_km2": 0.006589 }, "geometry": { "type": "Point", "coordinates": [ 110.50142571421101, 40.709057428390366 ] } },
{ "type": "Feature", "properties": { "tang_id": 71345, "area_km2": 0.011784 }, "geometry": { "type": "Point", "coordinates": [ 110.531510897428419, 40.72124513413273 ] } },
{ "type": "Feature", "properties": { "tang_id": 71346, "area_km2": 0.013457 }, "geometry": { "type": "Point", "coordinates": [ 110.530092571073908, 40.719305152371042 ] } },
{ "type": "Feature", "properties": { "tang_id": 71347, "area_km2": 0.161274 }, "geometry": { "type": "Point", "coordinates": [ 110.535326758344596, 40.709463237589581 ] } },
{ "type": "Feature", "properties": { "tang_id": 71348, "area_km2": 0.058681 }, "geometry": { "type": "Point", "coordinates": [ 110.53045264671718, 40.707825971515483 ] } },
{ "type": "Feature", "properties": { "tang_id": 71349, "area_km2": 0.034577 }, "geometry": { "type": "Point", "coordinates": [ 110.526019083182803, 40.706767498563096 ] } },
{ "type": "Feature", "properties": { "tang_id": 71350, "area_km2": 1.269606 }, "geometry": { "type": "Point", "coordinates": [ 110.552263996236178, 40.713413107746881 ] } },
{ "type": "Feature", "properties": { "tang_id": 71351, "area_km2": 29.198029 }, "geometry": { "type": "Point", "coordinates": [ 110.534986786727004, 40.68065415974327 ] } },
{ "type": "Feature", "properties": { "tang_id": 71352, "area_km2": 0.187674 }, "geometry": { "type": "Point", "coordinates": [ 110.484278889151398, 40.671176006828404 ] } },
{ "type": "Feature", "properties": { "tang_id": 71353, "area_km2": 0.566622 }, "geometry": { "type": "Point", "coordinates": [ 110.48307743764471, 40.648208744842734 ] } },
{ "type": "Feature", "properties": { "tang_id": 71354, "area_km2": 0.081486 }, "geometry": { "type": "Point", "coordinates": [ 110.559498763436977, 40.66041949093578 ] } },
{ "type": "Feature", "properties": { "tang_id": 71355, "area_km2": 0.050814 }, "geometry": { "type": "Point", "coordinates": [ 110.565135862329953, 40.654950107033393 ] } },
{ "type": "Feature", "properties": { "tang_id": 71356, "area_km2": 0.195644 }, "geometry": { "type": "Point", "coordinates": [ 110.621505519191601, 40.687915710206696 ] } },
{ "type": "Feature", "properties": { "tang_id": 71357, "area_km2": 0.514771 }, "geometry": { "type": "Point", "coordinates": [ 110.509841650187411, 40.703484747832185 ] } },
{ "type": "Feature", "properties": { "tang_id": 71358, "area_km2": 0.215539 }, "geometry": { "type": "Point", "coordinates": [ 110.496544777769856, 40.696258087145125 ] } },
{ "type": "Feature", "properties": { "tang_id": 71359, "area_km2": 0.037323 }, "geometry": { "type": "Point", "coordinates": [ 110.489383508298928, 40.691601451977071 ] } },
{ "type": "Feature", "properties": { "tang_id": 71360, "area_km2": 0.212478 }, "geometry": { "type": "Point", "coordinates": [ 110.485654254773351, 40.685812834018847 ] } },
{ "type": "Feature", "properties": { "tang_id": 71361, "area_km2": 0.147494 }, "geometry": { "type": "Point", "coordinates": [ 110.29359366084428, 40.635612877688644 ] } },
{ "type": "Feature", "properties": { "tang_id": 71362, "area_km2": 0.359359 }, "geometry": { "type": "Point", "coordinates": [ 110.629682374582018, 40.545040298091905 ] } },
{ "type": "Feature", "properties": { "tang_id": 71363, "area_km2": 0.252761 }, "geometry": { "type": "Point", "coordinates": [ 110.94690384186859, 41.10121951257927 ] } },
{ "type": "Feature", "properties": { "tang_id": 71364, "area_km2": 0.159107 }, "geometry": { "type": "Point", "coordinates": [ 110.954375424230875, 41.105273613079028 ] } },
{ "type": "Feature", "properties": { "tang_id": 71365, "area_km2": 2.193566 }, "geometry": { "type": "Point", "coordinates": [ 110.930202739278016, 41.113865651215129 ] } },
{ "type": "Feature", "properties": { "tang_id": 71366, "area_km2": 0.055489 }, "geometry": { "type": "Point", "coordinates": [ 110.923499301578673, 41.111104050830789 ] } },
{ "type": "Feature", "properties": { "tang_id": 71367, "area_km2": 0.034273 }, "geometry": { "type": "Point", "coordinates": [ 110.910031867147978, 41.108298302590022 ] } },
{ "type": "Feature", "properties": { "tang_id": 71368, "area_km2": 0.031607 }, "geometry": { "type": "Point", "coordinates": [ 110.911044919606738, 41.105659919455739 ] } },
{ "type": "Feature", "properties": { "tang_id": 71369, "area_km2": 0.136983 }, "geometry": { "type": "Point", "coordinates": [ 110.673333741012414, 41.331729878628273 ] } },
{ "type": "Feature", "properties": { "tang_id": 71370, "area_km2": 0.018414 }, "geometry": { "type": "Point", "coordinates": [ 110.667266605479426, 41.331031924321557 ] } },
{ "type": "Feature", "properties": { "tang_id": 71371, "area_km2": 0.172152 }, "geometry": { "type": "Point", "coordinates": [ 110.713676775076237, 41.34909539185081 ] } },
{ "type": "Feature", "properties": { "tang_id": 71372, "area_km2": 0.006644 }, "geometry": { "type": "Point", "coordinates": [ 110.716562218791154, 41.347433855975837 ] } },
{ "type": "Feature", "properties": { "tang_id": 71373, "area_km2": 0.03398 }, "geometry": { "type": "Point", "coordinates": [ 110.710054253360042, 41.354092113411006 ] } },
{ "type": "Feature", "properties": { "tang_id": 71374, "area_km2": 0.10353 }, "geometry": { "type": "Point", "coordinates": [ 110.707743549466215, 41.36075259960765 ] } },
{ "type": "Feature", "properties": { "tang_id": 71375, "area_km2": 0.037005 }, "geometry": { "type": "Point", "coordinates": [ 110.714803479996746, 41.358493816150457 ] } },
{ "type": "Feature", "properties": { "tang_id": 71376, "area_km2": 0.014682 }, "geometry": { "type": "Point", "coordinates": [ 110.700065923894527, 41.353103390399504 ] } },
{ "type": "Feature", "properties": { "tang_id": 71377, "area_km2": 0.075143 }, "geometry": { "type": "Point", "coordinates": [ 110.700535796829442, 41.370592786424289 ] } },
{ "type": "Feature", "properties": { "tang_id": 71378, "area_km2": 0.018546 }, "geometry": { "type": "Point", "coordinates": [ 110.746695611482181, 41.33426983883637 ] } },
{ "type": "Feature", "properties": { "tang_id": 71379, "area_km2": 0.020642 }, "geometry": { "type": "Point", "coordinates": [ 110.743962321897456, 41.332660560568961 ] } },
{ "type": "Feature", "properties": { "tang_id": 71380, "area_km2": 0.809996 }, "geometry": { "type": "Point", "coordinates": [ 110.772641077082497, 41.336909812182107 ] } },
{ "type": "Feature", "properties": { "tang_id": 71381, "area_km2": 0.097054 }, "geometry": { "type": "Point", "coordinates": [ 110.777965964153793, 41.333222362453697 ] } },
{ "type": "Feature", "properties": { "tang_id": 71382, "area_km2": 0.194078 }, "geometry": { "type": "Point", "coordinates": [ 110.788790355742364, 41.334582852972773 ] } },
{ "type": "Feature", "properties": { "tang_id": 71383, "area_km2": 0.284717 }, "geometry": { "type": "Point", "coordinates": [ 110.800915069629028, 41.337972675868762 ] } },
{ "type": "Feature", "properties": { "tang_id": 71384, "area_km2": 0.152032 }, "geometry": { "type": "Point", "coordinates": [ 110.782270591151089, 41.323695348325693 ] } },
{ "type": "Feature", "properties": { "tang_id": 71385, "area_km2": 0.867007 }, "geometry": { "type": "Point", "coordinates": [ 110.815760832108623, 41.297913319457884 ] } },
{ "type": "Feature", "properties": { "tang_id": 71386, "area_km2": 0.048214 }, "geometry": { "type": "Point", "coordinates": [ 110.787368614360204, 41.299262712613803 ] } },
{ "type": "Feature", "properties": { "tang_id": 71387, "area_km2": 0.197681 }, "geometry": { "type": "Point", "coordinates": [ 110.777584747380274, 41.30134580189096 ] } },
{ "type": "Feature", "properties": { "tang_id": 71388, "area_km2": 0.018735 }, "geometry": { "type": "Point", "coordinates": [ 110.752593682862837, 41.304903893936768 ] } },
{ "type": "Feature", "properties": { "tang_id": 71389, "area_km2": 0.009363 }, "geometry": { "type": "Point", "coordinates": [ 110.756005378743168, 41.305987248574681 ] } },
{ "type": "Feature", "properties": { "tang_id": 71390, "area_km2": 0.021252 }, "geometry": { "type": "Point", "coordinates": [ 110.750982950736557, 41.306901431517581 ] } },
{ "type": "Feature", "properties": { "tang_id": 71391, "area_km2": 0.015921 }, "geometry": { "type": "Point", "coordinates": [ 110.74484846240675, 41.305522211117371 ] } },
{ "type": "Feature", "properties": { "tang_id": 71392, "area_km2": 0.002569 }, "geometry": { "type": "Point", "coordinates": [ 110.742819759232816, 41.305859434119363 ] } },
{ "type": "Feature", "properties": { "tang_id": 71393, "area_km2": 0.01288 }, "geometry": { "type": "Point", "coordinates": [ 110.745858279686118, 41.304537532703975 ] } },
{ "type": "Feature", "properties": { "tang_id": 71395, "area_km2": 0.022304 }, "geometry": { "type": "Point", "coordinates": [ 110.865791682062124, 41.310933450851735 ] } },
{ "type": "Feature", "properties": { "tang_id": 71396, "area_km2": 0.006241 }, "geometry": { "type": "Point", "coordinates": [ 110.867334767690977, 41.310326983018918 ] } },
{ "type": "Feature", "properties": { "tang_id": 71398, "area_km2": 0.020366 }, "geometry": { "type": "Point", "coordinates": [ 110.857376410617988, 41.31116003344772 ] } },
{ "type": "Feature", "properties": { "tang_id": 71399, "area_km2": 0.044328 }, "geometry": { "type": "Point", "coordinates": [ 110.86914188507788, 41.308749243779801 ] } },
{ "type": "Feature", "properties": { "tang_id": 71400, "area_km2": 0.04602 }, "geometry": { "type": "Point", "coordinates": [ 110.88608202820194, 41.291831245296144 ] } },
{ "type": "Feature", "properties": { "tang_id": 71401, "area_km2": 0.003108 }, "geometry": { "type": "Point", "coordinates": [ 110.883042477611554, 41.291571842356454 ] } },
{ "type": "Feature", "properties": { "tang_id": 71402, "area_km2": 0.001086 }, "geometry": { "type": "Point", "coordinates": [ 110.88313463763302, 41.292292502425433 ] } },
{ "type": "Feature", "properties": { "tang_id": 71403, "area_km2": 0.003288 }, "geometry": { "type": "Point", "coordinates": [ 110.882073025482953, 41.292519342044457 ] } },
{ "type": "Feature", "properties": { "tang_id": 71404, "area_km2": 0.001436 }, "geometry": { "type": "Point", "coordinates": [ 110.880522383656327, 41.292516874306543 ] } },
{ "type": "Feature", "properties": { "tang_id": 71405, "area_km2": 0.178594 }, "geometry": { "type": "Point", "coordinates": [ 110.878818243183304, 41.290475372485787 ] } },
{ "type": "Feature", "properties": { "tang_id": 71406, "area_km2": 0.064238 }, "geometry": { "type": "Point", "coordinates": [ 110.887770484063907, 41.288395205778421 ] } },
{ "type": "Feature", "properties": { "tang_id": 71408, "area_km2": 0.023643 }, "geometry": { "type": "Point", "coordinates": [ 110.894930349229014, 41.288653319599582 ] } },
{ "type": "Feature", "properties": { "tang_id": 71409, "area_km2": 0.199778 }, "geometry": { "type": "Point", "coordinates": [ 110.971382536365624, 41.266129313769319 ] } },
{ "type": "Feature", "properties": { "tang_id": 71410, "area_km2": 0.132055 }, "geometry": { "type": "Point", "coordinates": [ 110.979675379173941, 41.26390603979474 ] } },
{ "type": "Feature", "properties": { "tang_id": 71411, "area_km2": 0.26827 }, "geometry": { "type": "Point", "coordinates": [ 110.976680688050536, 41.268978805587409 ] } },
{ "type": "Feature", "properties": { "tang_id": 71412, "area_km2": 0.294533 }, "geometry": { "type": "Point", "coordinates": [ 110.991267078045183, 41.265215062660488 ] } },
{ "type": "Feature", "properties": { "tang_id": 71413, "area_km2": 0.022495 }, "geometry": { "type": "Point", "coordinates": [ 110.992862984196336, 41.260987147770088 ] } },
{ "type": "Feature", "properties": { "tang_id": 71414, "area_km2": 0.035005 }, "geometry": { "type": "Point", "coordinates": [ 110.992428472650758, 41.258971929975772 ] } },
{ "type": "Feature", "properties": { "tang_id": 71415, "area_km2": 0.027078 }, "geometry": { "type": "Point", "coordinates": [ 110.990926844643511, 41.251020238165424 ] } },
{ "type": "Feature", "properties": { "tang_id": 71416, "area_km2": 0.009317 }, "geometry": { "type": "Point", "coordinates": [ 110.994406407372978, 41.249779966286646 ] } },
{ "type": "Feature", "properties": { "tang_id": 71417, "area_km2": 0.023485 }, "geometry": { "type": "Point", "coordinates": [ 110.997860315560132, 41.248029838459701 ] } },
{ "type": "Feature", "properties": { "tang_id": 71418, "area_km2": 0.010032 }, "geometry": { "type": "Point", "coordinates": [ 110.992574134048212, 41.244065403696787 ] } },
{ "type": "Feature", "properties": { "tang_id": 71419, "area_km2": 0.026164 }, "geometry": { "type": "Point", "coordinates": [ 111.042761878650225, 41.233317974261112 ] } },
{ "type": "Feature", "properties": { "tang_id": 71420, "area_km2": 0.167314 }, "geometry": { "type": "Point", "coordinates": [ 111.045465173456805, 41.234028784126892 ] } },
{ "type": "Feature", "properties": { "tang_id": 71421, "area_km2": 0.024805 }, "geometry": { "type": "Point", "coordinates": [ 111.033194470054326, 41.231755087180062 ] } },
{ "type": "Feature", "properties": { "tang_id": 71422, "area_km2": 0.014989 }, "geometry": { "type": "Point", "coordinates": [ 111.024076885556582, 41.23064046366602 ] } },
{ "type": "Feature", "properties": { "tang_id": 71423, "area_km2": 0.003836 }, "geometry": { "type": "Point", "coordinates": [ 111.024269363166297, 41.233818375402208 ] } },
{ "type": "Feature", "properties": { "tang_id": 71424, "area_km2": 0.009378 }, "geometry": { "type": "Point", "coordinates": [ 111.026011308070181, 41.233445061636445 ] } },
{ "type": "Feature", "properties": { "tang_id": 71425, "area_km2": 0.003959 }, "geometry": { "type": "Point", "coordinates": [ 111.02479018928635, 41.231354646272976 ] } },
{ "type": "Feature", "properties": { "tang_id": 71426, "area_km2": 0.002772 }, "geometry": { "type": "Point", "coordinates": [ 111.024288573884789, 41.233191209785183 ] } },
{ "type": "Feature", "properties": { "tang_id": 71427, "area_km2": 0.002367 }, "geometry": { "type": "Point", "coordinates": [ 111.025944290974522, 41.232365481945074 ] } },
{ "type": "Feature", "properties": { "tang_id": 71429, "area_km2": 0.13533 }, "geometry": { "type": "Point", "coordinates": [ 111.023157519623808, 41.236250547648034 ] } },
{ "type": "Feature", "properties": { "tang_id": 71430, "area_km2": 0.002239 }, "geometry": { "type": "Point", "coordinates": [ 111.020409369222989, 41.235444858628647 ] } },
{ "type": "Feature", "properties": { "tang_id": 71431, "area_km2": 0.01255 }, "geometry": { "type": "Point", "coordinates": [ 111.038059893371468, 41.229358309147209 ] } },
{ "type": "Feature", "properties": { "tang_id": 71432, "area_km2": 0.011048 }, "geometry": { "type": "Point", "coordinates": [ 111.039630300908826, 41.230109525614381 ] } },
{ "type": "Feature", "properties": { "tang_id": 71433, "area_km2": 0.002065 }, "geometry": { "type": "Point", "coordinates": [ 111.040684435186506, 41.228819742504989 ] } },
{ "type": "Feature", "properties": { "tang_id": 71434, "area_km2": 0.076045 }, "geometry": { "type": "Point", "coordinates": [ 111.042699634341943, 41.224571295707577 ] } },
{ "type": "Feature", "properties": { "tang_id": 71435, "area_km2": 4.4331 }, "geometry": { "type": "Point", "coordinates": [ 110.938496737172116, 41.329537120169526 ] } },
{ "type": "Feature", "properties": { "tang_id": 71436, "area_km2": 0.020495 }, "geometry": { "type": "Point", "coordinates": [ 110.952311134205857, 41.318781626961837 ] } },
{ "type": "Feature", "properties": { "tang_id": 71437, "area_km2": 0.03011 }, "geometry": { "type": "Point", "coordinates": [ 110.950524087739069, 41.320258291044517 ] } },
{ "type": "Feature", "properties": { "tang_id": 71438, "area_km2": 0.032432 }, "geometry": { "type": "Point", "coordinates": [ 110.967195108166578, 41.308826994635162 ] } },
{ "type": "Feature", "properties": { "tang_id": 71439, "area_km2": 0.263534 }, "geometry": { "type": "Point", "coordinates": [ 110.90203999702112, 41.338430008850551 ] } },
{ "type": "Feature", "properties": { "tang_id": 71440, "area_km2": 0.385049 }, "geometry": { "type": "Point", "coordinates": [ 110.889765528484531, 41.342928606618209 ] } },
{ "type": "Feature", "properties": { "tang_id": 71441, "area_km2": 0.052771 }, "geometry": { "type": "Point", "coordinates": [ 110.881486873363755, 41.348250243135375 ] } },
{ "type": "Feature", "properties": { "tang_id": 71442, "area_km2": 0.023078 }, "geometry": { "type": "Point", "coordinates": [ 110.875310843051892, 41.35187007432021 ] } },
{ "type": "Feature", "properties": { "tang_id": 71443, "area_km2": 0.017511 }, "geometry": { "type": "Point", "coordinates": [ 110.854165660536523, 41.351918268541887 ] } },
{ "type": "Feature", "properties": { "tang_id": 71444, "area_km2": 0.166322 }, "geometry": { "type": "Point", "coordinates": [ 110.893568772854209, 41.352360312365875 ] } },
{ "type": "Feature", "properties": { "tang_id": 71445, "area_km2": 0.329278 }, "geometry": { "type": "Point", "coordinates": [ 110.93081227453365, 41.359186919598322 ] } },
{ "type": "Feature", "properties": { "tang_id": 71446, "area_km2": 0.020891 }, "geometry": { "type": "Point", "coordinates": [ 110.92184516142747, 41.35887261272903 ] } },
{ "type": "Feature", "properties": { "tang_id": 71447, "area_km2": 0.028641 }, "geometry": { "type": "Point", "coordinates": [ 110.915907628546336, 41.358765040334333 ] } },
{ "type": "Feature", "properties": { "tang_id": 71448, "area_km2": 0.010707 }, "geometry": { "type": "Point", "coordinates": [ 110.910322376610267, 41.358800877944113 ] } },
{ "type": "Feature", "properties": { "tang_id": 71449, "area_km2": 0.002134 }, "geometry": { "type": "Point", "coordinates": [ 110.908707519109512, 41.359376335391985 ] } },
{ "type": "Feature", "properties": { "tang_id": 71450, "area_km2": 0.008388 }, "geometry": { "type": "Point", "coordinates": [ 110.907172561415251, 41.359731187945343 ] } },
{ "type": "Feature", "properties": { "tang_id": 71451, "area_km2": 0.031562 }, "geometry": { "type": "Point", "coordinates": [ 110.901571113300122, 41.360108465122423 ] } },
{ "type": "Feature", "properties": { "tang_id": 71452, "area_km2": 0.003521 }, "geometry": { "type": "Point", "coordinates": [ 110.911627517172576, 41.362319703172389 ] } },
{ "type": "Feature", "properties": { "tang_id": 71453, "area_km2": 0.003796 }, "geometry": { "type": "Point", "coordinates": [ 110.910225728731447, 41.36218270363112 ] } },
{ "type": "Feature", "properties": { "tang_id": 71454, "area_km2": 0.032015 }, "geometry": { "type": "Point", "coordinates": [ 110.924725938677099, 41.360593486990808 ] } },
{ "type": "Feature", "properties": { "tang_id": 71455, "area_km2": 0.028452 }, "geometry": { "type": "Point", "coordinates": [ 110.932937719901489, 41.364697679646376 ] } },
{ "type": "Feature", "properties": { "tang_id": 71456, "area_km2": 0.018278 }, "geometry": { "type": "Point", "coordinates": [ 110.936825267434116, 41.363169968132546 ] } },
{ "type": "Feature", "properties": { "tang_id": 71457, "area_km2": 0.058312 }, "geometry": { "type": "Point", "coordinates": [ 110.925275514974828, 41.367156981570631 ] } },
{ "type": "Feature", "properties": { "tang_id": 71458, "area_km2": 0.194038 }, "geometry": { "type": "Point", "coordinates": [ 110.913584349721901, 41.374032595618978 ] } },
{ "type": "Feature", "properties": { "tang_id": 71459, "area_km2": 0.673351 }, "geometry": { "type": "Point", "coordinates": [ 110.886967830415642, 41.380871236998708 ] } },
{ "type": "Feature", "properties": { "tang_id": 71460, "area_km2": 0.048355 }, "geometry": { "type": "Point", "coordinates": [ 110.900231864787074, 41.380120367453721 ] } },
{ "type": "Feature", "properties": { "tang_id": 71461, "area_km2": 0.015783 }, "geometry": { "type": "Point", "coordinates": [ 110.916110194492475, 41.378048119281559 ] } },
{ "type": "Feature", "properties": { "tang_id": 71462, "area_km2": 0.071796 }, "geometry": { "type": "Point", "coordinates": [ 110.926348581895851, 41.380989310627804 ] } },
{ "type": "Feature", "properties": { "tang_id": 71463, "area_km2": 0.163751 }, "geometry": { "type": "Point", "coordinates": [ 111.009187307884687, 41.328943484381703 ] } },
{ "type": "Feature", "properties": { "tang_id": 71464, "area_km2": 0.034143 }, "geometry": { "type": "Point", "coordinates": [ 111.003783584420745, 41.338389026712633 ] } },
{ "type": "Feature", "properties": { "tang_id": 71465, "area_km2": 11.987271 }, "geometry": { "type": "Point", "coordinates": [ 110.998594408243363, 41.354640227818784 ] } },
{ "type": "Feature", "properties": { "tang_id": 71466, "area_km2": 0.088354 }, "geometry": { "type": "Point", "coordinates": [ 110.979826097119201, 41.339315167232868 ] } },
{ "type": "Feature", "properties": { "tang_id": 71467, "area_km2": 0.458815 }, "geometry": { "type": "Point", "coordinates": [ 110.97451172352028, 41.347067125429291 ] } },
{ "type": "Feature", "properties": { "tang_id": 71468, "area_km2": 0.283431 }, "geometry": { "type": "Point", "coordinates": [ 110.978695828975845, 41.353686362009817 ] } },
{ "type": "Feature", "properties": { "tang_id": 71469, "area_km2": 0.741966 }, "geometry": { "type": "Point", "coordinates": [ 111.006740666092213, 41.375057454550422 ] } },
{ "type": "Feature", "properties": { "tang_id": 71470, "area_km2": 0.032532 }, "geometry": { "type": "Point", "coordinates": [ 111.037544865034306, 41.396120640496491 ] } },
{ "type": "Feature", "properties": { "tang_id": 71471, "area_km2": 0.14886 }, "geometry": { "type": "Point", "coordinates": [ 111.010194652869046, 41.404022281573312 ] } },
{ "type": "Feature", "properties": { "tang_id": 71472, "area_km2": 0.040979 }, "geometry": { "type": "Point", "coordinates": [ 111.009229743573343, 41.407652832115943 ] } },
{ "type": "Feature", "properties": { "tang_id": 71473, "area_km2": 0.009012 }, "geometry": { "type": "Point", "coordinates": [ 111.013893465440702, 41.408119660516775 ] } },
{ "type": "Feature", "properties": { "tang_id": 71474, "area_km2": 0.034593 }, "geometry": { "type": "Point", "coordinates": [ 110.895800805267896, 41.447054994454525 ] } },
{ "type": "Feature", "properties": { "tang_id": 71475, "area_km2": 0.071418 }, "geometry": { "type": "Point", "coordinates": [ 110.895623135884534, 41.444712583452095 ] } },
{ "type": "Feature", "properties": { "tang_id": 71476, "area_km2": 0.076073 }, "geometry": { "type": "Point", "coordinates": [ 110.850390804954301, 41.460258397937956 ] } },
{ "type": "Feature", "properties": { "tang_id": 71477, "area_km2": 0.039602 }, "geometry": { "type": "Point", "coordinates": [ 110.909396886761272, 41.418652490168562 ] } },
{ "type": "Feature", "properties": { "tang_id": 71478, "area_km2": 0.062508 }, "geometry": { "type": "Point", "coordinates": [ 110.920727525476053, 41.419123208835757 ] } },
{ "type": "Feature", "properties": { "tang_id": 71479, "area_km2": 0.109763 }, "geometry": { "type": "Point", "coordinates": [ 110.803743538317576, 41.375605871855612 ] } },
{ "type": "Feature", "properties": { "tang_id": 71480, "area_km2": 0.107286 }, "geometry": { "type": "Point", "coordinates": [ 110.802871936365719, 41.366852821389209 ] } },
{ "type": "Feature", "properties": { "tang_id": 71481, "area_km2": 0.096543 }, "geometry": { "type": "Point", "coordinates": [ 111.164903802434793, 41.284530887718383 ] } },
{ "type": "Feature", "properties": { "tang_id": 71482, "area_km2": 1.920334 }, "geometry": { "type": "Point", "coordinates": [ 111.387626662763793, 41.591560503623356 ] } },
{ "type": "Feature", "properties": { "tang_id": 71483, "area_km2": 0.088443 }, "geometry": { "type": "Point", "coordinates": [ 113.104978812788048, 41.695768163670436 ] } },
{ "type": "Feature", "properties": { "tang_id": 71484, "area_km2": 0.608046 }, "geometry": { "type": "Point", "coordinates": [ 113.191153378139589, 41.760969478383281 ] } },
{ "type": "Feature", "properties": { "tang_id": 71485, "area_km2": 0.37432 }, "geometry": { "type": "Point", "coordinates": [ 113.219447638795742, 41.779481999950079 ] } },
{ "type": "Feature", "properties": { "tang_id": 71486, "area_km2": 0.024766 }, "geometry": { "type": "Point", "coordinates": [ 113.218536053739413, 41.786055997042489 ] } },
{ "type": "Feature", "properties": { "tang_id": 71487, "area_km2": 0.048022 }, "geometry": { "type": "Point", "coordinates": [ 113.230759176670432, 41.780865802577587 ] } },
{ "type": "Feature", "properties": { "tang_id": 71488, "area_km2": 0.007614 }, "geometry": { "type": "Point", "coordinates": [ 113.22881894750283, 41.781721176474889 ] } },
{ "type": "Feature", "properties": { "tang_id": 71489, "area_km2": 0.049438 }, "geometry": { "type": "Point", "coordinates": [ 113.229874442731486, 41.800086095996953 ] } },
{ "type": "Feature", "properties": { "tang_id": 71490, "area_km2": 0.046662 }, "geometry": { "type": "Point", "coordinates": [ 113.211914775969731, 41.804353995565151 ] } },
{ "type": "Feature", "properties": { "tang_id": 71491, "area_km2": 0.028464 }, "geometry": { "type": "Point", "coordinates": [ 113.205835446303709, 41.811510566113832 ] } },
{ "type": "Feature", "properties": { "tang_id": 71492, "area_km2": 0.030633 }, "geometry": { "type": "Point", "coordinates": [ 113.208859648938031, 41.810941350085599 ] } },
{ "type": "Feature", "properties": { "tang_id": 71493, "area_km2": 0.050154 }, "geometry": { "type": "Point", "coordinates": [ 113.513751707393183, 41.608333014805083 ] } },
{ "type": "Feature", "properties": { "tang_id": 71494, "area_km2": 0.028874 }, "geometry": { "type": "Point", "coordinates": [ 113.516528138239735, 41.607875183271162 ] } },
{ "type": "Feature", "properties": { "tang_id": 71495, "area_km2": 0.004764 }, "geometry": { "type": "Point", "coordinates": [ 113.514078428537658, 41.610512342371969 ] } },
{ "type": "Feature", "properties": { "tang_id": 71496, "area_km2": 0.101493 }, "geometry": { "type": "Point", "coordinates": [ 113.507197814060987, 41.62202426109706 ] } },
{ "type": "Feature", "properties": { "tang_id": 71497, "area_km2": 0.06026 }, "geometry": { "type": "Point", "coordinates": [ 113.49785736849546, 41.62519463973296 ] } },
{ "type": "Feature", "properties": { "tang_id": 71498, "area_km2": 0.108838 }, "geometry": { "type": "Point", "coordinates": [ 113.491947764367822, 41.624905400075647 ] } },
{ "type": "Feature", "properties": { "tang_id": 71499, "area_km2": 0.064372 }, "geometry": { "type": "Point", "coordinates": [ 113.503728526306233, 41.618468183301026 ] } },
{ "type": "Feature", "properties": { "tang_id": 71500, "area_km2": 0.019103 }, "geometry": { "type": "Point", "coordinates": [ 113.506966308671636, 41.617289491188345 ] } },
{ "type": "Feature", "properties": { "tang_id": 71501, "area_km2": 0.024088 }, "geometry": { "type": "Point", "coordinates": [ 113.495575623075197, 41.620966616160359 ] } },
{ "type": "Feature", "properties": { "tang_id": 71502, "area_km2": 0.18799 }, "geometry": { "type": "Point", "coordinates": [ 113.542041715126388, 41.630902828501917 ] } },
{ "type": "Feature", "properties": { "tang_id": 71503, "area_km2": 0.00888 }, "geometry": { "type": "Point", "coordinates": [ 113.546791060212556, 41.627647459985688 ] } },
{ "type": "Feature", "properties": { "tang_id": 71504, "area_km2": 0.304316 }, "geometry": { "type": "Point", "coordinates": [ 113.560444330584389, 41.581135555879882 ] } },
{ "type": "Feature", "properties": { "tang_id": 71505, "area_km2": 0.048504 }, "geometry": { "type": "Point", "coordinates": [ 113.515974195291179, 41.575757348616406 ] } },
{ "type": "Feature", "properties": { "tang_id": 71506, "area_km2": 0.508931 }, "geometry": { "type": "Point", "coordinates": [ 113.512969921471196, 41.582535167234383 ] } },
{ "type": "Feature", "properties": { "tang_id": 71507, "area_km2": 0.247901 }, "geometry": { "type": "Point", "coordinates": [ 113.502645760222975, 41.587264941132311 ] } },
{ "type": "Feature", "properties": { "tang_id": 71508, "area_km2": 0.828299 }, "geometry": { "type": "Point", "coordinates": [ 113.493034987434157, 41.595075766804293 ] } },
{ "type": "Feature", "properties": { "tang_id": 71509, "area_km2": 0.03725 }, "geometry": { "type": "Point", "coordinates": [ 113.492239567266353, 41.588082849822456 ] } },
{ "type": "Feature", "properties": { "tang_id": 71510, "area_km2": 0.039621 }, "geometry": { "type": "Point", "coordinates": [ 113.493268599396444, 41.604407812916307 ] } },
{ "type": "Feature", "properties": { "tang_id": 71511, "area_km2": 1.852411 }, "geometry": { "type": "Point", "coordinates": [ 112.078861040969088, 42.300872809613338 ] } },
{ "type": "Feature", "properties": { "tang_id": 71512, "area_km2": 0.793081 }, "geometry": { "type": "Point", "coordinates": [ 109.970185267055911, 42.582619397294302 ] } },
{ "type": "Feature", "properties": { "tang_id": 71513, "area_km2": 0.014166 }, "geometry": { "type": "Point", "coordinates": [ 109.984979277395794, 42.62602385891833 ] } },
{ "type": "Feature", "properties": { "tang_id": 71516, "area_km2": 0.041901 }, "geometry": { "type": "Point", "coordinates": [ 109.988131625827378, 42.625358613104197 ] } },
{ "type": "Feature", "properties": { "tang_id": 71517, "area_km2": 0.204975 }, "geometry": { "type": "Point", "coordinates": [ 109.9797157377715, 42.628810812463591 ] } },
{ "type": "Feature", "properties": { "tang_id": 71518, "area_km2": 0.774406 }, "geometry": { "type": "Point", "coordinates": [ 110.027576595336171, 41.087098700984129 ] } },
{ "type": "Feature", "properties": { "tang_id": 71519, "area_km2": 0.13107 }, "geometry": { "type": "Point", "coordinates": [ 110.01320273714191, 41.090945879526224 ] } },
{ "type": "Feature", "properties": { "tang_id": 71520, "area_km2": 0.537448 }, "geometry": { "type": "Point", "coordinates": [ 110.037768453455996, 41.08663701223194 ] } },
{ "type": "Feature", "properties": { "tang_id": 71521, "area_km2": 0.853807 }, "geometry": { "type": "Point", "coordinates": [ 110.050634834222294, 41.079110324792687 ] } },
{ "type": "Feature", "properties": { "tang_id": 71522, "area_km2": 0.579181 }, "geometry": { "type": "Point", "coordinates": [ 110.040510460962722, 41.074146301690654 ] } },
{ "type": "Feature", "properties": { "tang_id": 71523, "area_km2": 0.116074 }, "geometry": { "type": "Point", "coordinates": [ 112.097069244795932, 42.294054304990702 ] } },
{ "type": "Feature", "properties": { "tang_id": 71524, "area_km2": 0.229367 }, "geometry": { "type": "Point", "coordinates": [ 112.837109186442802, 42.178317135293625 ] } },
{ "type": "Feature", "properties": { "tang_id": 71525, "area_km2": 0.06484 }, "geometry": { "type": "Point", "coordinates": [ 112.842104210267905, 42.174510134935709 ] } },
{ "type": "Feature", "properties": { "tang_id": 71526, "area_km2": 0.016489 }, "geometry": { "type": "Point", "coordinates": [ 113.606412746983381, 42.082848348553071 ] } },
{ "type": "Feature", "properties": { "tang_id": 71527, "area_km2": 1.401659 }, "geometry": { "type": "Point", "coordinates": [ 112.469470256927934, 41.501965278671271 ] } },
{ "type": "Feature", "properties": { "tang_id": 71528, "area_km2": 0.096168 }, "geometry": { "type": "Point", "coordinates": [ 112.505270333351916, 41.510405741792177 ] } },
{ "type": "Feature", "properties": { "tang_id": 71529, "area_km2": 0.243998 }, "geometry": { "type": "Point", "coordinates": [ 112.220254213943676, 41.563512208742559 ] } },
{ "type": "Feature", "properties": { "tang_id": 71530, "area_km2": 0.525301 }, "geometry": { "type": "Point", "coordinates": [ 112.217430054286297, 41.576751434603302 ] } },
{ "type": "Feature", "properties": { "tang_id": 71531, "area_km2": 0.160237 }, "geometry": { "type": "Point", "coordinates": [ 112.178911552920567, 41.572337362401065 ] } },
{ "type": "Feature", "properties": { "tang_id": 71532, "area_km2": 0.002502 }, "geometry": { "type": "Point", "coordinates": [ 112.173754118555792, 41.573563284325203 ] } },
{ "type": "Feature", "properties": { "tang_id": 71533, "area_km2": 0.034415 }, "geometry": { "type": "Point", "coordinates": [ 112.154065895229252, 41.56970056973627 ] } },
{ "type": "Feature", "properties": { "tang_id": 71534, "area_km2": 1.085429 }, "geometry": { "type": "Point", "coordinates": [ 112.138758593343965, 41.570664681351836 ] } },
{ "type": "Feature", "properties": { "tang_id": 71535, "area_km2": 0.015444 }, "geometry": { "type": "Point", "coordinates": [ 112.142849331689959, 41.5652583701361 ] } },
{ "type": "Feature", "properties": { "tang_id": 71536, "area_km2": 0.018733 }, "geometry": { "type": "Point", "coordinates": [ 112.146992299768428, 41.568003785275423 ] } },
{ "type": "Feature", "properties": { "tang_id": 71537, "area_km2": 0.036839 }, "geometry": { "type": "Point", "coordinates": [ 112.149891426393637, 41.568507648899015 ] } },
{ "type": "Feature", "properties": { "tang_id": 71538, "area_km2": 0.014959 }, "geometry": { "type": "Point", "coordinates": [ 112.148657148974436, 41.578489647396324 ] } },
{ "type": "Feature", "properties": { "tang_id": 71539, "area_km2": 0.691922 }, "geometry": { "type": "Point", "coordinates": [ 112.139177108754325, 41.582722214313897 ] } },
{ "type": "Feature", "properties": { "tang_id": 71540, "area_km2": 0.19538 }, "geometry": { "type": "Point", "coordinates": [ 112.130283359925912, 41.57844201343908 ] } },
{ "type": "Feature", "properties": { "tang_id": 71541, "area_km2": 0.007618 }, "geometry": { "type": "Point", "coordinates": [ 112.121634430617789, 41.574878101281953 ] } },
{ "type": "Feature", "properties": { "tang_id": 71542, "area_km2": 0.194398 }, "geometry": { "type": "Point", "coordinates": [ 112.122470071412039, 41.589069652153164 ] } },
{ "type": "Feature", "properties": { "tang_id": 71543, "area_km2": 0.025096 }, "geometry": { "type": "Point", "coordinates": [ 112.11739030087297, 41.589573736356826 ] } },
{ "type": "Feature", "properties": { "tang_id": 71544, "area_km2": 0.06744 }, "geometry": { "type": "Point", "coordinates": [ 112.175817730702775, 41.592955407878215 ] } },
{ "type": "Feature", "properties": { "tang_id": 71545, "area_km2": 0.403081 }, "geometry": { "type": "Point", "coordinates": [ 112.322680735215741, 41.558205590761808 ] } },
{ "type": "Feature", "properties": { "tang_id": 71546, "area_km2": 0.370825 }, "geometry": { "type": "Point", "coordinates": [ 112.364171503157053, 41.566221658120789 ] } },
{ "type": "Feature", "properties": { "tang_id": 71547, "area_km2": 0.254493 }, "geometry": { "type": "Point", "coordinates": [ 111.639703566702266, 41.615739038149947 ] } },
{ "type": "Feature", "properties": { "tang_id": 71548, "area_km2": 0.365563 }, "geometry": { "type": "Point", "coordinates": [ 111.56703039958461, 41.596462849731438 ] } },
{ "type": "Feature", "properties": { "tang_id": 71549, "area_km2": 0.037532 }, "geometry": { "type": "Point", "coordinates": [ 113.10606990012711, 41.709449217094985 ] } },
{ "type": "Feature", "properties": { "tang_id": 71550, "area_km2": 0.481339 }, "geometry": { "type": "Point", "coordinates": [ 113.104173601331738, 41.712805436427999 ] } },
{ "type": "Feature", "properties": { "tang_id": 71551, "area_km2": 0.045775 }, "geometry": { "type": "Point", "coordinates": [ 113.121008051589911, 41.729874658145086 ] } },
{ "type": "Feature", "properties": { "tang_id": 71552, "area_km2": 0.040388 }, "geometry": { "type": "Point", "coordinates": [ 113.119692286241275, 41.728045644074584 ] } },
{ "type": "Feature", "properties": { "tang_id": 71553, "area_km2": 0.092324 }, "geometry": { "type": "Point", "coordinates": [ 113.121159242207597, 41.724962674768413 ] } },
{ "type": "Feature", "properties": { "tang_id": 71554, "area_km2": 0.014906 }, "geometry": { "type": "Point", "coordinates": [ 113.111226394365673, 41.72554946859438 ] } },
{ "type": "Feature", "properties": { "tang_id": 71555, "area_km2": 0.55132 }, "geometry": { "type": "Point", "coordinates": [ 109.97016428704633, 41.813561911282754 ] } },
{ "type": "Feature", "properties": { "tang_id": 71556, "area_km2": 0.461709 }, "geometry": { "type": "Point", "coordinates": [ 109.952152835326189, 41.804533071102306 ] } },
{ "type": "Feature", "properties": { "tang_id": 71557, "area_km2": 0.025995 }, "geometry": { "type": "Point", "coordinates": [ 110.032028567852265, 41.838130456711802 ] } },
{ "type": "Feature", "properties": { "tang_id": 71558, "area_km2": 0.022099 }, "geometry": { "type": "Point", "coordinates": [ 110.317987295018426, 40.65045390998872 ] } },
{ "type": "Feature", "properties": { "tang_id": 71559, "area_km2": 0.011679 }, "geometry": { "type": "Point", "coordinates": [ 110.314649155497548, 40.650591013068251 ] } },
{ "type": "Feature", "properties": { "tang_id": 71560, "area_km2": 0.01088 }, "geometry": { "type": "Point", "coordinates": [ 110.312198016274039, 40.651308289145724 ] } },
{ "type": "Feature", "properties": { "tang_id": 71561, "area_km2": 0.00787 }, "geometry": { "type": "Point", "coordinates": [ 110.311073211221881, 40.650615805425673 ] } },
{ "type": "Feature", "properties": { "tang_id": 71562, "area_km2": 0.100963 }, "geometry": { "type": "Point", "coordinates": [ 110.30387345273742, 40.655150577757851 ] } },
{ "type": "Feature", "properties": { "tang_id": 71563, "area_km2": 0.152091 }, "geometry": { "type": "Point", "coordinates": [ 110.295672055389275, 40.653371030450558 ] } },
{ "type": "Feature", "properties": { "tang_id": 71564, "area_km2": 0.004429 }, "geometry": { "type": "Point", "coordinates": [ 110.303609172084947, 40.649980065635425 ] } },
{ "type": "Feature", "properties": { "tang_id": 71565, "area_km2": 0.001701 }, "geometry": { "type": "Point", "coordinates": [ 110.304091653284658, 40.650738390975981 ] } },
{ "type": "Feature", "properties": { "tang_id": 71566, "area_km2": 0.003676 }, "geometry": { "type": "Point", "coordinates": [ 110.302881736700911, 40.65123340428319 ] } },
{ "type": "Feature", "properties": { "tang_id": 71567, "area_km2": 0.002548 }, "geometry": { "type": "Point", "coordinates": [ 110.285857469903121, 40.650616599761229 ] } },
{ "type": "Feature", "properties": { "tang_id": 71568, "area_km2": 0.005043 }, "geometry": { "type": "Point", "coordinates": [ 110.284843065452975, 40.650473449146901 ] } },
{ "type": "Feature", "properties": { "tang_id": 71569, "area_km2": 0.026089 }, "geometry": { "type": "Point", "coordinates": [ 110.282855184372593, 40.648580875244853 ] } },
{ "type": "Feature", "properties": { "tang_id": 71570, "area_km2": 0.007626 }, "geometry": { "type": "Point", "coordinates": [ 110.272314736340917, 40.648423169419978 ] } },
{ "type": "Feature", "properties": { "tang_id": 71571, "area_km2": 0.009544 }, "geometry": { "type": "Point", "coordinates": [ 110.270161524383965, 40.6488292679837 ] } },
{ "type": "Feature", "properties": { "tang_id": 71572, "area_km2": 0.005399 }, "geometry": { "type": "Point", "coordinates": [ 110.268081418481373, 40.64958898187254 ] } },
{ "type": "Feature", "properties": { "tang_id": 71573, "area_km2": 0.008314 }, "geometry": { "type": "Point", "coordinates": [ 110.269253396911125, 40.650052012000479 ] } },
{ "type": "Feature", "properties": { "tang_id": 71574, "area_km2": 0.002417 }, "geometry": { "type": "Point", "coordinates": [ 110.267391436557972, 40.650554191497868 ] } },
{ "type": "Feature", "properties": { "tang_id": 71575, "area_km2": 0.268736 }, "geometry": { "type": "Point", "coordinates": [ 110.263395544464188, 40.654988561025085 ] } },
{ "type": "Feature", "properties": { "tang_id": 71576, "area_km2": 0.004164 }, "geometry": { "type": "Point", "coordinates": [ 110.272535534403602, 40.652673550323655 ] } },
{ "type": "Feature", "properties": { "tang_id": 71577, "area_km2": 0.006097 }, "geometry": { "type": "Point", "coordinates": [ 110.270923327710832, 40.652916820166752 ] } },
{ "type": "Feature", "properties": { "tang_id": 71578, "area_km2": 0.013238 }, "geometry": { "type": "Point", "coordinates": [ 110.272014960470457, 40.654133836394394 ] } },
{ "type": "Feature", "properties": { "tang_id": 71579, "area_km2": 0.079755 }, "geometry": { "type": "Point", "coordinates": [ 110.268745884855164, 40.65536478540804 ] } },
{ "type": "Feature", "properties": { "tang_id": 71580, "area_km2": 0.189256 }, "geometry": { "type": "Point", "coordinates": [ 110.258491654220023, 40.651843303580783 ] } },
{ "type": "Feature", "properties": { "tang_id": 71581, "area_km2": 0.077037 }, "geometry": { "type": "Point", "coordinates": [ 110.248697203109231, 40.653843977465627 ] } },
{ "type": "Feature", "properties": { "tang_id": 71582, "area_km2": 0.008017 }, "geometry": { "type": "Point", "coordinates": [ 110.252443269986301, 40.655888065110702 ] } },
{ "type": "Feature", "properties": { "tang_id": 71583, "area_km2": 0.007131 }, "geometry": { "type": "Point", "coordinates": [ 110.252582055905535, 40.656956721934982 ] } },
{ "type": "Feature", "properties": { "tang_id": 71584, "area_km2": 0.00437 }, "geometry": { "type": "Point", "coordinates": [ 110.253637085760488, 40.657580837029599 ] } },
{ "type": "Feature", "properties": { "tang_id": 71585, "area_km2": 0.007188 }, "geometry": { "type": "Point", "coordinates": [ 110.251320954779445, 40.657849088931506 ] } },
{ "type": "Feature", "properties": { "tang_id": 71586, "area_km2": 0.003418 }, "geometry": { "type": "Point", "coordinates": [ 110.244667958548916, 40.655145623499457 ] } },
{ "type": "Feature", "properties": { "tang_id": 71587, "area_km2": 0.008311 }, "geometry": { "type": "Point", "coordinates": [ 110.244632908680416, 40.653535183922472 ] } },
{ "type": "Feature", "properties": { "tang_id": 71588, "area_km2": 0.00634 }, "geometry": { "type": "Point", "coordinates": [ 110.242437517545653, 40.654264881536875 ] } },
{ "type": "Feature", "properties": { "tang_id": 71589, "area_km2": 0.002935 }, "geometry": { "type": "Point", "coordinates": [ 110.24033730183865, 40.653255099791508 ] } },
{ "type": "Feature", "properties": { "tang_id": 71590, "area_km2": 0.036288 }, "geometry": { "type": "Point", "coordinates": [ 110.237591556714676, 40.654977397464926 ] } },
{ "type": "Feature", "properties": { "tang_id": 71591, "area_km2": 0.049297 }, "geometry": { "type": "Point", "coordinates": [ 110.233134664900675, 40.656412107821247 ] } },
{ "type": "Feature", "properties": { "tang_id": 71592, "area_km2": 0.011649 }, "geometry": { "type": "Point", "coordinates": [ 110.23721746328512, 40.659108360122374 ] } },
{ "type": "Feature", "properties": { "tang_id": 71594, "area_km2": 0.003002 }, "geometry": { "type": "Point", "coordinates": [ 110.231591314315295, 40.660425394255547 ] } },
{ "type": "Feature", "properties": { "tang_id": 71595, "area_km2": 0.003723 }, "geometry": { "type": "Point", "coordinates": [ 110.22923603834667, 40.658426123305063 ] } },
{ "type": "Feature", "properties": { "tang_id": 71596, "area_km2": 0.044951 }, "geometry": { "type": "Point", "coordinates": [ 110.22694754731252, 40.659061707306741 ] } },
{ "type": "Feature", "properties": { "tang_id": 71597, "area_km2": 0.022035 }, "geometry": { "type": "Point", "coordinates": [ 110.222103656361568, 40.660024140041692 ] } },
{ "type": "Feature", "properties": { "tang_id": 71598, "area_km2": 0.004046 }, "geometry": { "type": "Point", "coordinates": [ 110.222026673404841, 40.661584570359388 ] } },
{ "type": "Feature", "properties": { "tang_id": 71599, "area_km2": 0.001262 }, "geometry": { "type": "Point", "coordinates": [ 110.221469588264256, 40.662038913888374 ] } },
{ "type": "Feature", "properties": { "tang_id": 71600, "area_km2": 0.657736 }, "geometry": { "type": "Point", "coordinates": [ 110.277935254949284, 40.631611975543223 ] } },
{ "type": "Feature", "properties": { "tang_id": 71601, "area_km2": 0.050012 }, "geometry": { "type": "Point", "coordinates": [ 110.26231465114887, 40.632320384350137 ] } },
{ "type": "Feature", "properties": { "tang_id": 71602, "area_km2": 1.474696 }, "geometry": { "type": "Point", "coordinates": [ 110.23832990288615, 40.629272943550298 ] } },
{ "type": "Feature", "properties": { "tang_id": 71603, "area_km2": 0.156294 }, "geometry": { "type": "Point", "coordinates": [ 110.278930059459938, 40.595896547367367 ] } },
{ "type": "Feature", "properties": { "tang_id": 71604, "area_km2": 0.057459 }, "geometry": { "type": "Point", "coordinates": [ 110.286663296746767, 40.596333489174782 ] } },
{ "type": "Feature", "properties": { "tang_id": 71605, "area_km2": 0.019298 }, "geometry": { "type": "Point", "coordinates": [ 110.28529105747495, 40.598314055046181 ] } },
{ "type": "Feature", "properties": { "tang_id": 71606, "area_km2": 0.042738 }, "geometry": { "type": "Point", "coordinates": [ 110.275519984345053, 40.598738389383712 ] } },
{ "type": "Feature", "properties": { "tang_id": 71607, "area_km2": 0.00478 }, "geometry": { "type": "Point", "coordinates": [ 110.285748485075274, 40.600717371871767 ] } },
{ "type": "Feature", "properties": { "tang_id": 71608, "area_km2": 0.303669 }, "geometry": { "type": "Point", "coordinates": [ 110.289096044678431, 40.692422940980258 ] } },
{ "type": "Feature", "properties": { "tang_id": 71609, "area_km2": 0.039144 }, "geometry": { "type": "Point", "coordinates": [ 110.283616465652386, 40.681608026798912 ] } },
{ "type": "Feature", "properties": { "tang_id": 71610, "area_km2": 0.008259 }, "geometry": { "type": "Point", "coordinates": [ 110.28391065198214, 40.679730345929812 ] } },
{ "type": "Feature", "properties": { "tang_id": 71611, "area_km2": 0.011189 }, "geometry": { "type": "Point", "coordinates": [ 110.280374019183981, 40.678742234837529 ] } },
{ "type": "Feature", "properties": { "tang_id": 71612, "area_km2": 0.004044 }, "geometry": { "type": "Point", "coordinates": [ 110.276257745965566, 40.675959842593976 ] } },
{ "type": "Feature", "properties": { "tang_id": 71614, "area_km2": 0.013211 }, "geometry": { "type": "Point", "coordinates": [ 110.273515099347051, 40.676219060610492 ] } },
{ "type": "Feature", "properties": { "tang_id": 71615, "area_km2": 0.014692 }, "geometry": { "type": "Point", "coordinates": [ 110.271465640624569, 40.669379271923603 ] } },
{ "type": "Feature", "properties": { "tang_id": 71616, "area_km2": 0.017807 }, "geometry": { "type": "Point", "coordinates": [ 110.274309550529765, 40.681492792974339 ] } },
{ "type": "Feature", "properties": { "tang_id": 71617, "area_km2": 0.032337 }, "geometry": { "type": "Point", "coordinates": [ 110.270240540093837, 40.689349164093436 ] } },
{ "type": "Feature", "properties": { "tang_id": 71618, "area_km2": 0.034185 }, "geometry": { "type": "Point", "coordinates": [ 110.264547110863973, 40.685214454587332 ] } },
{ "type": "Feature", "properties": { "tang_id": 71620, "area_km2": 0.002313 }, "geometry": { "type": "Point", "coordinates": [ 110.268364639538575, 40.684772337602652 ] } },
{ "type": "Feature", "properties": { "tang_id": 71621, "area_km2": 0.002602 }, "geometry": { "type": "Point", "coordinates": [ 110.271592757725401, 40.68339071329698 ] } },
{ "type": "Feature", "properties": { "tang_id": 71622, "area_km2": 0.013989 }, "geometry": { "type": "Point", "coordinates": [ 110.270304945039456, 40.684051485262614 ] } },
{ "type": "Feature", "properties": { "tang_id": 71623, "area_km2": 0.006357 }, "geometry": { "type": "Point", "coordinates": [ 110.267572085518296, 40.680939837025328 ] } },
{ "type": "Feature", "properties": { "tang_id": 71624, "area_km2": 0.058015 }, "geometry": { "type": "Point", "coordinates": [ 110.302496540607109, 40.687010557654531 ] } },
{ "type": "Feature", "properties": { "tang_id": 71625, "area_km2": 0.02163 }, "geometry": { "type": "Point", "coordinates": [ 110.313372473621726, 40.689786890970666 ] } },
{ "type": "Feature", "properties": { "tang_id": 71626, "area_km2": 0.044179 }, "geometry": { "type": "Point", "coordinates": [ 110.325265632799514, 40.692514348918337 ] } },
{ "type": "Feature", "properties": { "tang_id": 71627, "area_km2": 0.040092 }, "geometry": { "type": "Point", "coordinates": [ 110.268754366150304, 40.733957212182318 ] } },
{ "type": "Feature", "properties": { "tang_id": 71628, "area_km2": 1.295848 }, "geometry": { "type": "Point", "coordinates": [ 110.128793796913016, 40.686576021809174 ] } },
{ "type": "Feature", "properties": { "tang_id": 71629, "area_km2": 0.015243 }, "geometry": { "type": "Point", "coordinates": [ 110.115383210204186, 40.688570485947906 ] } },
{ "type": "Feature", "properties": { "tang_id": 71630, "area_km2": 0.195753 }, "geometry": { "type": "Point", "coordinates": [ 110.122801623369384, 40.674146192790893 ] } },
{ "type": "Feature", "properties": { "tang_id": 71631, "area_km2": 0.185192 }, "geometry": { "type": "Point", "coordinates": [ 110.169830504087187, 40.695706093215463 ] } },
{ "type": "Feature", "properties": { "tang_id": 71632, "area_km2": 0.04198 }, "geometry": { "type": "Point", "coordinates": [ 110.164933310114705, 40.696413808880337 ] } },
{ "type": "Feature", "properties": { "tang_id": 71633, "area_km2": 0.039943 }, "geometry": { "type": "Point", "coordinates": [ 110.156919872787086, 40.697565462427875 ] } },
{ "type": "Feature", "properties": { "tang_id": 71634, "area_km2": 0.009904 }, "geometry": { "type": "Point", "coordinates": [ 110.157881424550567, 40.699411048869372 ] } },
{ "type": "Feature", "properties": { "tang_id": 71635, "area_km2": 0.019099 }, "geometry": { "type": "Point", "coordinates": [ 110.136200317958483, 40.703057620859084 ] } },
{ "type": "Feature", "properties": { "tang_id": 71636, "area_km2": 0.019233 }, "geometry": { "type": "Point", "coordinates": [ 110.132429828867274, 40.702456483685197 ] } },
{ "type": "Feature", "properties": { "tang_id": 71637, "area_km2": 0.06514 }, "geometry": { "type": "Point", "coordinates": [ 110.130121245188136, 40.704147536908515 ] } },
{ "type": "Feature", "properties": { "tang_id": 71638, "area_km2": 0.077638 }, "geometry": { "type": "Point", "coordinates": [ 110.126760566206784, 40.707244246400066 ] } },
{ "type": "Feature", "properties": { "tang_id": 71639, "area_km2": 0.01 }, "geometry": { "type": "Point", "coordinates": [ 110.135096038406331, 40.707196756649282 ] } },
{ "type": "Feature", "properties": { "tang_id": 71640, "area_km2": 0.004873 }, "geometry": { "type": "Point", "coordinates": [ 110.133638643584717, 40.707062873942085 ] } },
{ "type": "Feature", "properties": { "tang_id": 71641, "area_km2": 0.006198 }, "geometry": { "type": "Point", "coordinates": [ 110.137545576848126, 40.705535494605094 ] } },
{ "type": "Feature", "properties": { "tang_id": 71642, "area_km2": 0.007412 }, "geometry": { "type": "Point", "coordinates": [ 110.13658914438787, 40.706406056556396 ] } },
{ "type": "Feature", "properties": { "tang_id": 71643, "area_km2": 0.408084 }, "geometry": { "type": "Point", "coordinates": [ 110.115309572178063, 40.702581123748296 ] } },
{ "type": "Feature", "properties": { "tang_id": 71644, "area_km2": 0.045566 }, "geometry": { "type": "Point", "coordinates": [ 110.106731841201849, 40.701559477411045 ] } },
{ "type": "Feature", "properties": { "tang_id": 71645, "area_km2": 0.001587 }, "geometry": { "type": "Point", "coordinates": [ 110.104800595364068, 40.703671685893795 ] } },
{ "type": "Feature", "properties": { "tang_id": 71646, "area_km2": 0.063439 }, "geometry": { "type": "Point", "coordinates": [ 110.104169868423156, 40.697553779773941 ] } },
{ "type": "Feature", "properties": { "tang_id": 71647, "area_km2": 0.032721 }, "geometry": { "type": "Point", "coordinates": [ 110.106382352816567, 40.695292325785253 ] } },
{ "type": "Feature", "properties": { "tang_id": 71648, "area_km2": 0.009424 }, "geometry": { "type": "Point", "coordinates": [ 110.105617190601961, 40.691545881891962 ] } },
{ "type": "Feature", "properties": { "tang_id": 71649, "area_km2": 0.021818 }, "geometry": { "type": "Point", "coordinates": [ 110.095912964993914, 40.695010296072851 ] } },
{ "type": "Feature", "properties": { "tang_id": 71650, "area_km2": 0.004683 }, "geometry": { "type": "Point", "coordinates": [ 110.096574464296936, 40.697108881538917 ] } },
{ "type": "Feature", "properties": { "tang_id": 71651, "area_km2": 0.008697 }, "geometry": { "type": "Point", "coordinates": [ 110.097579958053643, 40.698839095128328 ] } },
{ "type": "Feature", "properties": { "tang_id": 71652, "area_km2": 0.016106 }, "geometry": { "type": "Point", "coordinates": [ 110.089085923638649, 40.703647610272554 ] } },
{ "type": "Feature", "properties": { "tang_id": 71653, "area_km2": 0.009407 }, "geometry": { "type": "Point", "coordinates": [ 110.089169873714411, 40.701068311914923 ] } },
{ "type": "Feature", "properties": { "tang_id": 71654, "area_km2": 1.640216 }, "geometry": { "type": "Point", "coordinates": [ 109.863714459397443, 40.558953854761995 ] } },
{ "type": "Feature", "properties": { "tang_id": 71655, "area_km2": 0.392886 }, "geometry": { "type": "Point", "coordinates": [ 110.632763088921919, 40.735686894925529 ] } },
{ "type": "Feature", "properties": { "tang_id": 71656, "area_km2": 0.349706 }, "geometry": { "type": "Point", "coordinates": [ 110.623624868052886, 40.737791374030635 ] } },
{ "type": "Feature", "properties": { "tang_id": 71657, "area_km2": 0.365307 }, "geometry": { "type": "Point", "coordinates": [ 110.644004418526933, 40.735980889596732 ] } },
{ "type": "Feature", "properties": { "tang_id": 71658, "area_km2": 0.01214 }, "geometry": { "type": "Point", "coordinates": [ 110.646281112379597, 40.729917971312993 ] } },
{ "type": "Feature", "properties": { "tang_id": 71659, "area_km2": 0.576119 }, "geometry": { "type": "Point", "coordinates": [ 110.524622135100671, 40.713488830131531 ] } },
{ "type": "Feature", "properties": { "tang_id": 71660, "area_km2": 0.532185 }, "geometry": { "type": "Point", "coordinates": [ 110.511975299275562, 40.714520873745805 ] } },
{ "type": "Feature", "properties": { "tang_id": 71661, "area_km2": 0.149642 }, "geometry": { "type": "Point", "coordinates": [ 110.506311687532005, 40.708784780480222 ] } },
{ "type": "Feature", "properties": { "tang_id": 71662, "area_km2": 0.006589 }, "geometry": { "type": "Point", "coordinates": [ 110.50142571421101, 40.709057428390366 ] } },
{ "type": "Feature", "properties": { "tang_id": 71663, "area_km2": 0.011784 }, "geometry": { "type": "Point", "coordinates": [ 110.531510897428419, 40.72124513413273 ] } },
{ "type": "Feature", "properties": { "tang_id": 71664, "area_km2": 0.013457 }, "geometry": { "type": "Point", "coordinates": [ 110.530092571073908, 40.719305152371042 ] } },
{ "type": "Feature", "properties": { "tang_id": 71665, "area_km2": 0.161274 }, "geometry": { "type": "Point", "coordinates": [ 110.535326758344596, 40.709463237589581 ] } },
{ "type": "Feature", "properties": { "tang_id": 71666, "area_km2": 0.058681 }, "geometry": { "type": "Point", "coordinates": [ 110.53045264671718, 40.707825971515483 ] } },
{ "type": "Feature", "properties": { "tang_id": 71667, "area_km2": 0.034577 }, "geometry": { "type": "Point", "coordinates": [ 110.526019083182803, 40.706767498563096 ] } },
{ "type": "Feature", "properties": { "tang_id": 71668, "area_km2": 1.269606 }, "geometry": { "type": "Point", "coordinates": [ 110.552263996236178, 40.713413107746881 ] } },
{ "type": "Feature", "properties": { "tang_id": 71669, "area_km2": 29.198029 }, "geometry": { "type": "Point", "coordinates": [ 110.534986786727004, 40.68065415974327 ] } },
{ "type": "Feature", "properties": { "tang_id": 71670, "area_km2": 0.187674 }, "geometry": { "type": "Point", "coordinates": [ 110.484278889151398, 40.671176006828404 ] } },
{ "type": "Feature", "properties": { "tang_id": 71671, "area_km2": 0.566622 }, "geometry": { "type": "Point", "coordinates": [ 110.48307743764471, 40.648208744842734 ] } },
{ "type": "Feature", "properties": { "tang_id": 71672, "area_km2": 0.081486 }, "geometry": { "type": "Point", "coordinates": [ 110.559498763436977, 40.66041949093578 ] } },
{ "type": "Feature", "properties": { "tang_id": 71673, "area_km2": 0.050814 }, "geometry": { "type": "Point", "coordinates": [ 110.565135862329953, 40.654950107033393 ] } },
{ "type": "Feature", "properties": { "tang_id": 71674, "area_km2": 0.195644 }, "geometry": { "type": "Point", "coordinates": [ 110.621505519191601, 40.687915710206696 ] } },
{ "type": "Feature", "properties": { "tang_id": 71675, "area_km2": 0.514771 }, "geometry": { "type": "Point", "coordinates": [ 110.509841650187411, 40.703484747832185 ] } },
{ "type": "Feature", "properties": { "tang_id": 71676, "area_km2": 0.215539 }, "geometry": { "type": "Point", "coordinates": [ 110.496544777769856, 40.696258087145125 ] } },
{ "type": "Feature", "properties": { "tang_id": 71677, "area_km2": 0.037323 }, "geometry": { "type": "Point", "coordinates": [ 110.489383508298928, 40.691601451977071 ] } },
{ "type": "Feature", "properties": { "tang_id": 71678, "area_km2": 0.212478 }, "geometry": { "type": "Point", "coordinates": [ 110.485654254773351, 40.685812834018847 ] } },
{ "type": "Feature", "properties": { "tang_id": 71679, "area_km2": 0.147494 }, "geometry": { "type": "Point", "coordinates": [ 110.29359366084428, 40.635612877688644 ] } },
{ "type": "Feature", "properties": { "tang_id": 71680, "area_km2": 0.359359 }, "geometry": { "type": "Point", "coordinates": [ 110.629682374582018, 40.545040298091905 ] } },
{ "type": "Feature", "properties": { "tang_id": 71681, "area_km2": 0.252761 }, "geometry": { "type": "Point", "coordinates": [ 110.94690384186859, 41.10121951257927 ] } },
{ "type": "Feature", "properties": { "tang_id": 71682, "area_km2": 0.159107 }, "geometry": { "type": "Point", "coordinates": [ 110.954375424230875, 41.105273613079028 ] } },
{ "type": "Feature", "properties": { "tang_id": 71683, "area_km2": 2.193566 }, "geometry": { "type": "Point", "coordinates": [ 110.930202739278016, 41.113865651215129 ] } },
{ "type": "Feature", "properties": { "tang_id": 71684, "area_km2": 0.055489 }, "geometry": { "type": "Point", "coordinates": [ 110.923499301578673, 41.111104050830789 ] } },
{ "type": "Feature", "properties": { "tang_id": 71685, "area_km2": 0.034273 }, "geometry": { "type": "Point", "coordinates": [ 110.910031867147978, 41.108298302590022 ] } },
{ "type": "Feature", "properties": { "tang_id": 71686, "area_km2": 0.031607 }, "geometry": { "type": "Point", "coordinates": [ 110.911044919606738, 41.105659919455739 ] } },
{ "type": "Feature", "properties": { "tang_id": 71687, "area_km2": 0.005173 }, "geometry": { "type": "Point", "coordinates": [ 110.930321796443792, 41.097505483251645 ] } },
{ "type": "Feature", "properties": { "tang_id": 71688, "area_km2": 0.15149 }, "geometry": { "type": "Point", "coordinates": [ 110.920241948587218, 41.100771082571988 ] } },
{ "type": "Feature", "properties": { "tang_id": 71689, "area_km2": 0.312829 }, "geometry": { "type": "Point", "coordinates": [ 110.908353567154094, 41.102324437562871 ] } },
{ "type": "Feature", "properties": { "tang_id": 71690, "area_km2": 0.113604 }, "geometry": { "type": "Point", "coordinates": [ 110.994395028251546, 41.15294794586854 ] } },
{ "type": "Feature", "properties": { "tang_id": 71691, "area_km2": 0.008934 }, "geometry": { "type": "Point", "coordinates": [ 110.993168909157106, 41.155597447433173 ] } },
{ "type": "Feature", "properties": { "tang_id": 71692, "area_km2": 0.002137 }, "geometry": { "type": "Point", "coordinates": [ 110.994832387506619, 41.155878997136625 ] } },
{ "type": "Feature", "properties": { "tang_id": 71693, "area_km2": 0.003267 }, "geometry": { "type": "Point", "coordinates": [ 110.992616639978351, 41.156870000008169 ] } },
{ "type": "Feature", "properties": { "tang_id": 71694, "area_km2": 0.011781 }, "geometry": { "type": "Point", "coordinates": [ 110.994570995880238, 41.159398801716819 ] } },
{ "type": "Feature", "properties": { "tang_id": 71695, "area_km2": 0.012896 }, "geometry": { "type": "Point", "coordinates": [ 110.983705765331578, 41.160735660207848 ] } },
{ "type": "Feature", "properties": { "tang_id": 71696, "area_km2": 0.006765 }, "geometry": { "type": "Point", "coordinates": [ 110.985383399532481, 41.160604272402793 ] } },
{ "type": "Feature", "properties": { "tang_id": 71697, "area_km2": 0.002158 }, "geometry": { "type": "Point", "coordinates": [ 110.988435364553595, 41.16066793533038 ] } },
{ "type": "Feature", "properties": { "tang_id": 71698, "area_km2": 0.004777 }, "geometry": { "type": "Point", "coordinates": [ 110.986232317501475, 41.160017606166313 ] } },
{ "type": "Feature", "properties": { "tang_id": 71699, "area_km2": 0.071465 }, "geometry": { "type": "Point", "coordinates": [ 110.98393436571348, 41.158802030289358 ] } },
{ "type": "Feature", "properties": { "tang_id": 71700, "area_km2": 0.001919 }, "geometry": { "type": "Point", "coordinates": [ 110.97972421871377, 41.158768590983065 ] } },
{ "type": "Feature", "properties": { "tang_id": 71701, "area_km2": 0.004122 }, "geometry": { "type": "Point", "coordinates": [ 110.982839462435038, 41.161535364288696 ] } },
{ "type": "Feature", "properties": { "tang_id": 71702, "area_km2": 0.004444 }, "geometry": { "type": "Point", "coordinates": [ 110.981899203233766, 41.161571893097125 ] } },
{ "type": "Feature", "properties": { "tang_id": 71704, "area_km2": 0.002456 }, "geometry": { "type": "Point", "coordinates": [ 110.980415693671162, 41.161027942670451 ] } },
{ "type": "Feature", "properties": { "tang_id": 71705, "area_km2": 0.002615 }, "geometry": { "type": "Point", "coordinates": [ 110.978773580516574, 41.16116745427194 ] } },
{ "type": "Feature", "properties": { "tang_id": 71709, "area_km2": 0.003084 }, "geometry": { "type": "Point", "coordinates": [ 110.979643435848686, 41.162224184653027 ] } },
{ "type": "Feature", "properties": { "tang_id": 71710, "area_km2": 0.001219 }, "geometry": { "type": "Point", "coordinates": [ 110.976950321628948, 41.161743400205459 ] } },
{ "type": "Feature", "properties": { "tang_id": 71711, "area_km2": 0.022831 }, "geometry": { "type": "Point", "coordinates": [ 110.965264885080643, 41.158041836675778 ] } },
{ "type": "Feature", "properties": { "tang_id": 71712, "area_km2": 0.004153 }, "geometry": { "type": "Point", "coordinates": [ 110.963799748515953, 41.157422332228144 ] } },
{ "type": "Feature", "properties": { "tang_id": 71714, "area_km2": 0.039241 }, "geometry": { "type": "Point", "coordinates": [ 110.948151448018834, 41.169412511360456 ] } },
{ "type": "Feature", "properties": { "tang_id": 71715, "area_km2": 0.019038 }, "geometry": { "type": "Point", "coordinates": [ 110.950170794870502, 41.167640606874102 ] } },
{ "type": "Feature", "properties": { "tang_id": 71716, "area_km2": 0.176654 }, "geometry": { "type": "Point", "coordinates": [ 111.220208080304999, 41.033352881334707 ] } },
{ "type": "Feature", "properties": { "tang_id": 71717, "area_km2": 0.100965 }, "geometry": { "type": "Point", "coordinates": [ 111.253884313141839, 41.023917344286076 ] } },
{ "type": "Feature", "properties": { "tang_id": 71718, "area_km2": 0.012444 }, "geometry": { "type": "Point", "coordinates": [ 111.247977767945031, 41.024384070574669 ] } },
{ "type": "Feature", "properties": { "tang_id": 71719, "area_km2": 0.007627 }, "geometry": { "type": "Point", "coordinates": [ 111.253680562331112, 41.026268964564885 ] } },
{ "type": "Feature", "properties": { "tang_id": 71720, "area_km2": 0.002354 }, "geometry": { "type": "Point", "coordinates": [ 111.255767209638393, 41.026668362253922 ] } },
{ "type": "Feature", "properties": { "tang_id": 71721, "area_km2": 0.001476 }, "geometry": { "type": "Point", "coordinates": [ 111.257104542596821, 41.028218231036917 ] } },
{ "type": "Feature", "properties": { "tang_id": 71722, "area_km2": 0.002733 }, "geometry": { "type": "Point", "coordinates": [ 111.258786993951333, 41.028035909153431 ] } },
{ "type": "Feature", "properties": { "tang_id": 71723, "area_km2": 0.010263 }, "geometry": { "type": "Point", "coordinates": [ 111.261622479593072, 41.028222274058535 ] } },
{ "type": "Feature", "properties": { "tang_id": 71724, "area_km2": 0.052436 }, "geometry": { "type": "Point", "coordinates": [ 111.266872928125025, 41.027219112210425 ] } },
{ "type": "Feature", "properties": { "tang_id": 71725, "area_km2": 0.385776 }, "geometry": { "type": "Point", "coordinates": [ 111.432084578625748, 40.960134531410695 ] } },
{ "type": "Feature", "properties": { "tang_id": 71726, "area_km2": 0.134388 }, "geometry": { "type": "Point", "coordinates": [ 111.424466765925743, 40.959809012762797 ] } },
{ "type": "Feature", "properties": { "tang_id": 71727, "area_km2": 0.413715 }, "geometry": { "type": "Point", "coordinates": [ 111.470982008340329, 40.947069680691207 ] } },
{ "type": "Feature", "properties": { "tang_id": 71728, "area_km2": 0.050611 }, "geometry": { "type": "Point", "coordinates": [ 111.460204170294404, 40.952346136440916 ] } },
{ "type": "Feature", "properties": { "tang_id": 71729, "area_km2": 0.192363 }, "geometry": { "type": "Point", "coordinates": [ 111.450919594092767, 40.948199862012238 ] } },
{ "type": "Feature", "properties": { "tang_id": 71730, "area_km2": 0.234519 }, "geometry": { "type": "Point", "coordinates": [ 111.460970074053449, 40.932421286171952 ] } },
{ "type": "Feature", "properties": { "tang_id": 71731, "area_km2": 0.091093 }, "geometry": { "type": "Point", "coordinates": [ 111.457927647944715, 40.918210110888218 ] } },
{ "type": "Feature", "properties": { "tang_id": 71732, "area_km2": 0.191916 }, "geometry": { "type": "Point", "coordinates": [ 111.463986170760421, 40.909233992613999 ] } },
{ "type": "Feature", "properties": { "tang_id": 71733, "area_km2": 0.021639 }, "geometry": { "type": "Point", "coordinates": [ 111.466758700143274, 40.8941472432914 ] } },
{ "type": "Feature", "properties": { "tang_id": 71734, "area_km2": 0.013157 }, "geometry": { "type": "Point", "coordinates": [ 111.514958574447078, 40.859598254060636 ] } },
{ "type": "Feature", "properties": { "tang_id": 71735, "area_km2": 0.043917 }, "geometry": { "type": "Point", "coordinates": [ 111.504019572306589, 40.860112749541408 ] } },
{ "type": "Feature", "properties": { "tang_id": 71736, "area_km2": 0.62372 }, "geometry": { "type": "Point", "coordinates": [ 111.501508435791848, 40.852299941972426 ] } },
{ "type": "Feature", "properties": { "tang_id": 71737, "area_km2": 2.515949 }, "geometry": { "type": "Point", "coordinates": [ 110.584717521004364, 40.570540991885466 ] } },
{ "type": "Feature", "properties": { "tang_id": 71738, "area_km2": 0.408545 }, "geometry": { "type": "Point", "coordinates": [ 110.562752924900579, 40.53707741484024 ] } },
{ "type": "Feature", "properties": { "tang_id": 71739, "area_km2": 6.704846 }, "geometry": { "type": "Point", "coordinates": [ 111.508003464510097, 40.573518581867965 ] } },
{ "type": "Feature", "properties": { "tang_id": 71740, "area_km2": 0.374659 }, "geometry": { "type": "Point", "coordinates": [ 111.503591963537403, 40.554094536814389 ] } },
{ "type": "Feature", "properties": { "tang_id": 71741, "area_km2": 0.020985 }, "geometry": { "type": "Point", "coordinates": [ 111.509359657617054, 40.558808316718519 ] } },
{ "type": "Feature", "properties": { "tang_id": 71742, "area_km2": 0.05367 }, "geometry": { "type": "Point", "coordinates": [ 111.519913250072094, 40.553659317450389 ] } },
{ "type": "Feature", "properties": { "tang_id": 71743, "area_km2": 0.042006 }, "geometry": { "type": "Point", "coordinates": [ 111.491520594601909, 40.535538156637863 ] } },
{ "type": "Feature", "properties": { "tang_id": 71744, "area_km2": 0.050316 }, "geometry": { "type": "Point", "coordinates": [ 111.485738671056978, 40.530699202039784 ] } },
{ "type": "Feature", "properties": { "tang_id": 71745, "area_km2": 0.556541 }, "geometry": { "type": "Point", "coordinates": [ 111.481930016825842, 40.517532929520655 ] } },
{ "type": "Feature", "properties": { "tang_id": 71746, "area_km2": 0.032317 }, "geometry": { "type": "Point", "coordinates": [ 111.478761245352928, 40.522651461905276 ] } },
{ "type": "Feature", "properties": { "tang_id": 71747, "area_km2": 0.023261 }, "geometry": { "type": "Point", "coordinates": [ 111.472597717531229, 40.502832958635373 ] } },
{ "type": "Feature", "properties": { "tang_id": 71748, "area_km2": 0.025735 }, "geometry": { "type": "Point", "coordinates": [ 111.470404277203144, 40.498746660461215 ] } },
{ "type": "Feature", "properties": { "tang_id": 71749, "area_km2": 0.026092 }, "geometry": { "type": "Point", "coordinates": [ 111.457283879119117, 40.476859044986995 ] } },
{ "type": "Feature", "properties": { "tang_id": 71750, "area_km2": 0.012025 }, "geometry": { "type": "Point", "coordinates": [ 111.455210750994169, 40.477293766840546 ] } },
{ "type": "Feature", "properties": { "tang_id": 71751, "area_km2": 0.026323 }, "geometry": { "type": "Point", "coordinates": [ 111.455181188580127, 40.472965094540896 ] } },
{ "type": "Feature", "properties": { "tang_id": 71752, "area_km2": 0.317456 }, "geometry": { "type": "Point", "coordinates": [ 111.44588401258288, 40.455109800980118 ] } },
{ "type": "Feature", "properties": { "tang_id": 71753, "area_km2": 0.734506 }, "geometry": { "type": "Point", "coordinates": [ 111.427248734515885, 40.428360327932772 ] } },
{ "type": "Feature", "properties": { "tang_id": 71754, "area_km2": 0.154198 }, "geometry": { "type": "Point", "coordinates": [ 111.423435378053341, 40.416401938285347 ] } },
{ "type": "Feature", "properties": { "tang_id": 71755, "area_km2": 1.931265 }, "geometry": { "type": "Point", "coordinates": [ 111.417725870245633, 40.395335252465863 ] } },
{ "type": "Feature", "properties": { "tang_id": 71756, "area_km2": 2.743203 }, "geometry": { "type": "Point", "coordinates": [ 111.40296057319091, 40.35789648632435 ] } },
{ "type": "Feature", "properties": { "tang_id": 71757, "area_km2": 6.043155 }, "geometry": { "type": "Point", "coordinates": [ 111.385404609641014, 40.303607729282184 ] } },
{ "type": "Feature", "properties": { "tang_id": 71758, "area_km2": 0.049092 }, "geometry": { "type": "Point", "coordinates": [ 111.365332948249659, 40.242061004597467 ] } },
{ "type": "Feature", "properties": { "tang_id": 71759, "area_km2": 0.0076 }, "geometry": { "type": "Point", "coordinates": [ 111.357261025581934, 40.232933580808016 ] } },
{ "type": "Feature", "properties": { "tang_id": 71760, "area_km2": 0.028524 }, "geometry": { "type": "Point", "coordinates": [ 111.34267814211897, 40.222167635329342 ] } },
{ "type": "Feature", "properties": { "tang_id": 71761, "area_km2": 1.049861 }, "geometry": { "type": "Point", "coordinates": [ 111.415111799450301, 40.169494537149731 ] } },
{ "type": "Feature", "properties": { "tang_id": 71762, "area_km2": 0.027701 }, "geometry": { "type": "Point", "coordinates": [ 110.381677953030362, 40.606025486062336 ] } },
{ "type": "Feature", "properties": { "tang_id": 71763, "area_km2": 0.007311 }, "geometry": { "type": "Point", "coordinates": [ 110.378966805232011, 40.606454478217415 ] } },
{ "type": "Feature", "properties": { "tang_id": 71764, "area_km2": 0.005224 }, "geometry": { "type": "Point", "coordinates": [ 110.377529185504798, 40.60668650946478 ] } },
{ "type": "Feature", "properties": { "tang_id": 71765, "area_km2": 0.02634 }, "geometry": { "type": "Point", "coordinates": [ 110.381570282639743, 40.603442191041523 ] } },
{ "type": "Feature", "properties": { "tang_id": 71766, "area_km2": 0.092471 }, "geometry": { "type": "Point", "coordinates": [ 110.434154248898096, 40.611121642463402 ] } },
{ "type": "Feature", "properties": { "tang_id": 71767, "area_km2": 0.023604 }, "geometry": { "type": "Point", "coordinates": [ 110.428615883277757, 40.613989003820222 ] } },
{ "type": "Feature", "properties": { "tang_id": 71786, "area_km2": 0.024707 }, "geometry": { "type": "Point", "coordinates": [ 109.571035269829011, 41.043710633410001 ] } },
{ "type": "Feature", "properties": { "tang_id": 71787, "area_km2": 4.578726 }, "geometry": { "type": "Point", "coordinates": [ 109.704192279359191, 40.602028160024666 ] } },
{ "type": "Feature", "properties": { "tang_id": 71788, "area_km2": 1.178526 }, "geometry": { "type": "Point", "coordinates": [ 109.676199023319654, 40.601201335621433 ] } },
{ "type": "Feature", "properties": { "tang_id": 71789, "area_km2": 1.819618 }, "geometry": { "type": "Point", "coordinates": [ 109.716944647096511, 40.639133469276246 ] } },
{ "type": "Feature", "properties": { "tang_id": 71790, "area_km2": 2.801346 }, "geometry": { "type": "Point", "coordinates": [ 109.742217701190015, 40.625473536943332 ] } },
{ "type": "Feature", "properties": { "tang_id": 71791, "area_km2": 2.120757 }, "geometry": { "type": "Point", "coordinates": [ 109.719835000185526, 40.623114383542557 ] } },
{ "type": "Feature", "properties": { "tang_id": 71792, "area_km2": 3.428836 }, "geometry": { "type": "Point", "coordinates": [ 109.762954204625103, 40.614203718587461 ] } },
{ "type": "Feature", "properties": { "tang_id": 71793, "area_km2": 0.452375 }, "geometry": { "type": "Point", "coordinates": [ 109.614095001878738, 40.872148736421941 ] } },
{ "type": "Feature", "properties": { "tang_id": 71794, "area_km2": 0.10096 }, "geometry": { "type": "Point", "coordinates": [ 110.106871030128161, 40.946040978253187 ] } },
{ "type": "Feature", "properties": { "tang_id": 71795, "area_km2": 0.297215 }, "geometry": { "type": "Point", "coordinates": [ 110.113400053142598, 40.942679002558968 ] } },
{ "type": "Feature", "properties": { "tang_id": 71796, "area_km2": 0.466847 }, "geometry": { "type": "Point", "coordinates": [ 110.122412047448066, 40.939106345156297 ] } },
{ "type": "Feature", "properties": { "tang_id": 71797, "area_km2": 0.078379 }, "geometry": { "type": "Point", "coordinates": [ 110.124636002421184, 40.94515574600544 ] } },
{ "type": "Feature", "properties": { "tang_id": 71798, "area_km2": 0.071124 }, "geometry": { "type": "Point", "coordinates": [ 110.124547568628444, 40.951326493804928 ] } },
{ "type": "Feature", "properties": { "tang_id": 71799, "area_km2": 0.352263 }, "geometry": { "type": "Point", "coordinates": [ 110.122759540755737, 40.958860624418634 ] } },
{ "type": "Feature", "properties": { "tang_id": 71800, "area_km2": 0.038859 }, "geometry": { "type": "Point", "coordinates": [ 110.112047227901826, 40.958671286745655 ] } },
{ "type": "Feature", "properties": { "tang_id": 71801, "area_km2": 0.386551 }, "geometry": { "type": "Point", "coordinates": [ 110.150779346982247, 40.944988348478383 ] } },
{ "type": "Feature", "properties": { "tang_id": 71802, "area_km2": 0.112297 }, "geometry": { "type": "Point", "coordinates": [ 109.638515282059359, 41.287941042660592 ] } },
{ "type": "Feature", "properties": { "tang_id": 71803, "area_km2": 0.035052 }, "geometry": { "type": "Point", "coordinates": [ 109.633373095573035, 41.293396233162504 ] } },
{ "type": "Feature", "properties": { "tang_id": 71804, "area_km2": 0.275997 }, "geometry": { "type": "Point", "coordinates": [ 109.662124471564127, 41.316160506342158 ] } },
{ "type": "Feature", "properties": { "tang_id": 71805, "area_km2": 0.076342 }, "geometry": { "type": "Point", "coordinates": [ 109.67837509447142, 41.281413304918175 ] } },
{ "type": "Feature", "properties": { "tang_id": 71806, "area_km2": 0.401903 }, "geometry": { "type": "Point", "coordinates": [ 110.013444282223873, 41.875287269179232 ] } },
{ "type": "Feature", "properties": { "tang_id": 71807, "area_km2": 0.087964 }, "geometry": { "type": "Point", "coordinates": [ 110.00821398986831, 41.880309800306868 ] } },
{ "type": "Feature", "properties": { "tang_id": 71808, "area_km2": 4.146574 }, "geometry": { "type": "Point", "coordinates": [ 109.998574139104036, 41.851623105337907 ] } },
{ "type": "Feature", "properties": { "tang_id": 71809, "area_km2": 0.127089 }, "geometry": { "type": "Point", "coordinates": [ 110.058491293698069, 41.908976563648338 ] } },
{ "type": "Feature", "properties": { "tang_id": 71810, "area_km2": 0.798119 }, "geometry": { "type": "Point", "coordinates": [ 110.06018846495148, 41.800288930484498 ] } },
{ "type": "Feature", "properties": { "tang_id": 71811, "area_km2": 0.142594 }, "geometry": { "type": "Point", "coordinates": [ 110.036798161465768, 41.782729438882214 ] } },
{ "type": "Feature", "properties": { "tang_id": 71812, "area_km2": 0.238287 }, "geometry": { "type": "Point", "coordinates": [ 110.0050429671644, 41.829729629671064 ] } },
{ "type": "Feature", "properties": { "tang_id": 71813, "area_km2": 0.027175 }, "geometry": { "type": "Point", "coordinates": [ 110.008742443017468, 41.83233102425843 ] } },
{ "type": "Feature", "properties": { "tang_id": 71814, "area_km2": 0.105177 }, "geometry": { "type": "Point", "coordinates": [ 110.020752242222528, 41.831143516566485 ] } },
{ "type": "Feature", "properties": { "tang_id": 71815, "area_km2": 0.01574 }, "geometry": { "type": "Point", "coordinates": [ 110.027658164113106, 41.832990729220576 ] } },
{ "type": "Feature", "properties": { "tang_id": 71816, "area_km2": 0.578438 }, "geometry": { "type": "Point", "coordinates": [ 110.079685761058954, 41.821033106921746 ] } },
{ "type": "Feature", "properties": { "tang_id": 71817, "area_km2": 0.020352 }, "geometry": { "type": "Point", "coordinates": [ 110.028798518947966, 41.841160471159597 ] } },
{ "type": "Feature", "properties": { "tang_id": 71818, "area_km2": 0.012265 }, "geometry": { "type": "Point", "coordinates": [ 110.025528660018821, 41.841023043606498 ] } },
{ "type": "Feature", "properties": { "tang_id": 71819, "area_km2": 0.040171 }, "geometry": { "type": "Point", "coordinates": [ 110.021482945385074, 41.841440792444729 ] } },
{ "type": "Feature", "properties": { "tang_id": 71820, "area_km2": 0.014364 }, "geometry": { "type": "Point", "coordinates": [ 110.022757035529594, 41.844545600304599 ] } },
{ "type": "Feature", "properties": { "tang_id": 71821, "area_km2": 3.259137 }, "geometry": { "type": "Point", "coordinates": [ 110.196404587425704, 41.632201564162038 ] } },
{ "type": "Feature", "properties": { "tang_id": 71822, "area_km2": 0.909948 }, "geometry": { "type": "Point", "coordinates": [ 110.179792863065416, 41.634904063990419 ] } },
{ "type": "Feature", "properties": { "tang_id": 71823, "area_km2": 0.039493 }, "geometry": { "type": "Point", "coordinates": [ 110.170661912170814, 41.628847995636349 ] } },
{ "type": "Feature", "properties": { "tang_id": 71824, "area_km2": 0.175142 }, "geometry": { "type": "Point", "coordinates": [ 110.176379750177432, 41.643514446039362 ] } },
{ "type": "Feature", "properties": { "tang_id": 71825, "area_km2": 0.189029 }, "geometry": { "type": "Point", "coordinates": [ 110.176528980269396, 41.649106794181868 ] } },
{ "type": "Feature", "properties": { "tang_id": 71826, "area_km2": 0.440625 }, "geometry": { "type": "Point", "coordinates": [ 110.153715547581342, 41.645279019091831 ] } },
{ "type": "Feature", "properties": { "tang_id": 71827, "area_km2": 0.710053 }, "geometry": { "type": "Point", "coordinates": [ 110.195690736097092, 41.661772194284517 ] } },
{ "type": "Feature", "properties": { "tang_id": 71828, "area_km2": 0.04187 }, "geometry": { "type": "Point", "coordinates": [ 110.206244178609253, 41.661328594373174 ] } },
{ "type": "Feature", "properties": { "tang_id": 71829, "area_km2": 0.08646 }, "geometry": { "type": "Point", "coordinates": [ 110.212680718871027, 41.664688198292346 ] } },
{ "type": "Feature", "properties": { "tang_id": 71830, "area_km2": 0.877269 }, "geometry": { "type": "Point", "coordinates": [ 110.17901463256969, 41.654223461738255 ] } },
{ "type": "Feature", "properties": { "tang_id": 71831, "area_km2": 0.16571 }, "geometry": { "type": "Point", "coordinates": [ 110.180055375068861, 41.658194264032495 ] } },
{ "type": "Feature", "properties": { "tang_id": 71832, "area_km2": 0.014596 }, "geometry": { "type": "Point", "coordinates": [ 110.166831917028333, 41.658514903598139 ] } },
{ "type": "Feature", "properties": { "tang_id": 71833, "area_km2": 1.763063 }, "geometry": { "type": "Point", "coordinates": [ 110.153224190143305, 41.656136830481785 ] } },
{ "type": "Feature", "properties": { "tang_id": 71834, "area_km2": 0.112834 }, "geometry": { "type": "Point", "coordinates": [ 110.156946711910223, 41.664954696934323 ] } },
{ "type": "Feature", "properties": { "tang_id": 71835, "area_km2": 0.006141 }, "geometry": { "type": "Point", "coordinates": [ 110.15937460029501, 41.66713299640891 ] } },
{ "type": "Feature", "properties": { "tang_id": 71836, "area_km2": 0.008409 }, "geometry": { "type": "Point", "coordinates": [ 110.155229742751956, 41.662005502525972 ] } },
{ "type": "Feature", "properties": { "tang_id": 71837, "area_km2": 0.137522 }, "geometry": { "type": "Point", "coordinates": [ 110.154459493410826, 41.674147338078662 ] } },
{ "type": "Feature", "properties": { "tang_id": 71838, "area_km2": 0.004712 }, "geometry": { "type": "Point", "coordinates": [ 110.152864732457815, 41.676417372107913 ] } },
{ "type": "Feature", "properties": { "tang_id": 71839, "area_km2": 0.215505 }, "geometry": { "type": "Point", "coordinates": [ 110.103042823590741, 41.621020030848328 ] } },
{ "type": "Feature", "properties": { "tang_id": 71840, "area_km2": 0.039324 }, "geometry": { "type": "Point", "coordinates": [ 110.100952814754379, 41.613142971866132 ] } },
{ "type": "Feature", "properties": { "tang_id": 71841, "area_km2": 0.042131 }, "geometry": { "type": "Point", "coordinates": [ 110.099088309301081, 41.6073957775221 ] } },
{ "type": "Feature", "properties": { "tang_id": 71842, "area_km2": 0.020194 }, "geometry": { "type": "Point", "coordinates": [ 110.097137273065854, 41.614070651879814 ] } },
{ "type": "Feature", "properties": { "tang_id": 71843, "area_km2": 0.005156 }, "geometry": { "type": "Point", "coordinates": [ 110.097634801660149, 41.615672845260413 ] } },
{ "type": "Feature", "properties": { "tang_id": 71844, "area_km2": 0.007686 }, "geometry": { "type": "Point", "coordinates": [ 110.098374280579023, 41.617087997579887 ] } },
{ "type": "Feature", "properties": { "tang_id": 71845, "area_km2": 0.00818 }, "geometry": { "type": "Point", "coordinates": [ 110.099663022708995, 41.618343683663007 ] } },
{ "type": "Feature", "properties": { "tang_id": 71846, "area_km2": 0.667238 }, "geometry": { "type": "Point", "coordinates": [ 110.091851052387923, 41.640573623950083 ] } },
{ "type": "Feature", "properties": { "tang_id": 71847, "area_km2": 0.781139 }, "geometry": { "type": "Point", "coordinates": [ 109.995887413637732, 41.402097130842172 ] } },
{ "type": "Feature", "properties": { "tang_id": 71848, "area_km2": 0.889725 }, "geometry": { "type": "Point", "coordinates": [ 109.968375335672818, 41.384313636313486 ] } },
{ "type": "Feature", "properties": { "tang_id": 71849, "area_km2": 0.825606 }, "geometry": { "type": "Point", "coordinates": [ 109.944374766833732, 41.383430917158485 ] } },
{ "type": "Feature", "properties": { "tang_id": 71850, "area_km2": 0.322997 }, "geometry": { "type": "Point", "coordinates": [ 109.946285490209533, 41.375067261341762 ] } },
{ "type": "Feature", "properties": { "tang_id": 71851, "area_km2": 0.043594 }, "geometry": { "type": "Point", "coordinates": [ 109.937160948606461, 41.379020006171331 ] } },
{ "type": "Feature", "properties": { "tang_id": 71852, "area_km2": 0.074728 }, "geometry": { "type": "Point", "coordinates": [ 109.938430881929762, 41.376565406312196 ] } },
{ "type": "Feature", "properties": { "tang_id": 71853, "area_km2": 0.123171 }, "geometry": { "type": "Point", "coordinates": [ 109.938793247939216, 41.372551112328722 ] } },
{ "type": "Feature", "properties": { "tang_id": 71854, "area_km2": 0.111431 }, "geometry": { "type": "Point", "coordinates": [ 109.950254295348117, 41.371663854412049 ] } },
{ "type": "Feature", "properties": { "tang_id": 71855, "area_km2": 0.050452 }, "geometry": { "type": "Point", "coordinates": [ 109.938180920273197, 41.363013287376823 ] } },
{ "type": "Feature", "properties": { "tang_id": 71856, "area_km2": 0.046635 }, "geometry": { "type": "Point", "coordinates": [ 109.951507725752535, 41.338732917153401 ] } },
{ "type": "Feature", "properties": { "tang_id": 71857, "area_km2": 0.04812 }, "geometry": { "type": "Point", "coordinates": [ 109.915054450716923, 41.32605551251298 ] } },
{ "type": "Feature", "properties": { "tang_id": 71858, "area_km2": 0.169934 }, "geometry": { "type": "Point", "coordinates": [ 109.88107165291629, 41.348169068766651 ] } },
{ "type": "Feature", "properties": { "tang_id": 71859, "area_km2": 0.136529 }, "geometry": { "type": "Point", "coordinates": [ 109.866477882848187, 41.3491273982644 ] } },
{ "type": "Feature", "properties": { "tang_id": 71860, "area_km2": 0.039286 }, "geometry": { "type": "Point", "coordinates": [ 109.871770318018747, 41.34667603530248 ] } },
{ "type": "Feature", "properties": { "tang_id": 71861, "area_km2": 0.696527 }, "geometry": { "type": "Point", "coordinates": [ 109.880022415155096, 41.386395850543998 ] } },
{ "type": "Feature", "properties": { "tang_id": 71862, "area_km2": 0.021106 }, "geometry": { "type": "Point", "coordinates": [ 109.892754594312933, 41.392378865526283 ] } },
{ "type": "Feature", "properties": { "tang_id": 71863, "area_km2": 0.044508 }, "geometry": { "type": "Point", "coordinates": [ 109.917284966911836, 41.384391388809718 ] } },
{ "type": "Feature", "properties": { "tang_id": 71864, "area_km2": 0.01047 }, "geometry": { "type": "Point", "coordinates": [ 109.924793216306867, 41.386148383271994 ] } },
{ "type": "Feature", "properties": { "tang_id": 71865, "area_km2": 0.193723 }, "geometry": { "type": "Point", "coordinates": [ 109.945851394507457, 41.352598740839881 ] } },
{ "type": "Feature", "properties": { "tang_id": 71866, "area_km2": 0.012695 }, "geometry": { "type": "Point", "coordinates": [ 109.949938989772392, 41.349958236723737 ] } },
{ "type": "Feature", "properties": { "tang_id": 71867, "area_km2": 0.007748 }, "geometry": { "type": "Point", "coordinates": [ 109.958837104846154, 41.318602076270359 ] } },
{ "type": "Feature", "properties": { "tang_id": 71868, "area_km2": 0.025025 }, "geometry": { "type": "Point", "coordinates": [ 109.838433400659653, 41.391646376561567 ] } },
{ "type": "Feature", "properties": { "tang_id": 71869, "area_km2": 0.009461 }, "geometry": { "type": "Point", "coordinates": [ 109.83738583505037, 41.388923186860602 ] } },
{ "type": "Feature", "properties": { "tang_id": 71870, "area_km2": 0.243439 }, "geometry": { "type": "Point", "coordinates": [ 109.811416559215985, 41.404662102282224 ] } },
{ "type": "Feature", "properties": { "tang_id": 71871, "area_km2": 0.012088 }, "geometry": { "type": "Point", "coordinates": [ 109.804044316778842, 41.406814784297872 ] } },
{ "type": "Feature", "properties": { "tang_id": 71872, "area_km2": 0.00318 }, "geometry": { "type": "Point", "coordinates": [ 109.802180801647452, 41.407701348734882 ] } },
{ "type": "Feature", "properties": { "tang_id": 71873, "area_km2": 0.013021 }, "geometry": { "type": "Point", "coordinates": [ 109.801269429856021, 41.405733048578668 ] } },
{ "type": "Feature", "properties": { "tang_id": 71874, "area_km2": 0.824078 }, "geometry": { "type": "Point", "coordinates": [ 109.685755467689319, 41.330772920445057 ] } },
{ "type": "Feature", "properties": { "tang_id": 71875, "area_km2": 0.248186 }, "geometry": { "type": "Point", "coordinates": [ 109.693461826929394, 41.315367305554801 ] } },
{ "type": "Feature", "properties": { "tang_id": 71876, "area_km2": 0.063209 }, "geometry": { "type": "Point", "coordinates": [ 109.705920576201976, 41.294808956523148 ] } },
{ "type": "Feature", "properties": { "tang_id": 71877, "area_km2": 0.017464 }, "geometry": { "type": "Point", "coordinates": [ 109.700734314499428, 41.295208899012103 ] } },
{ "type": "Feature", "properties": { "tang_id": 71878, "area_km2": 0.007678 }, "geometry": { "type": "Point", "coordinates": [ 109.710164216432091, 41.29405606624529 ] } },
{ "type": "Feature", "properties": { "tang_id": 71879, "area_km2": 0.003733 }, "geometry": { "type": "Point", "coordinates": [ 109.709039521825559, 41.294400571178421 ] } },
{ "type": "Feature", "properties": { "tang_id": 71880, "area_km2": 0.070917 }, "geometry": { "type": "Point", "coordinates": [ 109.713603068647117, 41.29468301949759 ] } },
{ "type": "Feature", "properties": { "tang_id": 71881, "area_km2": 0.001899 }, "geometry": { "type": "Point", "coordinates": [ 109.714578445028081, 41.29255081745756 ] } },
{ "type": "Feature", "properties": { "tang_id": 71882, "area_km2": 0.119098 }, "geometry": { "type": "Point", "coordinates": [ 109.721008402388122, 41.294351453503609 ] } },
{ "type": "Feature", "properties": { "tang_id": 71883, "area_km2": 0.015643 }, "geometry": { "type": "Point", "coordinates": [ 109.719920976398939, 41.296950383876009 ] } },
{ "type": "Feature", "properties": { "tang_id": 71884, "area_km2": 0.139583 }, "geometry": { "type": "Point", "coordinates": [ 109.72888891897162, 41.292634215938605 ] } },
{ "type": "Feature", "properties": { "tang_id": 71885, "area_km2": 0.064134 }, "geometry": { "type": "Point", "coordinates": [ 109.723277175678021, 41.28742138464343 ] } },
{ "type": "Feature", "properties": { "tang_id": 71887, "area_km2": 0.001999 }, "geometry": { "type": "Point", "coordinates": [ 109.727418186403654, 41.28716830827269 ] } },
{ "type": "Feature", "properties": { "tang_id": 71889, "area_km2": 0.092299 }, "geometry": { "type": "Point", "coordinates": [ 109.731167825502951, 41.282355200397689 ] } },
{ "type": "Feature", "properties": { "tang_id": 71890, "area_km2": 0.022117 }, "geometry": { "type": "Point", "coordinates": [ 109.733994593149021, 41.283481575836127 ] } },
{ "type": "Feature", "properties": { "tang_id": 71891, "area_km2": 0.021114 }, "geometry": { "type": "Point", "coordinates": [ 109.733159844764884, 41.280165635970597 ] } },
{ "type": "Feature", "properties": { "tang_id": 71892, "area_km2": 0.064211 }, "geometry": { "type": "Point", "coordinates": [ 109.736491410672954, 41.279809675164181 ] } },
{ "type": "Feature", "properties": { "tang_id": 71893, "area_km2": 0.047179 }, "geometry": { "type": "Point", "coordinates": [ 109.740413319266906, 41.278651995351076 ] } },
{ "type": "Feature", "properties": { "tang_id": 71894, "area_km2": 0.002815 }, "geometry": { "type": "Point", "coordinates": [ 109.748989303194747, 41.277434860944226 ] } },
{ "type": "Feature", "properties": { "tang_id": 71895, "area_km2": 0.003288 }, "geometry": { "type": "Point", "coordinates": [ 109.74574149563874, 41.276691796323796 ] } },
{ "type": "Feature", "properties": { "tang_id": 71896, "area_km2": 0.009292 }, "geometry": { "type": "Point", "coordinates": [ 109.743560372672022, 41.277346571740644 ] } },
{ "type": "Feature", "properties": { "tang_id": 71897, "area_km2": 0.001346 }, "geometry": { "type": "Point", "coordinates": [ 109.748890162470744, 41.278388149810127 ] } },
{ "type": "Feature", "properties": { "tang_id": 71898, "area_km2": 0.002151 }, "geometry": { "type": "Point", "coordinates": [ 109.747837118082757, 41.278735861211587 ] } },
{ "type": "Feature", "properties": { "tang_id": 71899, "area_km2": 0.004236 }, "geometry": { "type": "Point", "coordinates": [ 109.74676506398194, 41.278897973401605 ] } },
{ "type": "Feature", "properties": { "tang_id": 71900, "area_km2": 0.005345 }, "geometry": { "type": "Point", "coordinates": [ 109.748826110947036, 41.280766949228422 ] } },
{ "type": "Feature", "properties": { "tang_id": 71903, "area_km2": 0.002783 }, "geometry": { "type": "Point", "coordinates": [ 109.752391219069992, 41.28082472475009 ] } },
{ "type": "Feature", "properties": { "tang_id": 71904, "area_km2": 0.005286 }, "geometry": { "type": "Point", "coordinates": [ 109.753345564420755, 41.284580678715756 ] } },
{ "type": "Feature", "properties": { "tang_id": 71905, "area_km2": 0.006162 }, "geometry": { "type": "Point", "coordinates": [ 109.751261971438709, 41.28761210059082 ] } },
{ "type": "Feature", "properties": { "tang_id": 71906, "area_km2": 0.002323 }, "geometry": { "type": "Point", "coordinates": [ 109.745260643110512, 41.287463011208906 ] } },
{ "type": "Feature", "properties": { "tang_id": 71907, "area_km2": 0.00512 }, "geometry": { "type": "Point", "coordinates": [ 109.769371643771876, 41.280379942979692 ] } },
{ "type": "Feature", "properties": { "tang_id": 71908, "area_km2": 0.001212 }, "geometry": { "type": "Point", "coordinates": [ 109.76767233582828, 41.275556514269475 ] } },
{ "type": "Feature", "properties": { "tang_id": 71909, "area_km2": 0.002236 }, "geometry": { "type": "Point", "coordinates": [ 109.764794033617434, 41.275773328505018 ] } },
{ "type": "Feature", "properties": { "tang_id": 71910, "area_km2": 0.016154 }, "geometry": { "type": "Point", "coordinates": [ 109.717072971390124, 41.288279637071817 ] } },
{ "type": "Feature", "properties": { "tang_id": 71911, "area_km2": 0.001533 }, "geometry": { "type": "Point", "coordinates": [ 109.715018511924768, 41.288257552951798 ] } },
{ "type": "Feature", "properties": { "tang_id": 71912, "area_km2": 0.002207 }, "geometry": { "type": "Point", "coordinates": [ 109.717123910451562, 41.287035813924426 ] } },
{ "type": "Feature", "properties": { "tang_id": 71914, "area_km2": 0.002912 }, "geometry": { "type": "Point", "coordinates": [ 109.718326836873686, 41.28565591204157 ] } },
{ "type": "Feature", "properties": { "tang_id": 71915, "area_km2": 0.006769 }, "geometry": { "type": "Point", "coordinates": [ 109.71663881289885, 41.284161481324105 ] } },
{ "type": "Feature", "properties": { "tang_id": 71917, "area_km2": 0.01417 }, "geometry": { "type": "Point", "coordinates": [ 109.718506638916722, 41.282351119332709 ] } },
{ "type": "Feature", "properties": { "tang_id": 71918, "area_km2": 0.021002 }, "geometry": { "type": "Point", "coordinates": [ 109.710153618662318, 41.279860504936629 ] } },
{ "type": "Feature", "properties": { "tang_id": 71919, "area_km2": 0.021236 }, "geometry": { "type": "Point", "coordinates": [ 109.695061869223366, 41.286819605084268 ] } },
{ "type": "Feature", "properties": { "tang_id": 71920, "area_km2": 0.02036 }, "geometry": { "type": "Point", "coordinates": [ 109.695390189715795, 41.294747873252341 ] } },
{ "type": "Feature", "properties": { "tang_id": 71921, "area_km2": 0.009801 }, "geometry": { "type": "Point", "coordinates": [ 109.693576461488064, 41.294230888265567 ] } },
{ "type": "Feature", "properties": { "tang_id": 71922, "area_km2": 0.006946 }, "geometry": { "type": "Point", "coordinates": [ 109.689664260862173, 41.294448272365138 ] } },
{ "type": "Feature", "properties": { "tang_id": 71923, "area_km2": 0.001502 }, "geometry": { "type": "Point", "coordinates": [ 109.688548578703575, 41.292071655824053 ] } },
{ "type": "Feature", "properties": { "tang_id": 71924, "area_km2": 0.007222 }, "geometry": { "type": "Point", "coordinates": [ 109.687193337860634, 41.292284440283602 ] } },
{ "type": "Feature", "properties": { "tang_id": 71925, "area_km2": 0.026565 }, "geometry": { "type": "Point", "coordinates": [ 109.684419044888827, 41.291896308481554 ] } },
{ "type": "Feature", "properties": { "tang_id": 71926, "area_km2": 0.01431 }, "geometry": { "type": "Point", "coordinates": [ 109.679854437514081, 41.292154804321839 ] } },
{ "type": "Feature", "properties": { "tang_id": 71927, "area_km2": 0.002482 }, "geometry": { "type": "Point", "coordinates": [ 109.675223031191621, 41.290997555722655 ] } },
{ "type": "Feature", "properties": { "tang_id": 71928, "area_km2": 0.006532 }, "geometry": { "type": "Point", "coordinates": [ 109.672428917661676, 41.291175508878013 ] } },
{ "type": "Feature", "properties": { "tang_id": 71929, "area_km2": 0.102209 }, "geometry": { "type": "Point", "coordinates": [ 109.666022461490542, 41.29044715508055 ] } },
{ "type": "Feature", "properties": { "tang_id": 71930, "area_km2": 0.001672 }, "geometry": { "type": "Point", "coordinates": [ 109.67584935407109, 41.29156472696107 ] } },
{ "type": "Feature", "properties": { "tang_id": 71931, "area_km2": 0.306788 }, "geometry": { "type": "Point", "coordinates": [ 109.673607954060245, 41.278376680596651 ] } },
{ "type": "Feature", "properties": { "tang_id": 71932, "area_km2": 0.025305 }, "geometry": { "type": "Point", "coordinates": [ 109.683844426516217, 41.275039022090873 ] } },
{ "type": "Feature", "properties": { "tang_id": 71933, "area_km2": 0.103928 }, "geometry": { "type": "Point", "coordinates": [ 109.663567183243018, 41.280325927329848 ] } },
{ "type": "Feature", "properties": { "tang_id": 71934, "area_km2": 0.062236 }, "geometry": { "type": "Point", "coordinates": [ 109.669371148477424, 41.282556374022633 ] } },
{ "type": "Feature", "properties": { "tang_id": 71935, "area_km2": 0.062771 }, "geometry": { "type": "Point", "coordinates": [ 109.6655817487772, 41.283765388877818 ] } },
{ "type": "Feature", "properties": { "tang_id": 71936, "area_km2": 0.011179 }, "geometry": { "type": "Point", "coordinates": [ 109.662605775200561, 41.283762212745593 ] } },
{ "type": "Feature", "properties": { "tang_id": 71937, "area_km2": 0.05617 }, "geometry": { "type": "Point", "coordinates": [ 109.659772524089277, 41.286516536586568 ] } },
{ "type": "Feature", "properties": { "tang_id": 71938, "area_km2": 0.006429 }, "geometry": { "type": "Point", "coordinates": [ 109.658827714324474, 41.285616315499759 ] } },
{ "type": "Feature", "properties": { "tang_id": 71939, "area_km2": 0.002262 }, "geometry": { "type": "Point", "coordinates": [ 109.656880202070056, 41.288065463547518 ] } },
{ "type": "Feature", "properties": { "tang_id": 71940, "area_km2": 0.006471 }, "geometry": { "type": "Point", "coordinates": [ 109.658450636459889, 41.288253112195846 ] } },
{ "type": "Feature", "properties": { "tang_id": 71941, "area_km2": 0.018694 }, "geometry": { "type": "Point", "coordinates": [ 109.654536258094495, 41.288673625451707 ] } },
{ "type": "Feature", "properties": { "tang_id": 71942, "area_km2": 0.001013 }, "geometry": { "type": "Point", "coordinates": [ 109.651402303677372, 41.287651240732401 ] } },
{ "type": "Feature", "properties": { "tang_id": 71943, "area_km2": 0.002122 }, "geometry": { "type": "Point", "coordinates": [ 109.649953674220257, 41.286505077832771 ] } },
{ "type": "Feature", "properties": { "tang_id": 71944, "area_km2": 0.004223 }, "geometry": { "type": "Point", "coordinates": [ 109.648508927972856, 41.28941510795174 ] } },
{ "type": "Feature", "properties": { "tang_id": 71945, "area_km2": 0.17215 }, "geometry": { "type": "Point", "coordinates": [ 109.660211772722064, 41.293640762768696 ] } },
{ "type": "Feature", "properties": { "tang_id": 71946, "area_km2": 0.092238 }, "geometry": { "type": "Point", "coordinates": [ 109.656506988876146, 41.297785036212538 ] } },
{ "type": "Feature", "properties": { "tang_id": 71947, "area_km2": 0.112436 }, "geometry": { "type": "Point", "coordinates": [ 109.635967396033337, 41.270755844697185 ] } },
{ "type": "Feature", "properties": { "tang_id": 71948, "area_km2": 0.009033 }, "geometry": { "type": "Point", "coordinates": [ 109.640175193267211, 41.269766460442099 ] } },
{ "type": "Feature", "properties": { "tang_id": 71949, "area_km2": 0.00684 }, "geometry": { "type": "Point", "coordinates": [ 109.63965841033891, 41.255181399849384 ] } },
{ "type": "Feature", "properties": { "tang_id": 71950, "area_km2": 0.015105 }, "geometry": { "type": "Point", "coordinates": [ 109.652218193124028, 41.257717487263839 ] } },
{ "type": "Feature", "properties": { "tang_id": 71951, "area_km2": 0.065852 }, "geometry": { "type": "Point", "coordinates": [ 109.648116328766662, 41.246258754328856 ] } },
{ "type": "Feature", "properties": { "tang_id": 71952, "area_km2": 0.004785 }, "geometry": { "type": "Point", "coordinates": [ 109.650116493404383, 41.247625665854564 ] } },
{ "type": "Feature", "properties": { "tang_id": 71953, "area_km2": 0.002426 }, "geometry": { "type": "Point", "coordinates": [ 109.651059736582354, 41.245474511131356 ] } },
{ "type": "Feature", "properties": { "tang_id": 71954, "area_km2": 0.016737 }, "geometry": { "type": "Point", "coordinates": [ 109.637259226714278, 41.24557674946638 ] } },
{ "type": "Feature", "properties": { "tang_id": 71955, "area_km2": 0.021609 }, "geometry": { "type": "Point", "coordinates": [ 109.638619168770902, 41.243726430821631 ] } },
{ "type": "Feature", "properties": { "tang_id": 71956, "area_km2": 0.040837 }, "geometry": { "type": "Point", "coordinates": [ 109.637655407400288, 41.242004234668499 ] } },
{ "type": "Feature", "properties": { "tang_id": 71957, "area_km2": 0.029997 }, "geometry": { "type": "Point", "coordinates": [ 109.634907404943164, 41.240658180601535 ] } },
{ "type": "Feature", "properties": { "tang_id": 71958, "area_km2": 0.012416 }, "geometry": { "type": "Point", "coordinates": [ 109.63172725989449, 41.238563248033635 ] } },
{ "type": "Feature", "properties": { "tang_id": 71960, "area_km2": 0.001536 }, "geometry": { "type": "Point", "coordinates": [ 109.633238353111182, 41.23953116633384 ] } },
{ "type": "Feature", "properties": { "tang_id": 71961, "area_km2": 0.002217 }, "geometry": { "type": "Point", "coordinates": [ 109.630988676955056, 41.237562021298643 ] } },
{ "type": "Feature", "properties": { "tang_id": 71962, "area_km2": 0.010801 }, "geometry": { "type": "Point", "coordinates": [ 109.632028057006664, 41.229775441654148 ] } },
{ "type": "Feature", "properties": { "tang_id": 71963, "area_km2": 0.011024 }, "geometry": { "type": "Point", "coordinates": [ 109.631351246561636, 41.231185302925091 ] } },
{ "type": "Feature", "properties": { "tang_id": 71964, "area_km2": 0.001099 }, "geometry": { "type": "Point", "coordinates": [ 109.629087875630972, 41.22865523181634 ] } },
{ "type": "Feature", "properties": { "tang_id": 71965, "area_km2": 0.001065 }, "geometry": { "type": "Point", "coordinates": [ 109.629291753277244, 41.229106899383858 ] } },
{ "type": "Feature", "properties": { "tang_id": 71966, "area_km2": 0.022763 }, "geometry": { "type": "Point", "coordinates": [ 109.626158460850306, 41.22815113218671 ] } },
{ "type": "Feature", "properties": { "tang_id": 71967, "area_km2": 0.00568 }, "geometry": { "type": "Point", "coordinates": [ 109.624305185075997, 41.227580407300529 ] } },
{ "type": "Feature", "properties": { "tang_id": 71968, "area_km2": 0.005793 }, "geometry": { "type": "Point", "coordinates": [ 109.620658909198056, 41.227620621573422 ] } },
{ "type": "Feature", "properties": { "tang_id": 71969, "area_km2": 0.001461 }, "geometry": { "type": "Point", "coordinates": [ 109.620847489368757, 41.228467699988073 ] } },
{ "type": "Feature", "properties": { "tang_id": 71971, "area_km2": 0.012743 }, "geometry": { "type": "Point", "coordinates": [ 109.616293115307741, 41.228142472695048 ] } },
{ "type": "Feature", "properties": { "tang_id": 71972, "area_km2": 0.035437 }, "geometry": { "type": "Point", "coordinates": [ 109.618273870565446, 41.225888542210988 ] } },
{ "type": "Feature", "properties": { "tang_id": 71973, "area_km2": 0.017135 }, "geometry": { "type": "Point", "coordinates": [ 109.613097076743173, 41.226575463761719 ] } },
{ "type": "Feature", "properties": { "tang_id": 71974, "area_km2": 0.004679 }, "geometry": { "type": "Point", "coordinates": [ 109.610396986132315, 41.224690081538213 ] } },
{ "type": "Feature", "properties": { "tang_id": 71975, "area_km2": 0.005304 }, "geometry": { "type": "Point", "coordinates": [ 109.608274819535652, 41.225171083700758 ] } },
{ "type": "Feature", "properties": { "tang_id": 71976, "area_km2": 0.037721 }, "geometry": { "type": "Point", "coordinates": [ 109.622496331189112, 41.220573438174142 ] } },
{ "type": "Feature", "properties": { "tang_id": 71977, "area_km2": 0.129724 }, "geometry": { "type": "Point", "coordinates": [ 109.614674576113828, 41.246343811598479 ] } },
{ "type": "Feature", "properties": { "tang_id": 71978, "area_km2": 0.015323 }, "geometry": { "type": "Point", "coordinates": [ 109.619864806959953, 41.247622970990477 ] } },
{ "type": "Feature", "properties": { "tang_id": 71979, "area_km2": 0.009767 }, "geometry": { "type": "Point", "coordinates": [ 109.626708063019663, 41.245217363226679 ] } },
{ "type": "Feature", "properties": { "tang_id": 71980, "area_km2": 0.005518 }, "geometry": { "type": "Point", "coordinates": [ 109.62626877624551, 41.246270674416351 ] } },
{ "type": "Feature", "properties": { "tang_id": 71981, "area_km2": 0.0072 }, "geometry": { "type": "Point", "coordinates": [ 109.625577944816797, 41.247209125562151 ] } },
{ "type": "Feature", "properties": { "tang_id": 71982, "area_km2": 0.19581 }, "geometry": { "type": "Point", "coordinates": [ 109.604747660739591, 41.240813163469454 ] } },
{ "type": "Feature", "properties": { "tang_id": 71983, "area_km2": 0.019602 }, "geometry": { "type": "Point", "coordinates": [ 109.604664047024627, 41.251167548133523 ] } },
{ "type": "Feature", "properties": { "tang_id": 71984, "area_km2": 0.07668 }, "geometry": { "type": "Point", "coordinates": [ 109.6194218331201, 41.235578649053309 ] } },
{ "type": "Feature", "properties": { "tang_id": 71985, "area_km2": 0.312573 }, "geometry": { "type": "Point", "coordinates": [ 109.614868715395232, 41.233079774367617 ] } },
{ "type": "Feature", "properties": { "tang_id": 71986, "area_km2": 0.006522 }, "geometry": { "type": "Point", "coordinates": [ 109.608842198314775, 41.228222372163785 ] } },
{ "type": "Feature", "properties": { "tang_id": 71987, "area_km2": 0.010969 }, "geometry": { "type": "Point", "coordinates": [ 109.609782255429167, 41.220866027099127 ] } },
{ "type": "Feature", "properties": { "tang_id": 71988, "area_km2": 0.003293 }, "geometry": { "type": "Point", "coordinates": [ 109.611059431382998, 41.22088277338365 ] } },
{ "type": "Feature", "properties": { "tang_id": 71989, "area_km2": 0.005963 }, "geometry": { "type": "Point", "coordinates": [ 109.614868482519, 41.221211131675304 ] } },
{ "type": "Feature", "properties": { "tang_id": 71990, "area_km2": 0.001017 }, "geometry": { "type": "Point", "coordinates": [ 109.646139613601832, 41.227948688169086 ] } },
{ "type": "Feature", "properties": { "tang_id": 71991, "area_km2": 0.001715 }, "geometry": { "type": "Point", "coordinates": [ 109.645391266157688, 41.227665342492749 ] } },
{ "type": "Feature", "properties": { "tang_id": 71993, "area_km2": 0.001189 }, "geometry": { "type": "Point", "coordinates": [ 109.645983010702693, 41.228361528719368 ] } },
{ "type": "Feature", "properties": { "tang_id": 71994, "area_km2": 0.006111 }, "geometry": { "type": "Point", "coordinates": [ 109.647450602923129, 41.228303203753256 ] } },
{ "type": "Feature", "properties": { "tang_id": 71995, "area_km2": 0.003947 }, "geometry": { "type": "Point", "coordinates": [ 109.638700823020827, 41.229544544436202 ] } },
{ "type": "Feature", "properties": { "tang_id": 71996, "area_km2": 0.010556 }, "geometry": { "type": "Point", "coordinates": [ 109.638560885401262, 41.257206653209693 ] } },
{ "type": "Feature", "properties": { "tang_id": 71997, "area_km2": 0.009963 }, "geometry": { "type": "Point", "coordinates": [ 109.637239317549657, 41.256121525619342 ] } },
{ "type": "Feature", "properties": { "tang_id": 71998, "area_km2": 0.015051 }, "geometry": { "type": "Point", "coordinates": [ 109.625333929657103, 41.282037752308497 ] } },
{ "type": "Feature", "properties": { "tang_id": 71999, "area_km2": 0.022347 }, "geometry": { "type": "Point", "coordinates": [ 109.618843784517622, 41.282611429000767 ] } },
{ "type": "Feature", "properties": { "tang_id": 72000, "area_km2": 0.002186 }, "geometry": { "type": "Point", "coordinates": [ 109.621540971698721, 41.282348407216823 ] } },
{ "type": "Feature", "properties": { "tang_id": 72001, "area_km2": 0.044835 }, "geometry": { "type": "Point", "coordinates": [ 109.633340170016893, 41.286182572539261 ] } },
{ "type": "Feature", "properties": { "tang_id": 72002, "area_km2": 0.034301 }, "geometry": { "type": "Point", "coordinates": [ 109.628982393480229, 41.286923497275623 ] } },
{ "type": "Feature", "properties": { "tang_id": 72003, "area_km2": 0.001757 }, "geometry": { "type": "Point", "coordinates": [ 109.628605996492013, 41.288015305836879 ] } },
{ "type": "Feature", "properties": { "tang_id": 72004, "area_km2": 0.003388 }, "geometry": { "type": "Point", "coordinates": [ 109.627465977851656, 41.288492556171455 ] } },
{ "type": "Feature", "properties": { "tang_id": 72005, "area_km2": 0.00432 }, "geometry": { "type": "Point", "coordinates": [ 109.625114487601323, 41.288842479651208 ] } },
{ "type": "Feature", "properties": { "tang_id": 72006, "area_km2": 0.00762 }, "geometry": { "type": "Point", "coordinates": [ 109.641609489935703, 41.291111377591726 ] } },
{ "type": "Feature", "properties": { "tang_id": 72007, "area_km2": 0.083948 }, "geometry": { "type": "Point", "coordinates": [ 109.645038001065487, 41.294569919674856 ] } },
{ "type": "Feature", "properties": { "tang_id": 72008, "area_km2": 0.01698 }, "geometry": { "type": "Point", "coordinates": [ 109.638653720474068, 41.295478563821426 ] } },
{ "type": "Feature", "properties": { "tang_id": 72009, "area_km2": 0.006734 }, "geometry": { "type": "Point", "coordinates": [ 109.636796903040803, 41.294898884947607 ] } },
{ "type": "Feature", "properties": { "tang_id": 72010, "area_km2": 0.004905 }, "geometry": { "type": "Point", "coordinates": [ 109.635618973620439, 41.294510626277336 ] } },
{ "type": "Feature", "properties": { "tang_id": 72011, "area_km2": 0.006393 }, "geometry": { "type": "Point", "coordinates": [ 109.639729011727269, 41.292995989154861 ] } },
{ "type": "Feature", "properties": { "tang_id": 72012, "area_km2": 0.002208 }, "geometry": { "type": "Point", "coordinates": [ 109.636796964447228, 41.293383207302227 ] } },
{ "type": "Feature", "properties": { "tang_id": 72013, "area_km2": 0.010437 }, "geometry": { "type": "Point", "coordinates": [ 109.640016932408145, 41.291416370681453 ] } },
{ "type": "Feature", "properties": { "tang_id": 72014, "area_km2": 0.332482 }, "geometry": { "type": "Point", "coordinates": [ 109.63076496600489, 41.291264993384914 ] } },
{ "type": "Feature", "properties": { "tang_id": 72015, "area_km2": 0.012341 }, "geometry": { "type": "Point", "coordinates": [ 110.152629036084633, 41.677191161945082 ] } },
{ "type": "Feature", "properties": { "tang_id": 72016, "area_km2": 0.005939 }, "geometry": { "type": "Point", "coordinates": [ 110.15873143636945, 41.67433627403458 ] } },
{ "type": "Feature", "properties": { "tang_id": 72027, "area_km2": 1.597955 }, "geometry": { "type": "Point", "coordinates": [ 110.018713983569384, 41.784481160047072 ] } },
{ "type": "Feature", "properties": { "tang_id": 72028, "area_km2": 0.131271 }, "geometry": { "type": "Point", "coordinates": [ 110.031471348238156, 41.763384330693654 ] } },
{ "type": "Feature", "properties": { "tang_id": 72029, "area_km2": 0.063311 }, "geometry": { "type": "Point", "coordinates": [ 110.023611799817161, 41.760788428637333 ] } },
{ "type": "Feature", "properties": { "tang_id": 72030, "area_km2": 0.25206 }, "geometry": { "type": "Point", "coordinates": [ 110.011676297501779, 41.761216746537066 ] } },
{ "type": "Feature", "properties": { "tang_id": 72031, "area_km2": 0.457441 }, "geometry": { "type": "Point", "coordinates": [ 110.002633418202123, 41.767986421839815 ] } },
{ "type": "Feature", "properties": { "tang_id": 72032, "area_km2": 0.980792 }, "geometry": { "type": "Point", "coordinates": [ 109.993150812266023, 41.783465434076938 ] } },
{ "type": "Feature", "properties": { "tang_id": 72033, "area_km2": 0.49501 }, "geometry": { "type": "Point", "coordinates": [ 109.914512539890168, 41.802083893740289 ] } },
{ "type": "Feature", "properties": { "tang_id": 72034, "area_km2": 1.556923 }, "geometry": { "type": "Point", "coordinates": [ 109.89411886100001, 41.795517860141885 ] } },
{ "type": "Feature", "properties": { "tang_id": 72035, "area_km2": 1.526848 }, "geometry": { "type": "Point", "coordinates": [ 109.902854459521038, 41.811191963409506 ] } },
{ "type": "Feature", "properties": { "tang_id": 72036, "area_km2": 0.072012 }, "geometry": { "type": "Point", "coordinates": [ 109.9215839649614, 41.807032884492536 ] } },
{ "type": "Feature", "properties": { "tang_id": 72037, "area_km2": 0.023269 }, "geometry": { "type": "Point", "coordinates": [ 109.929495140995996, 41.811898069321948 ] } },
{ "type": "Feature", "properties": { "tang_id": 72038, "area_km2": 0.923272 }, "geometry": { "type": "Point", "coordinates": [ 109.883856816230306, 41.833498127215051 ] } },
{ "type": "Feature", "properties": { "tang_id": 72039, "area_km2": 0.258286 }, "geometry": { "type": "Point", "coordinates": [ 109.890329896180234, 41.826049555440044 ] } },
{ "type": "Feature", "properties": { "tang_id": 72040, "area_km2": 0.121611 }, "geometry": { "type": "Point", "coordinates": [ 109.898623399188594, 41.831600283382997 ] } },
{ "type": "Feature", "properties": { "tang_id": 72041, "area_km2": 0.043218 }, "geometry": { "type": "Point", "coordinates": [ 109.891834326426391, 41.832661377342802 ] } },
{ "type": "Feature", "properties": { "tang_id": 72042, "area_km2": 0.574686 }, "geometry": { "type": "Point", "coordinates": [ 109.88544529566451, 41.84123465534541 ] } },
{ "type": "Feature", "properties": { "tang_id": 72043, "area_km2": 0.019374 }, "geometry": { "type": "Point", "coordinates": [ 109.915545386581059, 41.844084552315842 ] } },
{ "type": "Feature", "properties": { "tang_id": 72177, "area_km2": 0.001527 }, "geometry": { "type": "Point", "coordinates": [ 109.920027782045707, 41.844326708037499 ] } },
{ "type": "Feature", "properties": { "tang_id": 72178, "area_km2": 0.003069 }, "geometry": { "type": "Point", "coordinates": [ 109.918679880729954, 41.843911363414136 ] } },
{ "type": "Feature", "properties": { "tang_id": 72179, "area_km2": 0.007345 }, "geometry": { "type": "Point", "coordinates": [ 109.921350817127347, 41.845130028825992 ] } },
{ "type": "Feature", "properties": { "tang_id": 72180, "area_km2": 0.003017 }, "geometry": { "type": "Point", "coordinates": [ 109.923065521225638, 41.844735419483214 ] } },
{ "type": "Feature", "properties": { "tang_id": 72182, "area_km2": 0.045608 }, "geometry": { "type": "Point", "coordinates": [ 109.933773857970607, 41.856332524226296 ] } },
{ "type": "Feature", "properties": { "tang_id": 72183, "area_km2": 0.363439 }, "geometry": { "type": "Point", "coordinates": [ 109.954818702402477, 41.850303147500625 ] } },
{ "type": "Feature", "properties": { "tang_id": 72184, "area_km2": 0.202019 }, "geometry": { "type": "Point", "coordinates": [ 109.962632941880244, 41.86503324484837 ] } },
{ "type": "Feature", "properties": { "tang_id": 72185, "area_km2": 0.0035 }, "geometry": { "type": "Point", "coordinates": [ 109.966323858019265, 41.870969098814719 ] } },
{ "type": "Feature", "properties": { "tang_id": 72186, "area_km2": 0.047911 }, "geometry": { "type": "Point", "coordinates": [ 109.997422851066631, 41.870694764624758 ] } },
{ "type": "Feature", "properties": { "tang_id": 72187, "area_km2": 0.012668 }, "geometry": { "type": "Point", "coordinates": [ 110.002445517583823, 41.871340601942578 ] } },
{ "type": "Feature", "properties": { "tang_id": 72188, "area_km2": 0.002701 }, "geometry": { "type": "Point", "coordinates": [ 109.99951809962208, 41.872813972541572 ] } },
{ "type": "Feature", "properties": { "tang_id": 72193, "area_km2": 0.001643 }, "geometry": { "type": "Point", "coordinates": [ 110.001390700202322, 41.873382034020352 ] } },
{ "type": "Feature", "properties": { "tang_id": 72194, "area_km2": 0.019467 }, "geometry": { "type": "Point", "coordinates": [ 110.001923552606968, 41.880672191764539 ] } },
{ "type": "Feature", "properties": { "tang_id": 72195, "area_km2": 0.009009 }, "geometry": { "type": "Point", "coordinates": [ 110.004320430111846, 41.880485027114631 ] } },
{ "type": "Feature", "properties": { "tang_id": 72196, "area_km2": 0.078245 }, "geometry": { "type": "Point", "coordinates": [ 109.603812894487717, 41.291047142660808 ] } },
{ "type": "Feature", "properties": { "tang_id": 72197, "area_km2": 0.018537 }, "geometry": { "type": "Point", "coordinates": [ 109.605351254593515, 41.294172583080403 ] } },
{ "type": "Feature", "properties": { "tang_id": 72198, "area_km2": 0.024485 }, "geometry": { "type": "Point", "coordinates": [ 109.601022697769267, 41.292559137371846 ] } },
{ "type": "Feature", "properties": { "tang_id": 72199, "area_km2": 0.002579 }, "geometry": { "type": "Point", "coordinates": [ 109.598160400100213, 41.292237660754857 ] } },
{ "type": "Feature", "properties": { "tang_id": 72200, "area_km2": 0.034384 }, "geometry": { "type": "Point", "coordinates": [ 109.622044964613863, 41.289455242170071 ] } },
{ "type": "Feature", "properties": { "tang_id": 72201, "area_km2": 0.010182 }, "geometry": { "type": "Point", "coordinates": [ 109.620437060719681, 41.290682876736454 ] } },
{ "type": "Feature", "properties": { "tang_id": 72202, "area_km2": 0.004398 }, "geometry": { "type": "Point", "coordinates": [ 109.617992739414859, 41.290288861473783 ] } },
{ "type": "Feature", "properties": { "tang_id": 72203, "area_km2": 0.025893 }, "geometry": { "type": "Point", "coordinates": [ 109.616445008933198, 41.291214954850297 ] } },
{ "type": "Feature", "properties": { "tang_id": 72204, "area_km2": 0.014625 }, "geometry": { "type": "Point", "coordinates": [ 109.61317240558428, 41.291050121080019 ] } },
{ "type": "Feature", "properties": { "tang_id": 72205, "area_km2": 0.004142 }, "geometry": { "type": "Point", "coordinates": [ 109.60713351837127, 41.292029176017643 ] } },
{ "type": "Feature", "properties": { "tang_id": 72206, "area_km2": 0.0014 }, "geometry": { "type": "Point", "coordinates": [ 109.632814424939554, 41.283400527561128 ] } },
{ "type": "Feature", "properties": { "tang_id": 72208, "area_km2": 1.38088 }, "geometry": { "type": "Point", "coordinates": [ 109.485744565801866, 41.167840951884308 ] } },
{ "type": "Feature", "properties": { "tang_id": 72209, "area_km2": 0.453167 }, "geometry": { "type": "Point", "coordinates": [ 109.470153402950189, 41.160792595438501 ] } },
{ "type": "Feature", "properties": { "tang_id": 72210, "area_km2": 0.00846 }, "geometry": { "type": "Point", "coordinates": [ 109.461335527453684, 41.165196471382252 ] } },
{ "type": "Feature", "properties": { "tang_id": 72211, "area_km2": 0.037069 }, "geometry": { "type": "Point", "coordinates": [ 109.457324881627358, 41.164980657876413 ] } },
{ "type": "Feature", "properties": { "tang_id": 72212, "area_km2": 0.170367 }, "geometry": { "type": "Point", "coordinates": [ 109.47488192502496, 41.167569848318315 ] } },
{ "type": "Feature", "properties": { "tang_id": 72213, "area_km2": 0.061185 }, "geometry": { "type": "Point", "coordinates": [ 109.433366190230913, 41.168721828063511 ] } },
{ "type": "Feature", "properties": { "tang_id": 72214, "area_km2": 0.007915 }, "geometry": { "type": "Point", "coordinates": [ 109.430464603337555, 41.169123377272655 ] } },
{ "type": "Feature", "properties": { "tang_id": 72215, "area_km2": 0.503459 }, "geometry": { "type": "Point", "coordinates": [ 109.589360908189292, 41.173612765429453 ] } },
{ "type": "Feature", "properties": { "tang_id": 72216, "area_km2": 0.013249 }, "geometry": { "type": "Point", "coordinates": [ 109.583692784929568, 41.166689823116094 ] } },
{ "type": "Feature", "properties": { "tang_id": 72217, "area_km2": 0.009285 }, "geometry": { "type": "Point", "coordinates": [ 109.587888710598449, 41.168933121348985 ] } },
{ "type": "Feature", "properties": { "tang_id": 72218, "area_km2": 0.006459 }, "geometry": { "type": "Point", "coordinates": [ 109.589185999814561, 41.161648789223868 ] } },
{ "type": "Feature", "properties": { "tang_id": 72219, "area_km2": 0.023192 }, "geometry": { "type": "Point", "coordinates": [ 109.599707622945957, 41.160626535456217 ] } },
{ "type": "Feature", "properties": { "tang_id": 72220, "area_km2": 0.067183 }, "geometry": { "type": "Point", "coordinates": [ 109.642161816487359, 41.17191296104339 ] } },
{ "type": "Feature", "properties": { "tang_id": 72221, "area_km2": 0.031591 }, "geometry": { "type": "Point", "coordinates": [ 109.638940059159907, 41.172288486177926 ] } },
{ "type": "Feature", "properties": { "tang_id": 72222, "area_km2": 0.244308 }, "geometry": { "type": "Point", "coordinates": [ 109.639061346830999, 41.167700828791652 ] } },
{ "type": "Feature", "properties": { "tang_id": 72223, "area_km2": 0.005137 }, "geometry": { "type": "Point", "coordinates": [ 109.634595699776966, 41.167177688392506 ] } },
{ "type": "Feature", "properties": { "tang_id": 72224, "area_km2": 0.007909 }, "geometry": { "type": "Point", "coordinates": [ 109.631790478624708, 41.165728807785179 ] } },
{ "type": "Feature", "properties": { "tang_id": 72225, "area_km2": 0.003662 }, "geometry": { "type": "Point", "coordinates": [ 109.6283461422681, 41.165574455227514 ] } },
{ "type": "Feature", "properties": { "tang_id": 72226, "area_km2": 0.01669 }, "geometry": { "type": "Point", "coordinates": [ 109.630918029923393, 41.167615126569203 ] } },
{ "type": "Feature", "properties": { "tang_id": 72227, "area_km2": 0.037693 }, "geometry": { "type": "Point", "coordinates": [ 109.63582801928348, 41.161341142628572 ] } },
{ "type": "Feature", "properties": { "tang_id": 72228, "area_km2": 0.046394 }, "geometry": { "type": "Point", "coordinates": [ 109.614961957269841, 41.159505038481043 ] } },
{ "type": "Feature", "properties": { "tang_id": 72229, "area_km2": 0.027625 }, "geometry": { "type": "Point", "coordinates": [ 109.619485329357815, 41.158643688227784 ] } },
{ "type": "Feature", "properties": { "tang_id": 72230, "area_km2": 0.450382 }, "geometry": { "type": "Point", "coordinates": [ 109.667443150886726, 41.108073265778536 ] } },
{ "type": "Feature", "properties": { "tang_id": 72231, "area_km2": 0.207325 }, "geometry": { "type": "Point", "coordinates": [ 109.661365621262206, 41.101522529526285 ] } },
{ "type": "Feature", "properties": { "tang_id": 72232, "area_km2": 0.264282 }, "geometry": { "type": "Point", "coordinates": [ 109.657969364549899, 41.095708528754905 ] } },
{ "type": "Feature", "properties": { "tang_id": 72233, "area_km2": 0.091981 }, "geometry": { "type": "Point", "coordinates": [ 109.673586839217705, 41.088902683030632 ] } },
{ "type": "Feature", "properties": { "tang_id": 72234, "area_km2": 0.012157 }, "geometry": { "type": "Point", "coordinates": [ 109.687739652615846, 41.083006544849773 ] } },
{ "type": "Feature", "properties": { "tang_id": 72235, "area_km2": 0.073838 }, "geometry": { "type": "Point", "coordinates": [ 109.660909863003894, 41.076591298427537 ] } },
{ "type": "Feature", "properties": { "tang_id": 72236, "area_km2": 0.022567 }, "geometry": { "type": "Point", "coordinates": [ 109.652237587434641, 41.097787882019006 ] } },
{ "type": "Feature", "properties": { "tang_id": 72237, "area_km2": 0.00869 }, "geometry": { "type": "Point", "coordinates": [ 109.634432920033845, 41.097531936061316 ] } },
{ "type": "Feature", "properties": { "tang_id": 72238, "area_km2": 0.005289 }, "geometry": { "type": "Point", "coordinates": [ 109.637358962713421, 41.096876399954745 ] } },
{ "type": "Feature", "properties": { "tang_id": 72240, "area_km2": 2.872032 }, "geometry": { "type": "Point", "coordinates": [ 109.617043065894237, 41.060710430625676 ] } },
{ "type": "Feature", "properties": { "tang_id": 72241, "area_km2": 0.013892 }, "geometry": { "type": "Point", "coordinates": [ 109.655514524395826, 41.055212199869679 ] } },
{ "type": "Feature", "properties": { "tang_id": 72242, "area_km2": 0.00427 }, "geometry": { "type": "Point", "coordinates": [ 109.65396201477553, 41.05505422618868 ] } },
{ "type": "Feature", "properties": { "tang_id": 72247, "area_km2": 0.002064 }, "geometry": { "type": "Point", "coordinates": [ 109.654732268652552, 41.057864902947387 ] } },
{ "type": "Feature", "properties": { "tang_id": 72249, "area_km2": 0.001616 }, "geometry": { "type": "Point", "coordinates": [ 109.659003175254739, 41.058700464603831 ] } },
{ "type": "Feature", "properties": { "tang_id": 72250, "area_km2": 0.005944 }, "geometry": { "type": "Point", "coordinates": [ 109.657428857876084, 41.057908273009801 ] } },
{ "type": "Feature", "properties": { "tang_id": 72251, "area_km2": 0.005174 }, "geometry": { "type": "Point", "coordinates": [ 109.663699725721912, 41.056385973697274 ] } },
{ "type": "Feature", "properties": { "tang_id": 72253, "area_km2": 0.009583 }, "geometry": { "type": "Point", "coordinates": [ 109.667806988003861, 41.057969673830378 ] } },
{ "type": "Feature", "properties": { "tang_id": 72254, "area_km2": 0.006401 }, "geometry": { "type": "Point", "coordinates": [ 109.66518678789464, 41.058605729619195 ] } },
{ "type": "Feature", "properties": { "tang_id": 72255, "area_km2": 0.003878 }, "geometry": { "type": "Point", "coordinates": [ 109.667326506534778, 41.059711538492849 ] } },
{ "type": "Feature", "properties": { "tang_id": 72256, "area_km2": 0.614904 }, "geometry": { "type": "Point", "coordinates": [ 109.678335692645959, 41.0560238743656 ] } },
{ "type": "Feature", "properties": { "tang_id": 72257, "area_km2": 0.045585 }, "geometry": { "type": "Point", "coordinates": [ 109.693460252343613, 41.045264984888256 ] } },
{ "type": "Feature", "properties": { "tang_id": 72258, "area_km2": 0.048047 }, "geometry": { "type": "Point", "coordinates": [ 109.687267299383123, 41.047156105733251 ] } },
{ "type": "Feature", "properties": { "tang_id": 72259, "area_km2": 0.007921 }, "geometry": { "type": "Point", "coordinates": [ 109.697461185752999, 41.056475652528967 ] } },
{ "type": "Feature", "properties": { "tang_id": 72261, "area_km2": 0.001758 }, "geometry": { "type": "Point", "coordinates": [ 109.695987843081184, 41.056418612014156 ] } },
{ "type": "Feature", "properties": { "tang_id": 72262, "area_km2": 0.00182 }, "geometry": { "type": "Point", "coordinates": [ 109.694841278917593, 41.056606960361904 ] } },
{ "type": "Feature", "properties": { "tang_id": 72264, "area_km2": 0.008171 }, "geometry": { "type": "Point", "coordinates": [ 109.69696440398026, 41.058051822971812 ] } },
{ "type": "Feature", "properties": { "tang_id": 72265, "area_km2": 0.002079 }, "geometry": { "type": "Point", "coordinates": [ 109.732342418011214, 41.052836434654054 ] } },
{ "type": "Feature", "properties": { "tang_id": 72266, "area_km2": 0.006468 }, "geometry": { "type": "Point", "coordinates": [ 109.731480542622165, 41.052873256506707 ] } },
{ "type": "Feature", "properties": { "tang_id": 72267, "area_km2": 0.00897 }, "geometry": { "type": "Point", "coordinates": [ 109.730463037337657, 41.053004305825432 ] } },
{ "type": "Feature", "properties": { "tang_id": 72268, "area_km2": 0.002317 }, "geometry": { "type": "Point", "coordinates": [ 109.733752844769256, 41.052900529288557 ] } },
{ "type": "Feature", "properties": { "tang_id": 72269, "area_km2": 0.001864 }, "geometry": { "type": "Point", "coordinates": [ 109.732683267278844, 41.052568498043932 ] } },
{ "type": "Feature", "properties": { "tang_id": 72271, "area_km2": 0.002055 }, "geometry": { "type": "Point", "coordinates": [ 109.731284025326843, 41.05132988626773 ] } },
{ "type": "Feature", "properties": { "tang_id": 72272, "area_km2": 0.002314 }, "geometry": { "type": "Point", "coordinates": [ 109.730788605967732, 41.051604597094716 ] } },
{ "type": "Feature", "properties": { "tang_id": 72273, "area_km2": 0.007249 }, "geometry": { "type": "Point", "coordinates": [ 109.738626287802077, 41.057341322030645 ] } },
{ "type": "Feature", "properties": { "tang_id": 72274, "area_km2": 0.093296 }, "geometry": { "type": "Point", "coordinates": [ 109.736165345876515, 41.054482591459291 ] } },
{ "type": "Feature", "properties": { "tang_id": 72275, "area_km2": 0.03704 }, "geometry": { "type": "Point", "coordinates": [ 109.764401411276637, 41.048899528405798 ] } },
{ "type": "Feature", "properties": { "tang_id": 72276, "area_km2": 0.057543 }, "geometry": { "type": "Point", "coordinates": [ 109.70451030682969, 41.072699268319987 ] } },
{ "type": "Feature", "properties": { "tang_id": 72277, "area_km2": 0.047067 }, "geometry": { "type": "Point", "coordinates": [ 109.702259885119744, 41.06771713116806 ] } },
{ "type": "Feature", "properties": { "tang_id": 72278, "area_km2": 0.155247 }, "geometry": { "type": "Point", "coordinates": [ 109.707287109206078, 41.067955260439604 ] } },
{ "type": "Feature", "properties": { "tang_id": 72279, "area_km2": 0.610085 }, "geometry": { "type": "Point", "coordinates": [ 109.713136033261193, 41.062729907621943 ] } },
{ "type": "Feature", "properties": { "tang_id": 72280, "area_km2": 0.324714 }, "geometry": { "type": "Point", "coordinates": [ 109.720361640612268, 41.049003903464744 ] } },
{ "type": "Feature", "properties": { "tang_id": 72281, "area_km2": 0.102774 }, "geometry": { "type": "Point", "coordinates": [ 109.709943052609717, 41.053978342228454 ] } },
{ "type": "Feature", "properties": { "tang_id": 72282, "area_km2": 0.072869 }, "geometry": { "type": "Point", "coordinates": [ 109.715550734814627, 41.031184835665776 ] } },
{ "type": "Feature", "properties": { "tang_id": 72283, "area_km2": 0.070713 }, "geometry": { "type": "Point", "coordinates": [ 109.712634110069359, 41.030802219200901 ] } },
{ "type": "Feature", "properties": { "tang_id": 72284, "area_km2": 0.018724 }, "geometry": { "type": "Point", "coordinates": [ 109.709962125291938, 41.030276393710949 ] } },
{ "type": "Feature", "properties": { "tang_id": 72285, "area_km2": 0.024615 }, "geometry": { "type": "Point", "coordinates": [ 109.708276035528726, 41.032235774046761 ] } },
{ "type": "Feature", "properties": { "tang_id": 72286, "area_km2": 0.00537 }, "geometry": { "type": "Point", "coordinates": [ 109.700871970300739, 41.033461922322395 ] } },
{ "type": "Feature", "properties": { "tang_id": 72287, "area_km2": 0.003249 }, "geometry": { "type": "Point", "coordinates": [ 109.701778172275539, 41.032713307375822 ] } },
{ "type": "Feature", "properties": { "tang_id": 72288, "area_km2": 0.010451 }, "geometry": { "type": "Point", "coordinates": [ 109.69789391881389, 41.034040849932545 ] } },
{ "type": "Feature", "properties": { "tang_id": 72289, "area_km2": 0.006757 }, "geometry": { "type": "Point", "coordinates": [ 109.696828193123906, 41.035077694167747 ] } },
{ "type": "Feature", "properties": { "tang_id": 72290, "area_km2": 0.011301 }, "geometry": { "type": "Point", "coordinates": [ 109.69505463501892, 41.035230328164197 ] } },
{ "type": "Feature", "properties": { "tang_id": 72291, "area_km2": 0.05887 }, "geometry": { "type": "Point", "coordinates": [ 109.704274243990383, 41.033035689040304 ] } },
{ "type": "Feature", "properties": { "tang_id": 72293, "area_km2": 0.070092 }, "geometry": { "type": "Point", "coordinates": [ 109.656215423043733, 41.104553765602887 ] } },
{ "type": "Feature", "properties": { "tang_id": 72294, "area_km2": 0.849285 }, "geometry": { "type": "Point", "coordinates": [ 109.640477211638697, 41.100358030572451 ] } },
{ "type": "Feature", "properties": { "tang_id": 72295, "area_km2": 0.022023 }, "geometry": { "type": "Point", "coordinates": [ 109.710718586665919, 41.083307022852239 ] } },
{ "type": "Feature", "properties": { "tang_id": 72296, "area_km2": 0.061127 }, "geometry": { "type": "Point", "coordinates": [ 109.70900047907864, 41.080013219344401 ] } },
{ "type": "Feature", "properties": { "tang_id": 72297, "area_km2": 0.083312 }, "geometry": { "type": "Point", "coordinates": [ 109.713219242400072, 41.07343074880621 ] } },
{ "type": "Feature", "properties": { "tang_id": 72298, "area_km2": 0.003399 }, "geometry": { "type": "Point", "coordinates": [ 109.700843828858694, 41.071805780334934 ] } },
{ "type": "Feature", "properties": { "tang_id": 72299, "area_km2": 0.002038 }, "geometry": { "type": "Point", "coordinates": [ 109.700423732550334, 41.069527573284937 ] } },
{ "type": "Feature", "properties": { "tang_id": 72301, "area_km2": 1.708726 }, "geometry": { "type": "Point", "coordinates": [ 109.728655681565129, 41.089692426452828 ] } },
{ "type": "Feature", "properties": { "tang_id": 72302, "area_km2": 0.046237 }, "geometry": { "type": "Point", "coordinates": [ 109.746391220720213, 41.090205050878204 ] } },
{ "type": "Feature", "properties": { "tang_id": 72303, "area_km2": 0.125675 }, "geometry": { "type": "Point", "coordinates": [ 109.765395522911987, 41.078012668106439 ] } },
{ "type": "Feature", "properties": { "tang_id": 72304, "area_km2": 3.944129 }, "geometry": { "type": "Point", "coordinates": [ 109.789326836542472, 41.048978256293069 ] } },
{ "type": "Feature", "properties": { "tang_id": 72305, "area_km2": 0.81242 }, "geometry": { "type": "Point", "coordinates": [ 109.815596026258021, 41.044424699819608 ] } },
{ "type": "Feature", "properties": { "tang_id": 72306, "area_km2": 0.352241 }, "geometry": { "type": "Point", "coordinates": [ 109.749847240489984, 41.054591415288158 ] } },
{ "type": "Feature", "properties": { "tang_id": 72307, "area_km2": 0.165752 }, "geometry": { "type": "Point", "coordinates": [ 109.758071549350234, 41.049559827722192 ] } },
{ "type": "Feature", "properties": { "tang_id": 72308, "area_km2": 0.271445 }, "geometry": { "type": "Point", "coordinates": [ 109.767337006431291, 41.054914012076871 ] } },
{ "type": "Feature", "properties": { "tang_id": 72309, "area_km2": 2.506619 }, "geometry": { "type": "Point", "coordinates": [ 109.67997527907778, 41.076354362561275 ] } },
{ "type": "Feature", "properties": { "tang_id": 72310, "area_km2": 0.430875 }, "geometry": { "type": "Point", "coordinates": [ 109.637431297479694, 41.066395305380517 ] } },
{ "type": "Feature", "properties": { "tang_id": 72311, "area_km2": 0.029549 }, "geometry": { "type": "Point", "coordinates": [ 109.62976071225448, 41.069930322236388 ] } },
{ "type": "Feature", "properties": { "tang_id": 72312, "area_km2": 0.342324 }, "geometry": { "type": "Point", "coordinates": [ 109.642427362493862, 41.080186465360008 ] } },
{ "type": "Feature", "properties": { "tang_id": 72313, "area_km2": 4.538286 }, "geometry": { "type": "Point", "coordinates": [ 109.586573678466081, 41.075507868088138 ] } },
{ "type": "Feature", "properties": { "tang_id": 72314, "area_km2": 0.287956 }, "geometry": { "type": "Point", "coordinates": [ 109.654104859211174, 41.05173445321028 ] } },
{ "type": "Feature", "properties": { "tang_id": 72315, "area_km2": 0.081937 }, "geometry": { "type": "Point", "coordinates": [ 109.640825751875667, 41.055055343702989 ] } },
{ "type": "Feature", "properties": { "tang_id": 72316, "area_km2": 0.01401 }, "geometry": { "type": "Point", "coordinates": [ 109.645798635599618, 41.056953347458446 ] } },
{ "type": "Feature", "properties": { "tang_id": 72317, "area_km2": 0.037046 }, "geometry": { "type": "Point", "coordinates": [ 109.643817689718347, 41.057154756371652 ] } },
{ "type": "Feature", "properties": { "tang_id": 72318, "area_km2": 0.045104 }, "geometry": { "type": "Point", "coordinates": [ 109.641497117869264, 41.059432865338913 ] } },
{ "type": "Feature", "properties": { "tang_id": 72320, "area_km2": 0.001552 }, "geometry": { "type": "Point", "coordinates": [ 109.635794428324289, 41.06117510670412 ] } },
{ "type": "Feature", "properties": { "tang_id": 72321, "area_km2": 0.001791 }, "geometry": { "type": "Point", "coordinates": [ 109.637274940317511, 41.061528236391212 ] } },
{ "type": "Feature", "properties": { "tang_id": 72322, "area_km2": 0.00605 }, "geometry": { "type": "Point", "coordinates": [ 109.635348023545205, 41.061808107453835 ] } },
{ "type": "Feature", "properties": { "tang_id": 72323, "area_km2": 0.001569 }, "geometry": { "type": "Point", "coordinates": [ 109.634688656304405, 41.062679069462028 ] } },
{ "type": "Feature", "properties": { "tang_id": 72324, "area_km2": 0.002711 }, "geometry": { "type": "Point", "coordinates": [ 109.633932973054215, 41.061961587335752 ] } },
{ "type": "Feature", "properties": { "tang_id": 72325, "area_km2": 0.001269 }, "geometry": { "type": "Point", "coordinates": [ 109.632146530004491, 41.062429805684083 ] } },
{ "type": "Feature", "properties": { "tang_id": 72326, "area_km2": 0.004303 }, "geometry": { "type": "Point", "coordinates": [ 109.630889064789358, 41.064733722033111 ] } },
{ "type": "Feature", "properties": { "tang_id": 72329, "area_km2": 0.005945 }, "geometry": { "type": "Point", "coordinates": [ 109.628632829219157, 41.06457534893925 ] } },
{ "type": "Feature", "properties": { "tang_id": 72330, "area_km2": 0.001091 }, "geometry": { "type": "Point", "coordinates": [ 109.627335643339762, 41.063846518209992 ] } },
{ "type": "Feature", "properties": { "tang_id": 72332, "area_km2": 0.007 }, "geometry": { "type": "Point", "coordinates": [ 109.628542137738606, 41.049992184235464 ] } },
{ "type": "Feature", "properties": { "tang_id": 72333, "area_km2": 0.360682 }, "geometry": { "type": "Point", "coordinates": [ 109.618851301486657, 41.045251195343688 ] } },
{ "type": "Feature", "properties": { "tang_id": 72334, "area_km2": 0.092471 }, "geometry": { "type": "Point", "coordinates": [ 109.613785120209698, 41.044113060718296 ] } },
{ "type": "Feature", "properties": { "tang_id": 72335, "area_km2": 0.235028 }, "geometry": { "type": "Point", "coordinates": [ 109.610886598944148, 41.036741031722919 ] } },
{ "type": "Feature", "properties": { "tang_id": 72336, "area_km2": 0.055745 }, "geometry": { "type": "Point", "coordinates": [ 109.604548612505056, 41.042191785229654 ] } },
{ "type": "Feature", "properties": { "tang_id": 72337, "area_km2": 0.036792 }, "geometry": { "type": "Point", "coordinates": [ 109.598350516632593, 41.042175999084158 ] } },
{ "type": "Feature", "properties": { "tang_id": 72338, "area_km2": 0.001385 }, "geometry": { "type": "Point", "coordinates": [ 109.597082657083078, 41.041121994232896 ] } },
{ "type": "Feature", "properties": { "tang_id": 72339, "area_km2": 0.049873 }, "geometry": { "type": "Point", "coordinates": [ 109.618134272246607, 41.022681735141639 ] } },
{ "type": "Feature", "properties": { "tang_id": 72340, "area_km2": 0.023239 }, "geometry": { "type": "Point", "coordinates": [ 109.613159166263998, 41.020928137664185 ] } },
{ "type": "Feature", "properties": { "tang_id": 72341, "area_km2": 0.034251 }, "geometry": { "type": "Point", "coordinates": [ 109.647942331757505, 41.006184805400885 ] } },
{ "type": "Feature", "properties": { "tang_id": 72342, "area_km2": 0.002992 }, "geometry": { "type": "Point", "coordinates": [ 109.649701559253089, 41.00688426595368 ] } },
{ "type": "Feature", "properties": { "tang_id": 72343, "area_km2": 0.030574 }, "geometry": { "type": "Point", "coordinates": [ 109.717871067169668, 41.026333405199296 ] } },
{ "type": "Feature", "properties": { "tang_id": 72344, "area_km2": 0.019239 }, "geometry": { "type": "Point", "coordinates": [ 109.723427056692117, 41.023670161206894 ] } },
{ "type": "Feature", "properties": { "tang_id": 72345, "area_km2": 0.014277 }, "geometry": { "type": "Point", "coordinates": [ 109.697011796343617, 41.023604272585274 ] } },
{ "type": "Feature", "properties": { "tang_id": 72346, "area_km2": 0.003455 }, "geometry": { "type": "Point", "coordinates": [ 109.695072160843068, 41.023014436871165 ] } },
{ "type": "Feature", "properties": { "tang_id": 72347, "area_km2": 1.221793 }, "geometry": { "type": "Point", "coordinates": [ 109.703897266658288, 41.008730120587707 ] } },
{ "type": "Feature", "properties": { "tang_id": 72348, "area_km2": 0.002832 }, "geometry": { "type": "Point", "coordinates": [ 109.696189709575719, 41.019306772402587 ] } },
{ "type": "Feature", "properties": { "tang_id": 72349, "area_km2": 0.015977 }, "geometry": { "type": "Point", "coordinates": [ 109.694184859252587, 41.018760219305143 ] } },
{ "type": "Feature", "properties": { "tang_id": 72350, "area_km2": 0.711104 }, "geometry": { "type": "Point", "coordinates": [ 109.728405557412444, 40.980764421186713 ] } },
{ "type": "Feature", "properties": { "tang_id": 72351, "area_km2": 0.01369 }, "geometry": { "type": "Point", "coordinates": [ 109.733824598562009, 40.998396583331363 ] } },
{ "type": "Feature", "properties": { "tang_id": 72352, "area_km2": 0.070158 }, "geometry": { "type": "Point", "coordinates": [ 109.687336263273963, 40.930680241461445 ] } },
{ "type": "Feature", "properties": { "tang_id": 72353, "area_km2": 0.092082 }, "geometry": { "type": "Point", "coordinates": [ 109.683192723927363, 40.936952515482432 ] } },
{ "type": "Feature", "properties": { "tang_id": 72354, "area_km2": 1.833964 }, "geometry": { "type": "Point", "coordinates": [ 109.668976241477694, 40.943872184183824 ] } },
{ "type": "Feature", "properties": { "tang_id": 72355, "area_km2": 0.383243 }, "geometry": { "type": "Point", "coordinates": [ 109.650644490501122, 40.937131293828813 ] } },
{ "type": "Feature", "properties": { "tang_id": 72356, "area_km2": 0.265018 }, "geometry": { "type": "Point", "coordinates": [ 109.659823869568044, 40.939192878489514 ] } },
{ "type": "Feature", "properties": { "tang_id": 72357, "area_km2": 0.006219 }, "geometry": { "type": "Point", "coordinates": [ 109.654370576244347, 40.939371425133864 ] } },
{ "type": "Feature", "properties": { "tang_id": 72358, "area_km2": 0.001518 }, "geometry": { "type": "Point", "coordinates": [ 109.654371061401889, 40.940420528792217 ] } },
{ "type": "Feature", "properties": { "tang_id": 72359, "area_km2": 0.003102 }, "geometry": { "type": "Point", "coordinates": [ 109.655810491145061, 40.94145413674984 ] } },
{ "type": "Feature", "properties": { "tang_id": 72360, "area_km2": 0.014297 }, "geometry": { "type": "Point", "coordinates": [ 109.652672166193227, 40.941958433652076 ] } },
{ "type": "Feature", "properties": { "tang_id": 72362, "area_km2": 0.001713 }, "geometry": { "type": "Point", "coordinates": [ 109.650238956271821, 40.94090192781217 ] } },
{ "type": "Feature", "properties": { "tang_id": 72363, "area_km2": 0.068805 }, "geometry": { "type": "Point", "coordinates": [ 109.66525409299399, 40.933762692604589 ] } },
{ "type": "Feature", "properties": { "tang_id": 72364, "area_km2": 0.025533 }, "geometry": { "type": "Point", "coordinates": [ 109.660949148640157, 40.93454247470212 ] } },
{ "type": "Feature", "properties": { "tang_id": 72365, "area_km2": 0.008209 }, "geometry": { "type": "Point", "coordinates": [ 109.664572804693023, 40.93609940475924 ] } },
{ "type": "Feature", "properties": { "tang_id": 72366, "area_km2": 0.001214 }, "geometry": { "type": "Point", "coordinates": [ 109.663215683245895, 40.936736632688628 ] } },
{ "type": "Feature", "properties": { "tang_id": 72367, "area_km2": 0.017588 }, "geometry": { "type": "Point", "coordinates": [ 109.664691600302149, 40.937477331479577 ] } },
{ "type": "Feature", "properties": { "tang_id": 72368, "area_km2": 0.031334 }, "geometry": { "type": "Point", "coordinates": [ 109.677939605462981, 40.932154384051479 ] } },
{ "type": "Feature", "properties": { "tang_id": 72369, "area_km2": 0.035878 }, "geometry": { "type": "Point", "coordinates": [ 109.67248273368736, 40.928423425024391 ] } },
{ "type": "Feature", "properties": { "tang_id": 72370, "area_km2": 0.074356 }, "geometry": { "type": "Point", "coordinates": [ 109.572982642839534, 40.950295127049259 ] } },
{ "type": "Feature", "properties": { "tang_id": 72371, "area_km2": 0.063381 }, "geometry": { "type": "Point", "coordinates": [ 109.558488872143755, 40.951051550001644 ] } },
{ "type": "Feature", "properties": { "tang_id": 72372, "area_km2": 0.047674 }, "geometry": { "type": "Point", "coordinates": [ 109.561454817914438, 40.969678270366401 ] } },
{ "type": "Feature", "properties": { "tang_id": 72373, "area_km2": 0.00487 }, "geometry": { "type": "Point", "coordinates": [ 109.563827154556293, 40.970698479715573 ] } },
{ "type": "Feature", "properties": { "tang_id": 72374, "area_km2": 0.012097 }, "geometry": { "type": "Point", "coordinates": [ 109.546757143713592, 40.97069566031815 ] } },
{ "type": "Feature", "properties": { "tang_id": 72375, "area_km2": 0.007655 }, "geometry": { "type": "Point", "coordinates": [ 109.545350023013384, 40.971932808270772 ] } },
{ "type": "Feature", "properties": { "tang_id": 72376, "area_km2": 0.00988 }, "geometry": { "type": "Point", "coordinates": [ 109.532023473005196, 40.975834276206697 ] } },
{ "type": "Feature", "properties": { "tang_id": 72377, "area_km2": 0.004075 }, "geometry": { "type": "Point", "coordinates": [ 109.530836491657467, 40.974990746446913 ] } },
{ "type": "Feature", "properties": { "tang_id": 72378, "area_km2": 0.0036 }, "geometry": { "type": "Point", "coordinates": [ 109.533231247010605, 40.975195189563088 ] } },
{ "type": "Feature", "properties": { "tang_id": 72379, "area_km2": 0.056224 }, "geometry": { "type": "Point", "coordinates": [ 109.514101205536193, 40.981599776243819 ] } },
{ "type": "Feature", "properties": { "tang_id": 72380, "area_km2": 0.149017 }, "geometry": { "type": "Point", "coordinates": [ 109.526155973319234, 40.987581439135816 ] } },
{ "type": "Feature", "properties": { "tang_id": 72381, "area_km2": 0.03929 }, "geometry": { "type": "Point", "coordinates": [ 109.522580842835211, 40.985565307786132 ] } },
{ "type": "Feature", "properties": { "tang_id": 72382, "area_km2": 0.007421 }, "geometry": { "type": "Point", "coordinates": [ 109.574871318142513, 41.043221964290716 ] } },
{ "type": "Feature", "properties": { "tang_id": 72383, "area_km2": 0.284172 }, "geometry": { "type": "Point", "coordinates": [ 109.566184262465043, 41.043286162206634 ] } },
{ "type": "Feature", "properties": { "tang_id": 72384, "area_km2": 0.047941 }, "geometry": { "type": "Point", "coordinates": [ 109.702690703432211, 41.04430187814058 ] } },
{ "type": "Feature", "properties": { "tang_id": 72385, "area_km2": 0.012191 }, "geometry": { "type": "Point", "coordinates": [ 109.72721064058473, 41.033755763242468 ] } },
{ "type": "Feature", "properties": { "tang_id": 72387, "area_km2": 0.053764 }, "geometry": { "type": "Point", "coordinates": [ 109.72605010071203, 41.035542924441728 ] } },
{ "type": "Feature", "properties": { "tang_id": 72388, "area_km2": 0.067804 }, "geometry": { "type": "Point", "coordinates": [ 109.723327007599238, 41.03570000999418 ] } },
{ "type": "Feature", "properties": { "tang_id": 72389, "area_km2": 0.004684 }, "geometry": { "type": "Point", "coordinates": [ 109.734390103852334, 41.038425503087161 ] } },
{ "type": "Feature", "properties": { "tang_id": 72390, "area_km2": 0.110556 }, "geometry": { "type": "Point", "coordinates": [ 109.709390916788308, 41.036054097353052 ] } },
{ "type": "Feature", "properties": { "tang_id": 72391, "area_km2": 0.023785 }, "geometry": { "type": "Point", "coordinates": [ 109.70550533422356, 41.035250221161995 ] } },
{ "type": "Feature", "properties": { "tang_id": 72392, "area_km2": 0.023116 }, "geometry": { "type": "Point", "coordinates": [ 109.70345815390435, 41.036555945919218 ] } },
{ "type": "Feature", "properties": { "tang_id": 72393, "area_km2": 0.327215 }, "geometry": { "type": "Point", "coordinates": [ 109.695224661367206, 41.039975835788034 ] } },
{ "type": "Feature", "properties": { "tang_id": 72394, "area_km2": 0.170839 }, "geometry": { "type": "Point", "coordinates": [ 109.681229296408887, 41.041570113310065 ] } },
{ "type": "Feature", "properties": { "tang_id": 72395, "area_km2": 0.022417 }, "geometry": { "type": "Point", "coordinates": [ 109.685550452336258, 41.043156754244841 ] } },
{ "type": "Feature", "properties": { "tang_id": 72396, "area_km2": 0.00246 }, "geometry": { "type": "Point", "coordinates": [ 109.678142950516587, 41.042850896113997 ] } },
{ "type": "Feature", "properties": { "tang_id": 72397, "area_km2": 0.004932 }, "geometry": { "type": "Point", "coordinates": [ 109.6770043553948, 41.042987750013978 ] } },
{ "type": "Feature", "properties": { "tang_id": 72402, "area_km2": 0.001505 }, "geometry": { "type": "Point", "coordinates": [ 109.67418301920479, 41.04249284763543 ] } },
{ "type": "Feature", "properties": { "tang_id": 72403, "area_km2": 0.002506 }, "geometry": { "type": "Point", "coordinates": [ 109.673282185052443, 41.042753019358784 ] } },
{ "type": "Feature", "properties": { "tang_id": 72404, "area_km2": 0.001067 }, "geometry": { "type": "Point", "coordinates": [ 109.672649001738463, 41.042447847448678 ] } },
{ "type": "Feature", "properties": { "tang_id": 72405, "area_km2": 0.001659 }, "geometry": { "type": "Point", "coordinates": [ 109.674324465499822, 41.043779969223941 ] } },
{ "type": "Feature", "properties": { "tang_id": 72408, "area_km2": 0.003673 }, "geometry": { "type": "Point", "coordinates": [ 109.671185159011173, 41.042842288139752 ] } },
{ "type": "Feature", "properties": { "tang_id": 72409, "area_km2": 0.002461 }, "geometry": { "type": "Point", "coordinates": [ 109.671932649856714, 41.046370852989689 ] } },
{ "type": "Feature", "properties": { "tang_id": 72410, "area_km2": 0.001126 }, "geometry": { "type": "Point", "coordinates": [ 109.67180100386966, 41.045311428448287 ] } },
{ "type": "Feature", "properties": { "tang_id": 72411, "area_km2": 0.007455 }, "geometry": { "type": "Point", "coordinates": [ 109.672144260477296, 41.044093186929409 ] } },
{ "type": "Feature", "properties": { "tang_id": 72412, "area_km2": 0.037667 }, "geometry": { "type": "Point", "coordinates": [ 109.672218448852448, 41.048873387112415 ] } },
{ "type": "Feature", "properties": { "tang_id": 72413, "area_km2": 0.026029 }, "geometry": { "type": "Point", "coordinates": [ 109.648294892045229, 41.046482781456341 ] } },
{ "type": "Feature", "properties": { "tang_id": 72414, "area_km2": 0.003708 }, "geometry": { "type": "Point", "coordinates": [ 109.650463776715299, 41.045147935358195 ] } },
{ "type": "Feature", "properties": { "tang_id": 72415, "area_km2": 0.496224 }, "geometry": { "type": "Point", "coordinates": [ 110.237091222619782, 41.09960095713231 ] } },
{ "type": "Feature", "properties": { "tang_id": 72416, "area_km2": 0.136792 }, "geometry": { "type": "Point", "coordinates": [ 110.258651085650712, 41.103250747385552 ] } },
{ "type": "Feature", "properties": { "tang_id": 72417, "area_km2": 0.172273 }, "geometry": { "type": "Point", "coordinates": [ 110.27833538806253, 41.091501233999701 ] } },
{ "type": "Feature", "properties": { "tang_id": 72418, "area_km2": 0.375648 }, "geometry": { "type": "Point", "coordinates": [ 110.258031540079671, 41.073660926670591 ] } },
{ "type": "Feature", "properties": { "tang_id": 72419, "area_km2": 0.056829 }, "geometry": { "type": "Point", "coordinates": [ 110.241999365445082, 41.072997342374549 ] } },
{ "type": "Feature", "properties": { "tang_id": 72420, "area_km2": 0.069831 }, "geometry": { "type": "Point", "coordinates": [ 110.230908225149648, 41.075407513905297 ] } },
{ "type": "Feature", "properties": { "tang_id": 72421, "area_km2": 0.040311 }, "geometry": { "type": "Point", "coordinates": [ 110.227310550821116, 41.076685817043959 ] } },
{ "type": "Feature", "properties": { "tang_id": 72422, "area_km2": 0.831457 }, "geometry": { "type": "Point", "coordinates": [ 110.221841977533103, 41.084690469156094 ] } },
{ "type": "Feature", "properties": { "tang_id": 72423, "area_km2": 1.137218 }, "geometry": { "type": "Point", "coordinates": [ 110.207263057426658, 41.077447977639807 ] } },
{ "type": "Feature", "properties": { "tang_id": 72424, "area_km2": 0.559836 }, "geometry": { "type": "Point", "coordinates": [ 110.215187125822254, 41.062306363902913 ] } },
{ "type": "Feature", "properties": { "tang_id": 72425, "area_km2": 0.093507 }, "geometry": { "type": "Point", "coordinates": [ 110.20552954000614, 41.065532245308752 ] } },
{ "type": "Feature", "properties": { "tang_id": 72426, "area_km2": 0.192108 }, "geometry": { "type": "Point", "coordinates": [ 110.202502837129245, 41.052086277477414 ] } },
{ "type": "Feature", "properties": { "tang_id": 72427, "area_km2": 1.380354 }, "geometry": { "type": "Point", "coordinates": [ 110.189890134928774, 41.052175613094398 ] } },
{ "type": "Feature", "properties": { "tang_id": 72428, "area_km2": 0.084667 }, "geometry": { "type": "Point", "coordinates": [ 110.184939003060222, 41.041637208545943 ] } },
{ "type": "Feature", "properties": { "tang_id": 72429, "area_km2": 0.145633 }, "geometry": { "type": "Point", "coordinates": [ 110.212051721433127, 41.04746595144519 ] } },
{ "type": "Feature", "properties": { "tang_id": 72430, "area_km2": 0.0406 }, "geometry": { "type": "Point", "coordinates": [ 110.207457869597562, 41.044110989869026 ] } },
{ "type": "Feature", "properties": { "tang_id": 72431, "area_km2": 0.117534 }, "geometry": { "type": "Point", "coordinates": [ 110.229155530034561, 41.046117290872573 ] } },
{ "type": "Feature", "properties": { "tang_id": 72432, "area_km2": 0.216295 }, "geometry": { "type": "Point", "coordinates": [ 110.222756185366592, 41.051258539156414 ] } },
{ "type": "Feature", "properties": { "tang_id": 72433, "area_km2": 0.05674 }, "geometry": { "type": "Point", "coordinates": [ 110.248913556477731, 41.044392154739839 ] } },
{ "type": "Feature", "properties": { "tang_id": 72434, "area_km2": 0.010401 }, "geometry": { "type": "Point", "coordinates": [ 110.243153185865054, 41.04168549582927 ] } },
{ "type": "Feature", "properties": { "tang_id": 72435, "area_km2": 0.12179 }, "geometry": { "type": "Point", "coordinates": [ 110.261715811803256, 41.036374762383424 ] } },
{ "type": "Feature", "properties": { "tang_id": 72436, "area_km2": 0.209341 }, "geometry": { "type": "Point", "coordinates": [ 110.271364822820914, 41.033292920407703 ] } },
{ "type": "Feature", "properties": { "tang_id": 72437, "area_km2": 0.039442 }, "geometry": { "type": "Point", "coordinates": [ 110.253560532080442, 41.032718548878357 ] } },
{ "type": "Feature", "properties": { "tang_id": 72438, "area_km2": 0.434005 }, "geometry": { "type": "Point", "coordinates": [ 110.245898632842525, 41.035629139608105 ] } },
{ "type": "Feature", "properties": { "tang_id": 72439, "area_km2": 0.047304 }, "geometry": { "type": "Point", "coordinates": [ 110.243374604836589, 41.032271762508579 ] } },
{ "type": "Feature", "properties": { "tang_id": 72440, "area_km2": 0.084667 }, "geometry": { "type": "Point", "coordinates": [ 110.238938116770058, 41.030230991817085 ] } },
{ "type": "Feature", "properties": { "tang_id": 72441, "area_km2": 0.109776 }, "geometry": { "type": "Point", "coordinates": [ 110.239585942960375, 41.023383548496909 ] } },
{ "type": "Feature", "properties": { "tang_id": 72442, "area_km2": 0.01367 }, "geometry": { "type": "Point", "coordinates": [ 110.2369388562106, 41.026162633782256 ] } },
{ "type": "Feature", "properties": { "tang_id": 72443, "area_km2": 11.858651 }, "geometry": { "type": "Point", "coordinates": [ 110.253274519609647, 41.003956892228302 ] } },
{ "type": "Feature", "properties": { "tang_id": 72444, "area_km2": 0.100996 }, "geometry": { "type": "Point", "coordinates": [ 110.271752172066314, 41.015661944679827 ] } },
{ "type": "Feature", "properties": { "tang_id": 72445, "area_km2": 0.140444 }, "geometry": { "type": "Point", "coordinates": [ 110.222328418085482, 40.988102168319173 ] } },
{ "type": "Feature", "properties": { "tang_id": 72446, "area_km2": 0.112658 }, "geometry": { "type": "Point", "coordinates": [ 110.21415610977931, 40.992811772281911 ] } },
{ "type": "Feature", "properties": { "tang_id": 72447, "area_km2": 0.055404 }, "geometry": { "type": "Point", "coordinates": [ 110.218074858558722, 40.995679674873244 ] } },
{ "type": "Feature", "properties": { "tang_id": 72448, "area_km2": 0.153525 }, "geometry": { "type": "Point", "coordinates": [ 110.216253667470582, 40.98800370082688 ] } },
{ "type": "Feature", "properties": { "tang_id": 72449, "area_km2": 0.009363 }, "geometry": { "type": "Point", "coordinates": [ 110.213453835414981, 40.982871617645415 ] } },
{ "type": "Feature", "properties": { "tang_id": 72450, "area_km2": 0.029968 }, "geometry": { "type": "Point", "coordinates": [ 110.213951921875065, 40.984289361445242 ] } },
{ "type": "Feature", "properties": { "tang_id": 72451, "area_km2": 0.206284 }, "geometry": { "type": "Point", "coordinates": [ 110.218051761456209, 40.98093948620695 ] } },
{ "type": "Feature", "properties": { "tang_id": 72452, "area_km2": 0.274061 }, "geometry": { "type": "Point", "coordinates": [ 110.231663779657282, 41.008605181821771 ] } },
{ "type": "Feature", "properties": { "tang_id": 72453, "area_km2": 0.055705 }, "geometry": { "type": "Point", "coordinates": [ 110.234294890433745, 41.002983005458432 ] } },
{ "type": "Feature", "properties": { "tang_id": 72454, "area_km2": 0.021873 }, "geometry": { "type": "Point", "coordinates": [ 110.216815254208754, 40.9764691975424 ] } },
{ "type": "Feature", "properties": { "tang_id": 72455, "area_km2": 0.329076 }, "geometry": { "type": "Point", "coordinates": [ 110.210500143773189, 40.959465633602157 ] } },
{ "type": "Feature", "properties": { "tang_id": 72456, "area_km2": 0.088204 }, "geometry": { "type": "Point", "coordinates": [ 110.236045149339731, 40.941554074946012 ] } },
{ "type": "Feature", "properties": { "tang_id": 72457, "area_km2": 0.047558 }, "geometry": { "type": "Point", "coordinates": [ 110.232034362877201, 40.943138429198576 ] } },
{ "type": "Feature", "properties": { "tang_id": 72458, "area_km2": 0.046346 }, "geometry": { "type": "Point", "coordinates": [ 110.233616117593684, 40.938526850988232 ] } },
{ "type": "Feature", "properties": { "tang_id": 72459, "area_km2": 0.037696 }, "geometry": { "type": "Point", "coordinates": [ 110.226218974577506, 40.923423935257873 ] } },
{ "type": "Feature", "properties": { "tang_id": 72460, "area_km2": 0.142308 }, "geometry": { "type": "Point", "coordinates": [ 110.217282842013844, 40.901726507630279 ] } },
{ "type": "Feature", "properties": { "tang_id": 72461, "area_km2": 0.111126 }, "geometry": { "type": "Point", "coordinates": [ 110.19668401292455, 40.901195108031111 ] } },
{ "type": "Feature", "properties": { "tang_id": 72462, "area_km2": 0.017927 }, "geometry": { "type": "Point", "coordinates": [ 110.190729493050171, 40.89876051050188 ] } },
{ "type": "Feature", "properties": { "tang_id": 72463, "area_km2": 0.105232 }, "geometry": { "type": "Point", "coordinates": [ 110.198819390892851, 40.893295414307737 ] } },
{ "type": "Feature", "properties": { "tang_id": 72464, "area_km2": 0.271181 }, "geometry": { "type": "Point", "coordinates": [ 110.224321923645121, 40.877605534545147 ] } },
{ "type": "Feature", "properties": { "tang_id": 72465, "area_km2": 0.098647 }, "geometry": { "type": "Point", "coordinates": [ 110.259738929634253, 40.864501955024373 ] } },
{ "type": "Feature", "properties": { "tang_id": 72466, "area_km2": 0.020522 }, "geometry": { "type": "Point", "coordinates": [ 110.258221465940323, 40.86161002190147 ] } },
{ "type": "Feature", "properties": { "tang_id": 72467, "area_km2": 0.078289 }, "geometry": { "type": "Point", "coordinates": [ 110.238470386150155, 40.85612590894533 ] } },
{ "type": "Feature", "properties": { "tang_id": 72468, "area_km2": 0.116376 }, "geometry": { "type": "Point", "coordinates": [ 110.217585498159764, 40.849402009092778 ] } },
{ "type": "Feature", "properties": { "tang_id": 72469, "area_km2": 0.170041 }, "geometry": { "type": "Point", "coordinates": [ 110.242072347369842, 40.837532880935676 ] } },
{ "type": "Feature", "properties": { "tang_id": 72470, "area_km2": 0.039012 }, "geometry": { "type": "Point", "coordinates": [ 110.234082289351178, 40.831537117876813 ] } },
{ "type": "Feature", "properties": { "tang_id": 72471, "area_km2": 0.038627 }, "geometry": { "type": "Point", "coordinates": [ 110.225637038719626, 40.826095787750234 ] } },
{ "type": "Feature", "properties": { "tang_id": 72472, "area_km2": 0.07626 }, "geometry": { "type": "Point", "coordinates": [ 110.253075111101268, 40.784866013220537 ] } },
{ "type": "Feature", "properties": { "tang_id": 72473, "area_km2": 0.109383 }, "geometry": { "type": "Point", "coordinates": [ 110.252192893019171, 40.773234246991791 ] } },
{ "type": "Feature", "properties": { "tang_id": 72474, "area_km2": 0.56974 }, "geometry": { "type": "Point", "coordinates": [ 110.298415266776985, 40.741115349483721 ] } },
{ "type": "Feature", "properties": { "tang_id": 72475, "area_km2": 0.346652 }, "geometry": { "type": "Point", "coordinates": [ 110.236261540412912, 40.727972072666432 ] } },
{ "type": "Feature", "properties": { "tang_id": 72476, "area_km2": 0.106343 }, "geometry": { "type": "Point", "coordinates": [ 110.230234747285408, 40.722383365493172 ] } },
{ "type": "Feature", "properties": { "tang_id": 72477, "area_km2": 0.016067 }, "geometry": { "type": "Point", "coordinates": [ 110.228565480012165, 40.725087856538998 ] } },
{ "type": "Feature", "properties": { "tang_id": 72478, "area_km2": 0.008765 }, "geometry": { "type": "Point", "coordinates": [ 110.225007331151986, 40.723647223641649 ] } },
{ "type": "Feature", "properties": { "tang_id": 72479, "area_km2": 0.029853 }, "geometry": { "type": "Point", "coordinates": [ 110.225385969253935, 40.720820055707442 ] } },
{ "type": "Feature", "properties": { "tang_id": 72480, "area_km2": 0.179544 }, "geometry": { "type": "Point", "coordinates": [ 110.20839158279675, 40.720928023867401 ] } },
{ "type": "Feature", "properties": { "tang_id": 72481, "area_km2": 0.755263 }, "geometry": { "type": "Point", "coordinates": [ 110.199738631550062, 40.717545560352079 ] } },
{ "type": "Feature", "properties": { "tang_id": 72482, "area_km2": 0.13843 }, "geometry": { "type": "Point", "coordinates": [ 110.219843425257565, 40.68308852682523 ] } },
{ "type": "Feature", "properties": { "tang_id": 72483, "area_km2": 0.152777 }, "geometry": { "type": "Point", "coordinates": [ 110.211223197090305, 40.681359228219264 ] } },
{ "type": "Feature", "properties": { "tang_id": 72484, "area_km2": 1.381761 }, "geometry": { "type": "Point", "coordinates": [ 110.217593445603214, 40.688433877003192 ] } },
{ "type": "Feature", "properties": { "tang_id": 72485, "area_km2": 0.132489 }, "geometry": { "type": "Point", "coordinates": [ 110.102372875359094, 40.671974698276884 ] } },
{ "type": "Feature", "properties": { "tang_id": 72486, "area_km2": 0.148354 }, "geometry": { "type": "Point", "coordinates": [ 110.094127856309171, 40.672055887516038 ] } },
{ "type": "Feature", "properties": { "tang_id": 72487, "area_km2": 0.031225 }, "geometry": { "type": "Point", "coordinates": [ 110.089206648734077, 40.656675391854748 ] } },
{ "type": "Feature", "properties": { "tang_id": 72488, "area_km2": 0.026078 }, "geometry": { "type": "Point", "coordinates": [ 110.081997524770273, 40.6584178408079 ] } },
{ "type": "Feature", "properties": { "tang_id": 72489, "area_km2": 0.535876 }, "geometry": { "type": "Point", "coordinates": [ 110.281679385571863, 40.882907001956369 ] } },
{ "type": "Feature", "properties": { "tang_id": 72490, "area_km2": 0.112537 }, "geometry": { "type": "Point", "coordinates": [ 110.294709150519452, 40.874072030018844 ] } },
{ "type": "Feature", "properties": { "tang_id": 72491, "area_km2": 0.059354 }, "geometry": { "type": "Point", "coordinates": [ 110.285613462445539, 40.871185684985576 ] } },
{ "type": "Feature", "properties": { "tang_id": 72492, "area_km2": 0.15839 }, "geometry": { "type": "Point", "coordinates": [ 110.283303358951841, 40.873556369190382 ] } },
{ "type": "Feature", "properties": { "tang_id": 72493, "area_km2": 0.005577 }, "geometry": { "type": "Point", "coordinates": [ 110.278093142982428, 40.872453271030082 ] } },
{ "type": "Feature", "properties": { "tang_id": 72494, "area_km2": 0.079452 }, "geometry": { "type": "Point", "coordinates": [ 110.268248776983057, 40.893773293196176 ] } },
{ "type": "Feature", "properties": { "tang_id": 72495, "area_km2": 0.93704 }, "geometry": { "type": "Point", "coordinates": [ 110.33709948146776, 40.902431734848285 ] } },
{ "type": "Feature", "properties": { "tang_id": 72496, "area_km2": 0.102894 }, "geometry": { "type": "Point", "coordinates": [ 110.316264614949745, 40.896674159495632 ] } },
{ "type": "Feature", "properties": { "tang_id": 72497, "area_km2": 0.084206 }, "geometry": { "type": "Point", "coordinates": [ 110.328055893852465, 40.908628361443661 ] } },
{ "type": "Feature", "properties": { "tang_id": 72498, "area_km2": 0.048814 }, "geometry": { "type": "Point", "coordinates": [ 110.353765986038056, 40.913668169757536 ] } },
{ "type": "Feature", "properties": { "tang_id": 72499, "area_km2": 0.058943 }, "geometry": { "type": "Point", "coordinates": [ 110.361513984094913, 40.916407568259999 ] } },
{ "type": "Feature", "properties": { "tang_id": 72500, "area_km2": 0.165737 }, "geometry": { "type": "Point", "coordinates": [ 110.36074222907223, 40.927430726531 ] } },
{ "type": "Feature", "properties": { "tang_id": 72501, "area_km2": 0.018216 }, "geometry": { "type": "Point", "coordinates": [ 110.370730785807837, 40.929797592763649 ] } },
{ "type": "Feature", "properties": { "tang_id": 72502, "area_km2": 0.072157 }, "geometry": { "type": "Point", "coordinates": [ 110.399563487042215, 40.935393488849854 ] } },
{ "type": "Feature", "properties": { "tang_id": 72503, "area_km2": 0.122101 }, "geometry": { "type": "Point", "coordinates": [ 110.415150363129413, 40.942800755414297 ] } },
{ "type": "Feature", "properties": { "tang_id": 72504, "area_km2": 0.348609 }, "geometry": { "type": "Point", "coordinates": [ 110.371975973009668, 40.956287416156243 ] } },
{ "type": "Feature", "properties": { "tang_id": 72505, "area_km2": 0.843503 }, "geometry": { "type": "Point", "coordinates": [ 110.3797894099079, 40.977422908747464 ] } },
{ "type": "Feature", "properties": { "tang_id": 72506, "area_km2": 0.04218 }, "geometry": { "type": "Point", "coordinates": [ 110.394536270786205, 40.970858260538193 ] } },
{ "type": "Feature", "properties": { "tang_id": 72507, "area_km2": 0.07359 }, "geometry": { "type": "Point", "coordinates": [ 110.35963177990223, 40.972888470720477 ] } },
{ "type": "Feature", "properties": { "tang_id": 72508, "area_km2": 0.123494 }, "geometry": { "type": "Point", "coordinates": [ 110.372799507710937, 40.965141949371066 ] } },
{ "type": "Feature", "properties": { "tang_id": 72509, "area_km2": 0.568908 }, "geometry": { "type": "Point", "coordinates": [ 110.355531637599384, 40.981917131775504 ] } },
{ "type": "Feature", "properties": { "tang_id": 72510, "area_km2": 0.002006 }, "geometry": { "type": "Point", "coordinates": [ 110.355725475493131, 40.976464909066543 ] } },
{ "type": "Feature", "properties": { "tang_id": 72511, "area_km2": 0.002131 }, "geometry": { "type": "Point", "coordinates": [ 110.355877062757884, 40.975752939219994 ] } },
{ "type": "Feature", "properties": { "tang_id": 72512, "area_km2": 0.004986 }, "geometry": { "type": "Point", "coordinates": [ 110.351371081699199, 40.979187951309648 ] } },
{ "type": "Feature", "properties": { "tang_id": 72513, "area_km2": 0.008584 }, "geometry": { "type": "Point", "coordinates": [ 110.331376502040257, 40.987540979042862 ] } },
{ "type": "Feature", "properties": { "tang_id": 72514, "area_km2": 0.136874 }, "geometry": { "type": "Point", "coordinates": [ 110.178145276459716, 41.058762422649615 ] } },
{ "type": "Feature", "properties": { "tang_id": 72515, "area_km2": 0.136016 }, "geometry": { "type": "Point", "coordinates": [ 110.171890918964394, 41.053774080882413 ] } },
{ "type": "Feature", "properties": { "tang_id": 72516, "area_km2": 0.068459 }, "geometry": { "type": "Point", "coordinates": [ 110.153900493124766, 41.046523033163552 ] } },
{ "type": "Feature", "properties": { "tang_id": 72517, "area_km2": 0.219078 }, "geometry": { "type": "Point", "coordinates": [ 110.144806598668708, 41.056919924978232 ] } },
{ "type": "Feature", "properties": { "tang_id": 72518, "area_km2": 0.091713 }, "geometry": { "type": "Point", "coordinates": [ 110.130567411370961, 41.034531130298191 ] } },
{ "type": "Feature", "properties": { "tang_id": 72519, "area_km2": 0.024167 }, "geometry": { "type": "Point", "coordinates": [ 110.125859325809827, 41.035343328891756 ] } },
{ "type": "Feature", "properties": { "tang_id": 72520, "area_km2": 0.123353 }, "geometry": { "type": "Point", "coordinates": [ 110.121040298121699, 41.035082523583192 ] } },
{ "type": "Feature", "properties": { "tang_id": 72521, "area_km2": 0.099066 }, "geometry": { "type": "Point", "coordinates": [ 110.115532840768125, 41.033825696431009 ] } },
{ "type": "Feature", "properties": { "tang_id": 72522, "area_km2": 0.075747 }, "geometry": { "type": "Point", "coordinates": [ 110.116795135605273, 41.02884663229738 ] } },
{ "type": "Feature", "properties": { "tang_id": 72523, "area_km2": 0.12591 }, "geometry": { "type": "Point", "coordinates": [ 110.517442424956002, 40.938872593452402 ] } },
{ "type": "Feature", "properties": { "tang_id": 72524, "area_km2": 0.046907 }, "geometry": { "type": "Point", "coordinates": [ 110.512416281183235, 40.937956721055244 ] } },
{ "type": "Feature", "properties": { "tang_id": 72525, "area_km2": 0.092121 }, "geometry": { "type": "Point", "coordinates": [ 110.52089127333187, 40.948757711017983 ] } },
{ "type": "Feature", "properties": { "tang_id": 72526, "area_km2": 0.208127 }, "geometry": { "type": "Point", "coordinates": [ 110.519794107071377, 40.960926466308337 ] } },
{ "type": "Feature", "properties": { "tang_id": 72527, "area_km2": 0.077054 }, "geometry": { "type": "Point", "coordinates": [ 110.511274803213666, 40.960816987575505 ] } },
{ "type": "Feature", "properties": { "tang_id": 72528, "area_km2": 0.091406 }, "geometry": { "type": "Point", "coordinates": [ 110.505497068869772, 40.960915751512964 ] } },
{ "type": "Feature", "properties": { "tang_id": 72529, "area_km2": 0.097215 }, "geometry": { "type": "Point", "coordinates": [ 110.501057229150135, 40.956711813775051 ] } },
{ "type": "Feature", "properties": { "tang_id": 72530, "area_km2": 0.137336 }, "geometry": { "type": "Point", "coordinates": [ 110.498885386810286, 40.960270936319567 ] } },
{ "type": "Feature", "properties": { "tang_id": 72531, "area_km2": 0.162025 }, "geometry": { "type": "Point", "coordinates": [ 110.496282273824917, 40.964752812913154 ] } },
{ "type": "Feature", "properties": { "tang_id": 72532, "area_km2": 0.002717 }, "geometry": { "type": "Point", "coordinates": [ 110.490743751546503, 40.963262796339528 ] } },
{ "type": "Feature", "properties": { "tang_id": 72533, "area_km2": 0.006914 }, "geometry": { "type": "Point", "coordinates": [ 110.491038307321958, 40.961658229741026 ] } },
{ "type": "Feature", "properties": { "tang_id": 72534, "area_km2": 0.036953 }, "geometry": { "type": "Point", "coordinates": [ 110.504371817618292, 40.96668267739804 ] } },
{ "type": "Feature", "properties": { "tang_id": 72535, "area_km2": 0.016043 }, "geometry": { "type": "Point", "coordinates": [ 110.511256635583052, 40.966643814435393 ] } },
{ "type": "Feature", "properties": { "tang_id": 72536, "area_km2": 0.131399 }, "geometry": { "type": "Point", "coordinates": [ 110.498749335183319, 40.969855205968223 ] } },
{ "type": "Feature", "properties": { "tang_id": 72537, "area_km2": 0.03419 }, "geometry": { "type": "Point", "coordinates": [ 110.49903295513721, 40.984327813229214 ] } },
{ "type": "Feature", "properties": { "tang_id": 72538, "area_km2": 0.21811 }, "geometry": { "type": "Point", "coordinates": [ 110.490773452260797, 40.987279317774622 ] } },
{ "type": "Feature", "properties": { "tang_id": 72539, "area_km2": 2.580182 }, "geometry": { "type": "Point", "coordinates": [ 110.504483200986428, 41.003283995624514 ] } },
{ "type": "Feature", "properties": { "tang_id": 72540, "area_km2": 0.274049 }, "geometry": { "type": "Point", "coordinates": [ 110.458746205485838, 41.007782346694405 ] } },
{ "type": "Feature", "properties": { "tang_id": 72541, "area_km2": 0.016166 }, "geometry": { "type": "Point", "coordinates": [ 110.457076769766658, 41.007102371947731 ] } },
{ "type": "Feature", "properties": { "tang_id": 72542, "area_km2": 0.02919 }, "geometry": { "type": "Point", "coordinates": [ 110.439314352839091, 40.999938281620544 ] } },
{ "type": "Feature", "properties": { "tang_id": 72543, "area_km2": 0.019402 }, "geometry": { "type": "Point", "coordinates": [ 110.437923114326097, 40.997337983245103 ] } },
{ "type": "Feature", "properties": { "tang_id": 72544, "area_km2": 0.026315 }, "geometry": { "type": "Point", "coordinates": [ 110.431888942693107, 40.99735749680849 ] } },
{ "type": "Feature", "properties": { "tang_id": 72545, "area_km2": 0.025031 }, "geometry": { "type": "Point", "coordinates": [ 110.438769717182453, 40.99513671950956 ] } },
{ "type": "Feature", "properties": { "tang_id": 72546, "area_km2": 0.005795 }, "geometry": { "type": "Point", "coordinates": [ 110.436948865955429, 40.996158440412827 ] } },
{ "type": "Feature", "properties": { "tang_id": 72547, "area_km2": 0.010969 }, "geometry": { "type": "Point", "coordinates": [ 110.451273589709331, 40.9899837367917 ] } },
{ "type": "Feature", "properties": { "tang_id": 72548, "area_km2": 0.166784 }, "geometry": { "type": "Point", "coordinates": [ 110.458563338202183, 41.017026817473727 ] } },
{ "type": "Feature", "properties": { "tang_id": 72549, "area_km2": 0.020036 }, "geometry": { "type": "Point", "coordinates": [ 110.535068742705903, 41.021674949403064 ] } },
{ "type": "Feature", "properties": { "tang_id": 72550, "area_km2": 0.038449 }, "geometry": { "type": "Point", "coordinates": [ 110.531138887731828, 41.01967579632403 ] } },
{ "type": "Feature", "properties": { "tang_id": 72551, "area_km2": 0.091091 }, "geometry": { "type": "Point", "coordinates": [ 110.530596691109636, 41.016037252417902 ] } },
{ "type": "Feature", "properties": { "tang_id": 72552, "area_km2": 0.018543 }, "geometry": { "type": "Point", "coordinates": [ 110.529407446974204, 41.013466496482351 ] } },
{ "type": "Feature", "properties": { "tang_id": 72553, "area_km2": 0.016541 }, "geometry": { "type": "Point", "coordinates": [ 110.540058813059659, 41.015184885989491 ] } },
{ "type": "Feature", "properties": { "tang_id": 72554, "area_km2": 0.087957 }, "geometry": { "type": "Point", "coordinates": [ 110.53740968762709, 41.01708624610805 ] } },
{ "type": "Feature", "properties": { "tang_id": 72555, "area_km2": 0.100479 }, "geometry": { "type": "Point", "coordinates": [ 110.524987517696587, 41.019809575631918 ] } },
{ "type": "Feature", "properties": { "tang_id": 72556, "area_km2": 0.051586 }, "geometry": { "type": "Point", "coordinates": [ 110.524673822939675, 41.023365361022009 ] } },
{ "type": "Feature", "properties": { "tang_id": 72557, "area_km2": 0.231936 }, "geometry": { "type": "Point", "coordinates": [ 110.507859908516494, 41.032082361056133 ] } },
{ "type": "Feature", "properties": { "tang_id": 72558, "area_km2": 0.894019 }, "geometry": { "type": "Point", "coordinates": [ 110.533494834615709, 41.031836810636563 ] } },
{ "type": "Feature", "properties": { "tang_id": 72559, "area_km2": 0.014633 }, "geometry": { "type": "Point", "coordinates": [ 110.535125550904567, 41.02461337394633 ] } },
{ "type": "Feature", "properties": { "tang_id": 72560, "area_km2": 0.075237 }, "geometry": { "type": "Point", "coordinates": [ 110.528270032349894, 41.036967338570967 ] } },
{ "type": "Feature", "properties": { "tang_id": 72561, "area_km2": 0.077906 }, "geometry": { "type": "Point", "coordinates": [ 110.524639490642244, 41.035347157597748 ] } },
{ "type": "Feature", "properties": { "tang_id": 72562, "area_km2": 0.107257 }, "geometry": { "type": "Point", "coordinates": [ 110.538604221715374, 41.045002884277764 ] } },
{ "type": "Feature", "properties": { "tang_id": 72563, "area_km2": 0.008262 }, "geometry": { "type": "Point", "coordinates": [ 110.538051537148249, 41.041835472250654 ] } },
{ "type": "Feature", "properties": { "tang_id": 72564, "area_km2": 0.013484 }, "geometry": { "type": "Point", "coordinates": [ 110.535974947680927, 41.042738923882297 ] } },
{ "type": "Feature", "properties": { "tang_id": 72565, "area_km2": 0.357481 }, "geometry": { "type": "Point", "coordinates": [ 110.40115058410727, 41.074885165096006 ] } },
{ "type": "Feature", "properties": { "tang_id": 72566, "area_km2": 0.030819 }, "geometry": { "type": "Point", "coordinates": [ 110.397905590109588, 41.078738999999132 ] } },
{ "type": "Feature", "properties": { "tang_id": 72567, "area_km2": 0.081807 }, "geometry": { "type": "Point", "coordinates": [ 110.447402602251813, 41.099604479162537 ] } },
{ "type": "Feature", "properties": { "tang_id": 72568, "area_km2": 0.007619 }, "geometry": { "type": "Point", "coordinates": [ 110.445673035987127, 41.10006667049938 ] } },
{ "type": "Feature", "properties": { "tang_id": 72569, "area_km2": 0.056813 }, "geometry": { "type": "Point", "coordinates": [ 110.450390221913665, 41.103058626933546 ] } },
{ "type": "Feature", "properties": { "tang_id": 72570, "area_km2": 0.568446 }, "geometry": { "type": "Point", "coordinates": [ 110.609808204445386, 41.113636313662163 ] } },
{ "type": "Feature", "properties": { "tang_id": 72571, "area_km2": 0.031743 }, "geometry": { "type": "Point", "coordinates": [ 110.606004399911811, 41.108460913510513 ] } },
{ "type": "Feature", "properties": { "tang_id": 72572, "area_km2": 0.017615 }, "geometry": { "type": "Point", "coordinates": [ 110.604878144716835, 41.107012441247448 ] } },
{ "type": "Feature", "properties": { "tang_id": 72573, "area_km2": 0.040344 }, "geometry": { "type": "Point", "coordinates": [ 110.600686795276701, 41.109130847642923 ] } },
{ "type": "Feature", "properties": { "tang_id": 72574, "area_km2": 0.035735 }, "geometry": { "type": "Point", "coordinates": [ 110.598178192087516, 41.105961337856698 ] } },
{ "type": "Feature", "properties": { "tang_id": 72575, "area_km2": 0.025098 }, "geometry": { "type": "Point", "coordinates": [ 110.59785493362935, 41.11074490228323 ] } },
{ "type": "Feature", "properties": { "tang_id": 72576, "area_km2": 0.021784 }, "geometry": { "type": "Point", "coordinates": [ 110.60434515670444, 41.110191796298089 ] } },
{ "type": "Feature", "properties": { "tang_id": 72577, "area_km2": 0.00368 }, "geometry": { "type": "Point", "coordinates": [ 110.60564835486322, 41.110645988331335 ] } },
{ "type": "Feature", "properties": { "tang_id": 72578, "area_km2": 0.005346 }, "geometry": { "type": "Point", "coordinates": [ 110.606956350049643, 41.111002245166041 ] } },
{ "type": "Feature", "properties": { "tang_id": 72579, "area_km2": 0.122142 }, "geometry": { "type": "Point", "coordinates": [ 110.629802493157243, 41.080584739906257 ] } },
{ "type": "Feature", "properties": { "tang_id": 72580, "area_km2": 0.298322 }, "geometry": { "type": "Point", "coordinates": [ 110.639380436748922, 41.078510557206776 ] } },
{ "type": "Feature", "properties": { "tang_id": 72581, "area_km2": 0.003043 }, "geometry": { "type": "Point", "coordinates": [ 110.638249460435375, 41.073440908765441 ] } },
{ "type": "Feature", "properties": { "tang_id": 72582, "area_km2": 0.007983 }, "geometry": { "type": "Point", "coordinates": [ 110.62980430105371, 41.077174788855764 ] } },
{ "type": "Feature", "properties": { "tang_id": 72583, "area_km2": 0.010968 }, "geometry": { "type": "Point", "coordinates": [ 110.626027387185587, 41.070962415477034 ] } },
{ "type": "Feature", "properties": { "tang_id": 72584, "area_km2": 0.066991 }, "geometry": { "type": "Point", "coordinates": [ 110.622180448770024, 41.070066653570578 ] } },
{ "type": "Feature", "properties": { "tang_id": 72585, "area_km2": 0.065571 }, "geometry": { "type": "Point", "coordinates": [ 110.62054816305735, 41.080425624782663 ] } },
{ "type": "Feature", "properties": { "tang_id": 72586, "area_km2": 0.051167 }, "geometry": { "type": "Point", "coordinates": [ 110.615882725776288, 41.080471218497557 ] } },
{ "type": "Feature", "properties": { "tang_id": 72587, "area_km2": 0.024804 }, "geometry": { "type": "Point", "coordinates": [ 110.621217701065675, 41.084802764280596 ] } },
{ "type": "Feature", "properties": { "tang_id": 72588, "area_km2": 0.020932 }, "geometry": { "type": "Point", "coordinates": [ 110.621269705682835, 41.086825931925333 ] } },
{ "type": "Feature", "properties": { "tang_id": 72589, "area_km2": 0.052301 }, "geometry": { "type": "Point", "coordinates": [ 110.61864845507057, 41.090648845810371 ] } },
{ "type": "Feature", "properties": { "tang_id": 72590, "area_km2": 0.133213 }, "geometry": { "type": "Point", "coordinates": [ 110.611348754084148, 41.09250976464709 ] } },
{ "type": "Feature", "properties": { "tang_id": 72591, "area_km2": 0.015339 }, "geometry": { "type": "Point", "coordinates": [ 110.605831168805622, 41.0931100588992 ] } },
{ "type": "Feature", "properties": { "tang_id": 72592, "area_km2": 0.001524 }, "geometry": { "type": "Point", "coordinates": [ 110.603275579563601, 41.094562130473186 ] } },
{ "type": "Feature", "properties": { "tang_id": 72593, "area_km2": 0.001645 }, "geometry": { "type": "Point", "coordinates": [ 110.603764965198891, 41.095998781955743 ] } },
{ "type": "Feature", "properties": { "tang_id": 72594, "area_km2": 0.001429 }, "geometry": { "type": "Point", "coordinates": [ 110.603421461593143, 41.095522053278273 ] } },
{ "type": "Feature", "properties": { "tang_id": 72595, "area_km2": 0.002433 }, "geometry": { "type": "Point", "coordinates": [ 110.602444256075927, 41.09508269138189 ] } },
{ "type": "Feature", "properties": { "tang_id": 72596, "area_km2": 0.010548 }, "geometry": { "type": "Point", "coordinates": [ 110.607440200489066, 41.091518603242044 ] } },
{ "type": "Feature", "properties": { "tang_id": 72597, "area_km2": 0.019305 }, "geometry": { "type": "Point", "coordinates": [ 110.606303510327749, 41.090414460596428 ] } },
{ "type": "Feature", "properties": { "tang_id": 72598, "area_km2": 0.026441 }, "geometry": { "type": "Point", "coordinates": [ 110.607754082321748, 41.089125428909398 ] } },
{ "type": "Feature", "properties": { "tang_id": 72599, "area_km2": 0.003935 }, "geometry": { "type": "Point", "coordinates": [ 110.611987280484144, 41.088631645897024 ] } },
{ "type": "Feature", "properties": { "tang_id": 72600, "area_km2": 0.005554 }, "geometry": { "type": "Point", "coordinates": [ 110.611478995487502, 41.087983068989885 ] } },
{ "type": "Feature", "properties": { "tang_id": 72601, "area_km2": 0.147062 }, "geometry": { "type": "Point", "coordinates": [ 110.608635589104892, 41.127011557088117 ] } },
{ "type": "Feature", "properties": { "tang_id": 72602, "area_km2": 0.057358 }, "geometry": { "type": "Point", "coordinates": [ 110.615894930667821, 41.129272980330803 ] } },
{ "type": "Feature", "properties": { "tang_id": 72603, "area_km2": 0.017702 }, "geometry": { "type": "Point", "coordinates": [ 110.659355661288629, 41.07809208270892 ] } },
{ "type": "Feature", "properties": { "tang_id": 72604, "area_km2": 0.036143 }, "geometry": { "type": "Point", "coordinates": [ 110.654658657552972, 41.081175749561972 ] } },
{ "type": "Feature", "properties": { "tang_id": 72605, "area_km2": 0.053663 }, "geometry": { "type": "Point", "coordinates": [ 110.665941865882488, 41.083266168285874 ] } },
{ "type": "Feature", "properties": { "tang_id": 72606, "area_km2": 0.02716 }, "geometry": { "type": "Point", "coordinates": [ 110.657725370814688, 41.071190369989736 ] } },
{ "type": "Feature", "properties": { "tang_id": 72607, "area_km2": 0.091949 }, "geometry": { "type": "Point", "coordinates": [ 110.654472060355275, 41.072482940907356 ] } },
{ "type": "Feature", "properties": { "tang_id": 72608, "area_km2": 0.055865 }, "geometry": { "type": "Point", "coordinates": [ 110.645846176569208, 41.070187424525137 ] } },
{ "type": "Feature", "properties": { "tang_id": 72609, "area_km2": 0.044519 }, "geometry": { "type": "Point", "coordinates": [ 110.655370488336956, 41.064209415239574 ] } },
{ "type": "Feature", "properties": { "tang_id": 72610, "area_km2": 0.005969 }, "geometry": { "type": "Point", "coordinates": [ 110.654327749310994, 41.062446733914939 ] } },
{ "type": "Feature", "properties": { "tang_id": 72612, "area_km2": 0.023764 }, "geometry": { "type": "Point", "coordinates": [ 110.644079655382626, 41.066705899851819 ] } },
{ "type": "Feature", "properties": { "tang_id": 72613, "area_km2": 0.009495 }, "geometry": { "type": "Point", "coordinates": [ 110.642195980661455, 41.066151740922308 ] } },
{ "type": "Feature", "properties": { "tang_id": 72614, "area_km2": 0.022594 }, "geometry": { "type": "Point", "coordinates": [ 110.665834481824518, 41.051169980983531 ] } },
{ "type": "Feature", "properties": { "tang_id": 72615, "area_km2": 0.001445 }, "geometry": { "type": "Point", "coordinates": [ 110.6705241975354, 41.050269875326101 ] } },
{ "type": "Feature", "properties": { "tang_id": 72617, "area_km2": 0.013213 }, "geometry": { "type": "Point", "coordinates": [ 110.647640688510364, 41.040225070877838 ] } },
{ "type": "Feature", "properties": { "tang_id": 72618, "area_km2": 0.010572 }, "geometry": { "type": "Point", "coordinates": [ 110.646248992783455, 41.04013789189932 ] } },
{ "type": "Feature", "properties": { "tang_id": 72620, "area_km2": 0.127982 }, "geometry": { "type": "Point", "coordinates": [ 110.649414496714869, 41.034308501194168 ] } },
{ "type": "Feature", "properties": { "tang_id": 72621, "area_km2": 0.120701 }, "geometry": { "type": "Point", "coordinates": [ 110.656976603208847, 41.030627302237683 ] } },
{ "type": "Feature", "properties": { "tang_id": 72622, "area_km2": 0.152091 }, "geometry": { "type": "Point", "coordinates": [ 110.661830997133961, 41.024969570213322 ] } },
{ "type": "Feature", "properties": { "tang_id": 72623, "area_km2": 0.21383 }, "geometry": { "type": "Point", "coordinates": [ 110.669562408639635, 41.023819721112318 ] } },
{ "type": "Feature", "properties": { "tang_id": 72624, "area_km2": 0.002892 }, "geometry": { "type": "Point", "coordinates": [ 110.671391452440176, 41.023346347036778 ] } },
{ "type": "Feature", "properties": { "tang_id": 72625, "area_km2": 0.01261 }, "geometry": { "type": "Point", "coordinates": [ 110.673632469917507, 41.028393564046617 ] } },
{ "type": "Feature", "properties": { "tang_id": 72626, "area_km2": 0.008818 }, "geometry": { "type": "Point", "coordinates": [ 110.672057431577215, 41.027986582122089 ] } },
{ "type": "Feature", "properties": { "tang_id": 72627, "area_km2": 0.001797 }, "geometry": { "type": "Point", "coordinates": [ 110.671991611749263, 41.029306886167873 ] } },
{ "type": "Feature", "properties": { "tang_id": 72629, "area_km2": 0.077954 }, "geometry": { "type": "Point", "coordinates": [ 110.694939544251483, 41.013916996325925 ] } },
{ "type": "Feature", "properties": { "tang_id": 72630, "area_km2": 0.024087 }, "geometry": { "type": "Point", "coordinates": [ 110.697378353748107, 41.017236584054316 ] } },
{ "type": "Feature", "properties": { "tang_id": 72631, "area_km2": 0.263726 }, "geometry": { "type": "Point", "coordinates": [ 110.721615931533961, 41.030697064922563 ] } },
{ "type": "Feature", "properties": { "tang_id": 72632, "area_km2": 0.040518 }, "geometry": { "type": "Point", "coordinates": [ 110.712814751918813, 41.031064870916239 ] } },
{ "type": "Feature", "properties": { "tang_id": 72633, "area_km2": 0.004363 }, "geometry": { "type": "Point", "coordinates": [ 110.714975034635202, 41.029247019268233 ] } },
{ "type": "Feature", "properties": { "tang_id": 72634, "area_km2": 0.011971 }, "geometry": { "type": "Point", "coordinates": [ 110.709504899444966, 41.032207915078807 ] } },
{ "type": "Feature", "properties": { "tang_id": 72635, "area_km2": 0.021791 }, "geometry": { "type": "Point", "coordinates": [ 110.70994454271721, 41.041709779538714 ] } },
{ "type": "Feature", "properties": { "tang_id": 72636, "area_km2": 0.005545 }, "geometry": { "type": "Point", "coordinates": [ 110.708709990592624, 41.040129178341886 ] } },
{ "type": "Feature", "properties": { "tang_id": 72637, "area_km2": 0.001564 }, "geometry": { "type": "Point", "coordinates": [ 110.707747444393377, 41.039736930126075 ] } },
{ "type": "Feature", "properties": { "tang_id": 72638, "area_km2": 0.036859 }, "geometry": { "type": "Point", "coordinates": [ 110.705755371478404, 41.042150839234822 ] } },
{ "type": "Feature", "properties": { "tang_id": 72639, "area_km2": 0.041781 }, "geometry": { "type": "Point", "coordinates": [ 110.72026268861957, 41.039708314789245 ] } },
{ "type": "Feature", "properties": { "tang_id": 72640, "area_km2": 0.015196 }, "geometry": { "type": "Point", "coordinates": [ 110.750018709312855, 41.023896656857033 ] } },
{ "type": "Feature", "properties": { "tang_id": 72641, "area_km2": 0.104069 }, "geometry": { "type": "Point", "coordinates": [ 110.747355859376455, 41.02473421397309 ] } },
{ "type": "Feature", "properties": { "tang_id": 72642, "area_km2": 0.003017 }, "geometry": { "type": "Point", "coordinates": [ 110.747641143484998, 41.021537334143673 ] } },
{ "type": "Feature", "properties": { "tang_id": 72643, "area_km2": 0.046946 }, "geometry": { "type": "Point", "coordinates": [ 110.768382723847935, 41.007408562128859 ] } },
{ "type": "Feature", "properties": { "tang_id": 72644, "area_km2": 0.060366 }, "geometry": { "type": "Point", "coordinates": [ 110.625977460924418, 41.026801178593281 ] } },
{ "type": "Feature", "properties": { "tang_id": 72645, "area_km2": 0.027895 }, "geometry": { "type": "Point", "coordinates": [ 110.620014164478079, 41.029053121071883 ] } },
{ "type": "Feature", "properties": { "tang_id": 72646, "area_km2": 0.095442 }, "geometry": { "type": "Point", "coordinates": [ 110.626279693356821, 41.022999682236538 ] } },
{ "type": "Feature", "properties": { "tang_id": 72647, "area_km2": 0.008494 }, "geometry": { "type": "Point", "coordinates": [ 110.623565189662855, 41.01592791323575 ] } },
{ "type": "Feature", "properties": { "tang_id": 72648, "area_km2": 0.159407 }, "geometry": { "type": "Point", "coordinates": [ 110.621939302441149, 41.018903522593803 ] } },
{ "type": "Feature", "properties": { "tang_id": 72649, "area_km2": 0.051111 }, "geometry": { "type": "Point", "coordinates": [ 110.627435663253465, 41.015995542266189 ] } },
{ "type": "Feature", "properties": { "tang_id": 72650, "area_km2": 0.053854 }, "geometry": { "type": "Point", "coordinates": [ 110.620298639101193, 41.025290040599259 ] } },
{ "type": "Feature", "properties": { "tang_id": 72651, "area_km2": 0.352656 }, "geometry": { "type": "Point", "coordinates": [ 110.613006198611998, 41.032619176957837 ] } },
{ "type": "Feature", "properties": { "tang_id": 72652, "area_km2": 0.021039 }, "geometry": { "type": "Point", "coordinates": [ 110.599365856027291, 41.033313089801069 ] } },
{ "type": "Feature", "properties": { "tang_id": 72653, "area_km2": 0.001147 }, "geometry": { "type": "Point", "coordinates": [ 110.600449366098388, 41.032377771031307 ] } },
{ "type": "Feature", "properties": { "tang_id": 72654, "area_km2": 0.009985 }, "geometry": { "type": "Point", "coordinates": [ 110.596713695775037, 41.033513038417702 ] } },
{ "type": "Feature", "properties": { "tang_id": 72655, "area_km2": 0.154625 }, "geometry": { "type": "Point", "coordinates": [ 110.601943847506718, 41.03971836716633 ] } },
{ "type": "Feature", "properties": { "tang_id": 72656, "area_km2": 0.073828 }, "geometry": { "type": "Point", "coordinates": [ 110.597993021715709, 41.041394107535304 ] } },
{ "type": "Feature", "properties": { "tang_id": 72657, "area_km2": 0.087799 }, "geometry": { "type": "Point", "coordinates": [ 110.59010545601798, 41.044257230703373 ] } },
{ "type": "Feature", "properties": { "tang_id": 72658, "area_km2": 0.080769 }, "geometry": { "type": "Point", "coordinates": [ 110.579866492195478, 41.045705211240779 ] } },
{ "type": "Feature", "properties": { "tang_id": 72659, "area_km2": 0.221958 }, "geometry": { "type": "Point", "coordinates": [ 110.571222639921686, 41.049476968657956 ] } },
{ "type": "Feature", "properties": { "tang_id": 72660, "area_km2": 0.127025 }, "geometry": { "type": "Point", "coordinates": [ 110.613832373303552, 41.023880012733414 ] } },
{ "type": "Feature", "properties": { "tang_id": 72661, "area_km2": 0.113742 }, "geometry": { "type": "Point", "coordinates": [ 110.603380225277519, 41.02932112573491 ] } },
{ "type": "Feature", "properties": { "tang_id": 72662, "area_km2": 0.005277 }, "geometry": { "type": "Point", "coordinates": [ 110.628398865613477, 41.01905374871145 ] } },
{ "type": "Feature", "properties": { "tang_id": 72663, "area_km2": 0.054291 }, "geometry": { "type": "Point", "coordinates": [ 110.631341368358633, 41.020002998411684 ] } },
{ "type": "Feature", "properties": { "tang_id": 72664, "area_km2": 0.002349 }, "geometry": { "type": "Point", "coordinates": [ 110.632873857390109, 41.01838215872548 ] } },
{ "type": "Feature", "properties": { "tang_id": 72665, "area_km2": 0.001065 }, "geometry": { "type": "Point", "coordinates": [ 110.634053352879334, 41.018050636235081 ] } },
{ "type": "Feature", "properties": { "tang_id": 72666, "area_km2": 0.006298 }, "geometry": { "type": "Point", "coordinates": [ 110.648319496302165, 41.020284036501138 ] } },
{ "type": "Feature", "properties": { "tang_id": 72667, "area_km2": 0.003464 }, "geometry": { "type": "Point", "coordinates": [ 110.651171655288991, 41.020372246516963 ] } },
{ "type": "Feature", "properties": { "tang_id": 72668, "area_km2": 0.007255 }, "geometry": { "type": "Point", "coordinates": [ 110.665139190304359, 41.027674032722381 ] } },
{ "type": "Feature", "properties": { "tang_id": 72669, "area_km2": 0.035665 }, "geometry": { "type": "Point", "coordinates": [ 110.566420854537625, 41.042903207590918 ] } },
{ "type": "Feature", "properties": { "tang_id": 72670, "area_km2": 0.07068 }, "geometry": { "type": "Point", "coordinates": [ 110.576430304271597, 41.043031145056375 ] } },
{ "type": "Feature", "properties": { "tang_id": 72671, "area_km2": 0.085691 }, "geometry": { "type": "Point", "coordinates": [ 110.475546229169581, 41.001378549764951 ] } },
{ "type": "Feature", "properties": { "tang_id": 72672, "area_km2": 0.02826 }, "geometry": { "type": "Point", "coordinates": [ 110.476161130239817, 41.005727942010999 ] } },
{ "type": "Feature", "properties": { "tang_id": 72673, "area_km2": 0.001905 }, "geometry": { "type": "Point", "coordinates": [ 110.477589926317435, 41.005575845727705 ] } },
{ "type": "Feature", "properties": { "tang_id": 72674, "area_km2": 0.003216 }, "geometry": { "type": "Point", "coordinates": [ 110.477144436856705, 41.003760559537888 ] } },
{ "type": "Feature", "properties": { "tang_id": 72675, "area_km2": 0.01222 }, "geometry": { "type": "Point", "coordinates": [ 110.475073196204988, 41.008704000839437 ] } },
{ "type": "Feature", "properties": { "tang_id": 72676, "area_km2": 0.447185 }, "geometry": { "type": "Point", "coordinates": [ 110.434699143829775, 41.033521849879563 ] } },
{ "type": "Feature", "properties": { "tang_id": 72677, "area_km2": 0.126456 }, "geometry": { "type": "Point", "coordinates": [ 110.418820461059724, 41.028402135469221 ] } },
{ "type": "Feature", "properties": { "tang_id": 72678, "area_km2": 0.028534 }, "geometry": { "type": "Point", "coordinates": [ 110.409103840658972, 41.051089404977375 ] } },
{ "type": "Feature", "properties": { "tang_id": 72679, "area_km2": 0.022627 }, "geometry": { "type": "Point", "coordinates": [ 110.419027070310321, 41.054652040831854 ] } },
{ "type": "Feature", "properties": { "tang_id": 72680, "area_km2": 0.031475 }, "geometry": { "type": "Point", "coordinates": [ 110.411856060639096, 41.0613591368082 ] } },
{ "type": "Feature", "properties": { "tang_id": 72681, "area_km2": 0.078266 }, "geometry": { "type": "Point", "coordinates": [ 110.274942306479616, 41.120508509171181 ] } },
{ "type": "Feature", "properties": { "tang_id": 72682, "area_km2": 0.029319 }, "geometry": { "type": "Point", "coordinates": [ 110.730281781497752, 41.036789155457178 ] } },
{ "type": "Feature", "properties": { "tang_id": 72683, "area_km2": 0.007077 }, "geometry": { "type": "Point", "coordinates": [ 110.726664860898666, 41.03655405378327 ] } },
{ "type": "Feature", "properties": { "tang_id": 72684, "area_km2": 0.003159 }, "geometry": { "type": "Point", "coordinates": [ 110.71338631053959, 41.041723321939195 ] } },
{ "type": "Feature", "properties": { "tang_id": 72685, "area_km2": 0.003218 }, "geometry": { "type": "Point", "coordinates": [ 110.711770385560939, 41.041662447577501 ] } },
{ "type": "Feature", "properties": { "tang_id": 72686, "area_km2": 0.055481 }, "geometry": { "type": "Point", "coordinates": [ 110.67917236010868, 41.064768359207882 ] } },
{ "type": "Feature", "properties": { "tang_id": 72687, "area_km2": 0.007385 }, "geometry": { "type": "Point", "coordinates": [ 110.67579964635631, 41.065513263209155 ] } },
{ "type": "Feature", "properties": { "tang_id": 72688, "area_km2": 0.027941 }, "geometry": { "type": "Point", "coordinates": [ 110.670336619692421, 41.066671764462363 ] } },
{ "type": "Feature", "properties": { "tang_id": 72690, "area_km2": 0.005004 }, "geometry": { "type": "Point", "coordinates": [ 110.673148231515285, 41.066522024646638 ] } },
{ "type": "Feature", "properties": { "tang_id": 72693, "area_km2": 0.004191 }, "geometry": { "type": "Point", "coordinates": [ 110.675692033410456, 41.068957380462194 ] } },
{ "type": "Feature", "properties": { "tang_id": 72696, "area_km2": 0.008082 }, "geometry": { "type": "Point", "coordinates": [ 110.668593663335031, 41.070322479684052 ] } },
{ "type": "Feature", "properties": { "tang_id": 72697, "area_km2": 0.009244 }, "geometry": { "type": "Point", "coordinates": [ 110.664288457473063, 41.07298159792316 ] } },
{ "type": "Feature", "properties": { "tang_id": 72698, "area_km2": 0.043326 }, "geometry": { "type": "Point", "coordinates": [ 110.676143417908932, 41.095884264771861 ] } },
{ "type": "Feature", "properties": { "tang_id": 72700, "area_km2": 0.003666 }, "geometry": { "type": "Point", "coordinates": [ 110.672543889728885, 41.097793719789422 ] } },
{ "type": "Feature", "properties": { "tang_id": 72701, "area_km2": 0.010868 }, "geometry": { "type": "Point", "coordinates": [ 110.672125969814488, 41.09962235213164 ] } },
{ "type": "Feature", "properties": { "tang_id": 72702, "area_km2": 0.003664 }, "geometry": { "type": "Point", "coordinates": [ 110.673636074687181, 41.09991362736104 ] } },
{ "type": "Feature", "properties": { "tang_id": 72703, "area_km2": 0.009882 }, "geometry": { "type": "Point", "coordinates": [ 110.667618805103388, 41.101507770011352 ] } },
{ "type": "Feature", "properties": { "tang_id": 72704, "area_km2": 0.011204 }, "geometry": { "type": "Point", "coordinates": [ 110.665475297416492, 41.103371079994446 ] } },
{ "type": "Feature", "properties": { "tang_id": 72705, "area_km2": 0.010722 }, "geometry": { "type": "Point", "coordinates": [ 110.623808228399668, 41.113629283710139 ] } },
{ "type": "Feature", "properties": { "tang_id": 72706, "area_km2": 0.004484 }, "geometry": { "type": "Point", "coordinates": [ 110.610911111601297, 41.10557543038864 ] } },
{ "type": "Feature", "properties": { "tang_id": 72710, "area_km2": 0.001742 }, "geometry": { "type": "Point", "coordinates": [ 110.614522966166703, 41.105185150015117 ] } },
{ "type": "Feature", "properties": { "tang_id": 72712, "area_km2": 0.093632 }, "geometry": { "type": "Point", "coordinates": [ 110.545151646067268, 41.089421216789489 ] } },
{ "type": "Feature", "properties": { "tang_id": 72713, "area_km2": 0.023607 }, "geometry": { "type": "Point", "coordinates": [ 110.540405195868772, 41.089613619789993 ] } },
{ "type": "Feature", "properties": { "tang_id": 72714, "area_km2": 0.067866 }, "geometry": { "type": "Point", "coordinates": [ 110.537831014539435, 41.084776786676478 ] } },
{ "type": "Feature", "properties": { "tang_id": 72715, "area_km2": 0.005258 }, "geometry": { "type": "Point", "coordinates": [ 110.530309795964286, 41.084485472376073 ] } },
{ "type": "Feature", "properties": { "tang_id": 72716, "area_km2": 0.026965 }, "geometry": { "type": "Point", "coordinates": [ 110.556034538443896, 41.056819995262202 ] } },
{ "type": "Feature", "properties": { "tang_id": 72717, "area_km2": 0.007926 }, "geometry": { "type": "Point", "coordinates": [ 110.53391693830649, 41.048061347867993 ] } },
{ "type": "Feature", "properties": { "tang_id": 72718, "area_km2": 0.007645 }, "geometry": { "type": "Point", "coordinates": [ 110.534854933909585, 41.04452846995347 ] } },
{ "type": "Feature", "properties": { "tang_id": 72719, "area_km2": 0.251116 }, "geometry": { "type": "Point", "coordinates": [ 110.452101981322741, 40.997677013992316 ] } },
{ "type": "Feature", "properties": { "tang_id": 72720, "area_km2": 0.149827 }, "geometry": { "type": "Point", "coordinates": [ 110.446263444490171, 41.001128329373032 ] } },
{ "type": "Feature", "properties": { "tang_id": 72721, "area_km2": 0.007295 }, "geometry": { "type": "Point", "coordinates": [ 110.445339327457859, 40.997908553856668 ] } },
{ "type": "Feature", "properties": { "tang_id": 72722, "area_km2": 0.01922 }, "geometry": { "type": "Point", "coordinates": [ 110.451801527167319, 41.004001456971849 ] } },
{ "type": "Feature", "properties": { "tang_id": 72723, "area_km2": 0.073757 }, "geometry": { "type": "Point", "coordinates": [ 110.44580525133378, 41.007254132031861 ] } },
{ "type": "Feature", "properties": { "tang_id": 72724, "area_km2": 0.053442 }, "geometry": { "type": "Point", "coordinates": [ 110.443117870602208, 41.015252718704417 ] } },
{ "type": "Feature", "properties": { "tang_id": 72725, "area_km2": 0.014892 }, "geometry": { "type": "Point", "coordinates": [ 110.440464049392915, 41.016039081664232 ] } },
{ "type": "Feature", "properties": { "tang_id": 72726, "area_km2": 0.040314 }, "geometry": { "type": "Point", "coordinates": [ 110.44183140210518, 41.022230168353559 ] } },
{ "type": "Feature", "properties": { "tang_id": 72727, "area_km2": 0.080033 }, "geometry": { "type": "Point", "coordinates": [ 110.320400315669588, 40.96545956705441 ] } },
{ "type": "Feature", "properties": { "tang_id": 72728, "area_km2": 0.016832 }, "geometry": { "type": "Point", "coordinates": [ 110.314109367237066, 40.968816398907691 ] } },
{ "type": "Feature", "properties": { "tang_id": 72729, "area_km2": 0.016408 }, "geometry": { "type": "Point", "coordinates": [ 110.311637663059798, 40.944669812080164 ] } },
{ "type": "Feature", "properties": { "tang_id": 72730, "area_km2": 0.001416 }, "geometry": { "type": "Point", "coordinates": [ 110.311504879251288, 40.94582768639939 ] } },
{ "type": "Feature", "properties": { "tang_id": 72731, "area_km2": 0.052941 }, "geometry": { "type": "Point", "coordinates": [ 110.30907044791357, 40.949647553952815 ] } },
{ "type": "Feature", "properties": { "tang_id": 72732, "area_km2": 0.01138 }, "geometry": { "type": "Point", "coordinates": [ 110.297081733755761, 40.947877597808031 ] } },
{ "type": "Feature", "properties": { "tang_id": 72733, "area_km2": 0.005202 }, "geometry": { "type": "Point", "coordinates": [ 110.297851225927445, 40.94915450237049 ] } },
{ "type": "Feature", "properties": { "tang_id": 72734, "area_km2": 0.012277 }, "geometry": { "type": "Point", "coordinates": [ 110.294362170449858, 40.947107486888356 ] } },
{ "type": "Feature", "properties": { "tang_id": 72735, "area_km2": 0.007103 }, "geometry": { "type": "Point", "coordinates": [ 110.282885545449034, 40.949458447400474 ] } },
{ "type": "Feature", "properties": { "tang_id": 72736, "area_km2": 0.015665 }, "geometry": { "type": "Point", "coordinates": [ 110.280634758596406, 40.952905607147081 ] } },
{ "type": "Feature", "properties": { "tang_id": 72737, "area_km2": 0.007795 }, "geometry": { "type": "Point", "coordinates": [ 110.281649773186984, 40.956308326236091 ] } },
{ "type": "Feature", "properties": { "tang_id": 72738, "area_km2": 0.009357 }, "geometry": { "type": "Point", "coordinates": [ 110.280709202666557, 40.957315626570626 ] } },
{ "type": "Feature", "properties": { "tang_id": 72739, "area_km2": 0.025883 }, "geometry": { "type": "Point", "coordinates": [ 110.302901137898004, 40.958190889005458 ] } },
{ "type": "Feature", "properties": { "tang_id": 72740, "area_km2": 0.012829 }, "geometry": { "type": "Point", "coordinates": [ 110.300917735895254, 40.958523223715176 ] } },
{ "type": "Feature", "properties": { "tang_id": 72741, "area_km2": 0.006232 }, "geometry": { "type": "Point", "coordinates": [ 110.297711283989557, 40.962576887948615 ] } },
{ "type": "Feature", "properties": { "tang_id": 72742, "area_km2": 0.004424 }, "geometry": { "type": "Point", "coordinates": [ 110.29666467326841, 40.963470082549648 ] } },
{ "type": "Feature", "properties": { "tang_id": 72743, "area_km2": 0.765586 }, "geometry": { "type": "Point", "coordinates": [ 110.157772155033172, 40.987129265594788 ] } },
{ "type": "Feature", "properties": { "tang_id": 72744, "area_km2": 0.305982 }, "geometry": { "type": "Point", "coordinates": [ 110.172910094996269, 40.982904237358163 ] } },
{ "type": "Feature", "properties": { "tang_id": 72745, "area_km2": 0.090623 }, "geometry": { "type": "Point", "coordinates": [ 110.177134571085887, 40.978103828359508 ] } },
{ "type": "Feature", "properties": { "tang_id": 72746, "area_km2": 0.007483 }, "geometry": { "type": "Point", "coordinates": [ 110.179941460510165, 40.98042844857568 ] } },
{ "type": "Feature", "properties": { "tang_id": 72747, "area_km2": 0.023455 }, "geometry": { "type": "Point", "coordinates": [ 110.172022418814322, 40.974765581821835 ] } },
{ "type": "Feature", "properties": { "tang_id": 72748, "area_km2": 0.034618 }, "geometry": { "type": "Point", "coordinates": [ 110.173927554833952, 40.970615868626744 ] } },
{ "type": "Feature", "properties": { "tang_id": 72749, "area_km2": 0.061401 }, "geometry": { "type": "Point", "coordinates": [ 110.172001790128547, 40.96783774743659 ] } },
{ "type": "Feature", "properties": { "tang_id": 72750, "area_km2": 0.039739 }, "geometry": { "type": "Point", "coordinates": [ 110.124192897529724, 40.982537372673427 ] } },
{ "type": "Feature", "properties": { "tang_id": 72751, "area_km2": 1.18357 }, "geometry": { "type": "Point", "coordinates": [ 110.082310194124176, 40.941431238187931 ] } },
{ "type": "Feature", "properties": { "tang_id": 72752, "area_km2": 0.521894 }, "geometry": { "type": "Point", "coordinates": [ 110.06646555313803, 40.926436257035512 ] } },
{ "type": "Feature", "properties": { "tang_id": 72753, "area_km2": 0.186013 }, "geometry": { "type": "Point", "coordinates": [ 110.0718035268074, 40.92150224359716 ] } },
{ "type": "Feature", "properties": { "tang_id": 72754, "area_km2": 0.187745 }, "geometry": { "type": "Point", "coordinates": [ 110.076921064646939, 40.917600561102653 ] } },
{ "type": "Feature", "properties": { "tang_id": 72755, "area_km2": 0.205363 }, "geometry": { "type": "Point", "coordinates": [ 110.080133179915052, 40.912064744334025 ] } },
{ "type": "Feature", "properties": { "tang_id": 72756, "area_km2": 0.024579 }, "geometry": { "type": "Point", "coordinates": [ 110.03531552930076, 40.915333715736267 ] } },
{ "type": "Feature", "properties": { "tang_id": 72757, "area_km2": 0.256329 }, "geometry": { "type": "Point", "coordinates": [ 109.774875408505082, 40.768446634295451 ] } },
{ "type": "Feature", "properties": { "tang_id": 72758, "area_km2": 0.050353 }, "geometry": { "type": "Point", "coordinates": [ 109.781775436431005, 40.768771854504806 ] } },
{ "type": "Feature", "properties": { "tang_id": 72759, "area_km2": 0.106498 }, "geometry": { "type": "Point", "coordinates": [ 109.799212402563285, 40.845743371121834 ] } },
{ "type": "Feature", "properties": { "tang_id": 72760, "area_km2": 0.162752 }, "geometry": { "type": "Point", "coordinates": [ 109.793394124860598, 40.848635926450292 ] } },
{ "type": "Feature", "properties": { "tang_id": 72761, "area_km2": 0.025477 }, "geometry": { "type": "Point", "coordinates": [ 109.785608691619643, 40.844255278942576 ] } },
{ "type": "Feature", "properties": { "tang_id": 72762, "area_km2": 0.148279 }, "geometry": { "type": "Point", "coordinates": [ 109.782252511990137, 40.8391001253203 ] } },
{ "type": "Feature", "properties": { "tang_id": 72763, "area_km2": 0.089139 }, "geometry": { "type": "Point", "coordinates": [ 109.778530209520852, 40.854576441884426 ] } },
{ "type": "Feature", "properties": { "tang_id": 72764, "area_km2": 0.030197 }, "geometry": { "type": "Point", "coordinates": [ 109.662185996255502, 40.866026462318196 ] } },
{ "type": "Feature", "properties": { "tang_id": 72765, "area_km2": 0.193313 }, "geometry": { "type": "Point", "coordinates": [ 109.65553380807863, 40.863151445484142 ] } },
{ "type": "Feature", "properties": { "tang_id": 72766, "area_km2": 1.111717 }, "geometry": { "type": "Point", "coordinates": [ 109.668570216813535, 40.860113250665464 ] } },
{ "type": "Feature", "properties": { "tang_id": 72767, "area_km2": 0.038168 }, "geometry": { "type": "Point", "coordinates": [ 109.758530912352285, 40.899423724370799 ] } },
{ "type": "Feature", "properties": { "tang_id": 72768, "area_km2": 0.005692 }, "geometry": { "type": "Point", "coordinates": [ 109.758769775999141, 40.90090484140373 ] } },
{ "type": "Feature", "properties": { "tang_id": 72769, "area_km2": 0.001832 }, "geometry": { "type": "Point", "coordinates": [ 109.772543433148826, 41.038340030142841 ] } },
{ "type": "Feature", "properties": { "tang_id": 72770, "area_km2": 0.008194 }, "geometry": { "type": "Point", "coordinates": [ 109.771891631665, 41.038889979408111 ] } },
{ "type": "Feature", "properties": { "tang_id": 72771, "area_km2": 0.074249 }, "geometry": { "type": "Point", "coordinates": [ 109.654846219082216, 41.048537945877833 ] } },
{ "type": "Feature", "properties": { "tang_id": 72772, "area_km2": 0.946456 }, "geometry": { "type": "Point", "coordinates": [ 109.589640480860211, 41.037644839522237 ] } },
{ "type": "Feature", "properties": { "tang_id": 72773, "area_km2": 0.047098 }, "geometry": { "type": "Point", "coordinates": [ 109.602584067431636, 41.035024349613067 ] } },
{ "type": "Feature", "properties": { "tang_id": 72774, "area_km2": 0.007337 }, "geometry": { "type": "Point", "coordinates": [ 109.60149113605523, 41.037299102348612 ] } },
{ "type": "Feature", "properties": { "tang_id": 72775, "area_km2": 0.005226 }, "geometry": { "type": "Point", "coordinates": [ 109.600423041768778, 41.037032228905183 ] } },
{ "type": "Feature", "properties": { "tang_id": 72776, "area_km2": 0.041329 }, "geometry": { "type": "Point", "coordinates": [ 109.604980721271346, 41.025654038081463 ] } },
{ "type": "Feature", "properties": { "tang_id": 72777, "area_km2": 0.162844 }, "geometry": { "type": "Point", "coordinates": [ 109.619176095283777, 41.012646005351058 ] } },
{ "type": "Feature", "properties": { "tang_id": 72778, "area_km2": 0.034094 }, "geometry": { "type": "Point", "coordinates": [ 109.588547404844576, 41.047415269421258 ] } },
{ "type": "Feature", "properties": { "tang_id": 72779, "area_km2": 0.020365 }, "geometry": { "type": "Point", "coordinates": [ 109.570337273661067, 41.047292961235868 ] } },
{ "type": "Feature", "properties": { "tang_id": 72780, "area_km2": 0.020965 }, "geometry": { "type": "Point", "coordinates": [ 109.56606576296825, 41.04875458974751 ] } },
{ "type": "Feature", "properties": { "tang_id": 72781, "area_km2": 2.318794 }, "geometry": { "type": "Point", "coordinates": [ 109.53007070349517, 41.068294397507401 ] } },
{ "type": "Feature", "properties": { "tang_id": 72782, "area_km2": 0.021142 }, "geometry": { "type": "Point", "coordinates": [ 109.550033411969395, 41.06178326947569 ] } },
{ "type": "Feature", "properties": { "tang_id": 72783, "area_km2": 0.038801 }, "geometry": { "type": "Point", "coordinates": [ 109.489632455581543, 41.098713654894482 ] } },
{ "type": "Feature", "properties": { "tang_id": 72784, "area_km2": 0.09996 }, "geometry": { "type": "Point", "coordinates": [ 109.442817579661664, 41.092538817796125 ] } },
{ "type": "Feature", "properties": { "tang_id": 72785, "area_km2": 0.075813 }, "geometry": { "type": "Point", "coordinates": [ 109.412021926114349, 41.081166074057172 ] } },
{ "type": "Feature", "properties": { "tang_id": 72786, "area_km2": 0.008276 }, "geometry": { "type": "Point", "coordinates": [ 109.492986375804733, 41.03756534962784 ] } },
{ "type": "Feature", "properties": { "tang_id": 72787, "area_km2": 0.00902 }, "geometry": { "type": "Point", "coordinates": [ 109.491055017216624, 41.037567028449914 ] } },
{ "type": "Feature", "properties": { "tang_id": 72788, "area_km2": 0.002221 }, "geometry": { "type": "Point", "coordinates": [ 109.49514522189591, 41.03928133422464 ] } },
{ "type": "Feature", "properties": { "tang_id": 72789, "area_km2": 0.007182 }, "geometry": { "type": "Point", "coordinates": [ 109.494279188782571, 41.038556617155152 ] } },
{ "type": "Feature", "properties": { "tang_id": 72790, "area_km2": 0.013882 }, "geometry": { "type": "Point", "coordinates": [ 109.485761597005066, 41.040693015040496 ] } },
{ "type": "Feature", "properties": { "tang_id": 72791, "area_km2": 0.006434 }, "geometry": { "type": "Point", "coordinates": [ 109.484234778158694, 41.04006813692741 ] } },
{ "type": "Feature", "properties": { "tang_id": 72792, "area_km2": 0.014128 }, "geometry": { "type": "Point", "coordinates": [ 109.48333275877016, 41.038099642092519 ] } },
{ "type": "Feature", "properties": { "tang_id": 72793, "area_km2": 0.125613 }, "geometry": { "type": "Point", "coordinates": [ 109.477854530644109, 41.0382618073223 ] } },
{ "type": "Feature", "properties": { "tang_id": 72794, "area_km2": 0.011012 }, "geometry": { "type": "Point", "coordinates": [ 109.481294734482162, 41.036735867058248 ] } },
{ "type": "Feature", "properties": { "tang_id": 72795, "area_km2": 0.004123 }, "geometry": { "type": "Point", "coordinates": [ 109.482820640561329, 41.036959514290402 ] } },
{ "type": "Feature", "properties": { "tang_id": 72796, "area_km2": 0.006638 }, "geometry": { "type": "Point", "coordinates": [ 109.482910564588934, 41.036212131799708 ] } },
{ "type": "Feature", "properties": { "tang_id": 72797, "area_km2": 0.006447 }, "geometry": { "type": "Point", "coordinates": [ 109.479787318651631, 41.034216418618477 ] } },
{ "type": "Feature", "properties": { "tang_id": 72798, "area_km2": 0.003428 }, "geometry": { "type": "Point", "coordinates": [ 109.481879905836834, 41.033373878060331 ] } },
{ "type": "Feature", "properties": { "tang_id": 72799, "area_km2": 0.001545 }, "geometry": { "type": "Point", "coordinates": [ 109.483154491192451, 41.033205938943389 ] } },
{ "type": "Feature", "properties": { "tang_id": 72800, "area_km2": 0.004299 }, "geometry": { "type": "Point", "coordinates": [ 109.484271384282565, 41.034435713839457 ] } },
{ "type": "Feature", "properties": { "tang_id": 72801, "area_km2": 0.006287 }, "geometry": { "type": "Point", "coordinates": [ 109.488312489219737, 41.033524010676125 ] } },
{ "type": "Feature", "properties": { "tang_id": 72802, "area_km2": 0.00113 }, "geometry": { "type": "Point", "coordinates": [ 109.489543892131238, 41.034604283286662 ] } },
{ "type": "Feature", "properties": { "tang_id": 72803, "area_km2": 0.001058 }, "geometry": { "type": "Point", "coordinates": [ 109.487786270202363, 41.034891934212276 ] } },
{ "type": "Feature", "properties": { "tang_id": 72804, "area_km2": 0.002791 }, "geometry": { "type": "Point", "coordinates": [ 109.486303132772861, 41.034264575248436 ] } },
{ "type": "Feature", "properties": { "tang_id": 72805, "area_km2": 0.016293 }, "geometry": { "type": "Point", "coordinates": [ 109.480288578166011, 41.032398430212744 ] } },
{ "type": "Feature", "properties": { "tang_id": 72806, "area_km2": 0.019827 }, "geometry": { "type": "Point", "coordinates": [ 109.478482611333703, 41.031761833124918 ] } },
{ "type": "Feature", "properties": { "tang_id": 72807, "area_km2": 0.00352 }, "geometry": { "type": "Point", "coordinates": [ 109.476272573086007, 41.03131675017115 ] } },
{ "type": "Feature", "properties": { "tang_id": 72808, "area_km2": 0.01428 }, "geometry": { "type": "Point", "coordinates": [ 109.474918113331185, 41.03058589795566 ] } },
{ "type": "Feature", "properties": { "tang_id": 72809, "area_km2": 0.010597 }, "geometry": { "type": "Point", "coordinates": [ 109.47779907857938, 41.029600517696096 ] } },
{ "type": "Feature", "properties": { "tang_id": 72810, "area_km2": 0.037472 }, "geometry": { "type": "Point", "coordinates": [ 109.481262772703928, 41.030745087751697 ] } },
{ "type": "Feature", "properties": { "tang_id": 72811, "area_km2": 0.037298 }, "geometry": { "type": "Point", "coordinates": [ 109.47529263138297, 41.032824100753231 ] } },
{ "type": "Feature", "properties": { "tang_id": 72812, "area_km2": 0.021002 }, "geometry": { "type": "Point", "coordinates": [ 109.471351804518875, 41.03070208492138 ] } },
{ "type": "Feature", "properties": { "tang_id": 72814, "area_km2": 0.003263 }, "geometry": { "type": "Point", "coordinates": [ 109.469202908600607, 41.029274081461871 ] } },
{ "type": "Feature", "properties": { "tang_id": 72815, "area_km2": 0.029447 }, "geometry": { "type": "Point", "coordinates": [ 109.466470365742111, 41.029926015491498 ] } },
{ "type": "Feature", "properties": { "tang_id": 72816, "area_km2": 0.00726 }, "geometry": { "type": "Point", "coordinates": [ 109.463635255788759, 41.030204659671021 ] } },
{ "type": "Feature", "properties": { "tang_id": 72817, "area_km2": 0.00148 }, "geometry": { "type": "Point", "coordinates": [ 109.462305665492693, 41.031854268262357 ] } },
{ "type": "Feature", "properties": { "tang_id": 72818, "area_km2": 0.016352 }, "geometry": { "type": "Point", "coordinates": [ 109.462857965605579, 41.033528543343344 ] } },
{ "type": "Feature", "properties": { "tang_id": 72819, "area_km2": 0.119862 }, "geometry": { "type": "Point", "coordinates": [ 109.458953399532177, 41.03302213526851 ] } },
{ "type": "Feature", "properties": { "tang_id": 72820, "area_km2": 0.007541 }, "geometry": { "type": "Point", "coordinates": [ 109.459386445689177, 41.033556025614168 ] } },
{ "type": "Feature", "properties": { "tang_id": 72821, "area_km2": 0.00513 }, "geometry": { "type": "Point", "coordinates": [ 109.460711549697436, 41.034789781618578 ] } },
{ "type": "Feature", "properties": { "tang_id": 72822, "area_km2": 0.004046 }, "geometry": { "type": "Point", "coordinates": [ 109.455069442436695, 41.033481093329669 ] } },
{ "type": "Feature", "properties": { "tang_id": 72824, "area_km2": 0.006856 }, "geometry": { "type": "Point", "coordinates": [ 109.451700070641493, 41.032338827985285 ] } },
{ "type": "Feature", "properties": { "tang_id": 72825, "area_km2": 0.002767 }, "geometry": { "type": "Point", "coordinates": [ 109.450401758662792, 41.032343891489248 ] } },
{ "type": "Feature", "properties": { "tang_id": 72828, "area_km2": 0.029922 }, "geometry": { "type": "Point", "coordinates": [ 109.458776174035535, 41.028889023257634 ] } },
{ "type": "Feature", "properties": { "tang_id": 72829, "area_km2": 0.00285 }, "geometry": { "type": "Point", "coordinates": [ 109.460899926132285, 41.029178735881452 ] } },
{ "type": "Feature", "properties": { "tang_id": 72830, "area_km2": 0.002237 }, "geometry": { "type": "Point", "coordinates": [ 109.458712117673329, 41.028285579699919 ] } },
{ "type": "Feature", "properties": { "tang_id": 72831, "area_km2": 0.040064 }, "geometry": { "type": "Point", "coordinates": [ 109.455852052046765, 41.027916484951938 ] } },
{ "type": "Feature", "properties": { "tang_id": 72832, "area_km2": 0.005675 }, "geometry": { "type": "Point", "coordinates": [ 109.454561107259934, 41.029769224626072 ] } },
{ "type": "Feature", "properties": { "tang_id": 72833, "area_km2": 0.008322 }, "geometry": { "type": "Point", "coordinates": [ 109.453304253060466, 41.030659729327454 ] } },
{ "type": "Feature", "properties": { "tang_id": 72835, "area_km2": 0.004006 }, "geometry": { "type": "Point", "coordinates": [ 109.452011900045633, 41.031160739934279 ] } },
{ "type": "Feature", "properties": { "tang_id": 72836, "area_km2": 0.00322 }, "geometry": { "type": "Point", "coordinates": [ 109.454726542278635, 41.031561467692413 ] } },
{ "type": "Feature", "properties": { "tang_id": 72837, "area_km2": 0.004481 }, "geometry": { "type": "Point", "coordinates": [ 109.455943225121104, 41.030644369704667 ] } },
{ "type": "Feature", "properties": { "tang_id": 72838, "area_km2": 0.002944 }, "geometry": { "type": "Point", "coordinates": [ 109.454012785839907, 41.029381157015152 ] } },
{ "type": "Feature", "properties": { "tang_id": 72839, "area_km2": 0.001492 }, "geometry": { "type": "Point", "coordinates": [ 109.453867954138758, 41.028750807013203 ] } },
{ "type": "Feature", "properties": { "tang_id": 72840, "area_km2": 0.018081 }, "geometry": { "type": "Point", "coordinates": [ 109.452064301290363, 41.028324355871291 ] } },
{ "type": "Feature", "properties": { "tang_id": 72841, "area_km2": 0.007428 }, "geometry": { "type": "Point", "coordinates": [ 109.450542639629191, 41.031147458890032 ] } },
{ "type": "Feature", "properties": { "tang_id": 72842, "area_km2": 0.012861 }, "geometry": { "type": "Point", "coordinates": [ 109.449169634349019, 41.030285451836775 ] } },
{ "type": "Feature", "properties": { "tang_id": 72843, "area_km2": 0.004249 }, "geometry": { "type": "Point", "coordinates": [ 109.448249643115957, 41.032049824126652 ] } },
{ "type": "Feature", "properties": { "tang_id": 72845, "area_km2": 0.062449 }, "geometry": { "type": "Point", "coordinates": [ 109.445987275557599, 41.031482432727572 ] } },
{ "type": "Feature", "properties": { "tang_id": 72846, "area_km2": 0.073811 }, "geometry": { "type": "Point", "coordinates": [ 109.441609015423808, 41.025655016083888 ] } },
{ "type": "Feature", "properties": { "tang_id": 72847, "area_km2": 0.004864 }, "geometry": { "type": "Point", "coordinates": [ 109.44383498842835, 41.025125232405408 ] } },
{ "type": "Feature", "properties": { "tang_id": 72848, "area_km2": 0.032828 }, "geometry": { "type": "Point", "coordinates": [ 109.437797614885255, 41.027078688638078 ] } },
{ "type": "Feature", "properties": { "tang_id": 72849, "area_km2": 0.002666 }, "geometry": { "type": "Point", "coordinates": [ 109.439001425079596, 41.025886145473685 ] } },
{ "type": "Feature", "properties": { "tang_id": 72851, "area_km2": 0.01129 }, "geometry": { "type": "Point", "coordinates": [ 109.439174950746747, 41.024021683746405 ] } },
{ "type": "Feature", "properties": { "tang_id": 72852, "area_km2": 0.007396 }, "geometry": { "type": "Point", "coordinates": [ 109.457892456942957, 41.024439372279211 ] } },
{ "type": "Feature", "properties": { "tang_id": 72853, "area_km2": 0.007092 }, "geometry": { "type": "Point", "coordinates": [ 109.469369109092881, 41.027312965541178 ] } },
{ "type": "Feature", "properties": { "tang_id": 72854, "area_km2": 0.008056 }, "geometry": { "type": "Point", "coordinates": [ 109.475498438851105, 41.02738005126519 ] } },
{ "type": "Feature", "properties": { "tang_id": 72855, "area_km2": 0.001864 }, "geometry": { "type": "Point", "coordinates": [ 109.474317168025479, 41.028016609676321 ] } },
{ "type": "Feature", "properties": { "tang_id": 72856, "area_km2": 0.005613 }, "geometry": { "type": "Point", "coordinates": [ 109.477986280077488, 41.026961267937679 ] } },
{ "type": "Feature", "properties": { "tang_id": 72857, "area_km2": 0.002491 }, "geometry": { "type": "Point", "coordinates": [ 109.473868865299991, 41.025630368994449 ] } },
{ "type": "Feature", "properties": { "tang_id": 72858, "area_km2": 0.002622 }, "geometry": { "type": "Point", "coordinates": [ 109.479843533632504, 41.023946307819315 ] } },
{ "type": "Feature", "properties": { "tang_id": 72859, "area_km2": 0.032441 }, "geometry": { "type": "Point", "coordinates": [ 109.440860821470935, 41.035095506866917 ] } },
{ "type": "Feature", "properties": { "tang_id": 72860, "area_km2": 0.014809 }, "geometry": { "type": "Point", "coordinates": [ 109.435674386486653, 41.035819656350377 ] } },
{ "type": "Feature", "properties": { "tang_id": 72861, "area_km2": 0.100155 }, "geometry": { "type": "Point", "coordinates": [ 109.432549296760854, 41.034656593812706 ] } },
{ "type": "Feature", "properties": { "tang_id": 72862, "area_km2": 0.006222 }, "geometry": { "type": "Point", "coordinates": [ 109.435107157876971, 41.037505758918037 ] } },
{ "type": "Feature", "properties": { "tang_id": 72863, "area_km2": 0.002726 }, "geometry": { "type": "Point", "coordinates": [ 109.432512230548369, 41.037449132769261 ] } },
{ "type": "Feature", "properties": { "tang_id": 72864, "area_km2": 0.004935 }, "geometry": { "type": "Point", "coordinates": [ 109.433139966996364, 41.038842052704645 ] } },
{ "type": "Feature", "properties": { "tang_id": 72865, "area_km2": 0.010083 }, "geometry": { "type": "Point", "coordinates": [ 109.435571189550004, 41.039546213279664 ] } },
{ "type": "Feature", "properties": { "tang_id": 72866, "area_km2": 0.005996 }, "geometry": { "type": "Point", "coordinates": [ 109.427723128694907, 41.043828874007005 ] } },
{ "type": "Feature", "properties": { "tang_id": 72867, "area_km2": 0.00124 }, "geometry": { "type": "Point", "coordinates": [ 109.426259570662026, 41.044544993452966 ] } },
{ "type": "Feature", "properties": { "tang_id": 72868, "area_km2": 0.039473 }, "geometry": { "type": "Point", "coordinates": [ 109.44870628159336, 41.041653960688009 ] } },
{ "type": "Feature", "properties": { "tang_id": 72869, "area_km2": 0.037622 }, "geometry": { "type": "Point", "coordinates": [ 109.449171741281376, 41.044066941661342 ] } },
{ "type": "Feature", "properties": { "tang_id": 72870, "area_km2": 0.03912 }, "geometry": { "type": "Point", "coordinates": [ 109.449196736989478, 41.047388881480352 ] } },
{ "type": "Feature", "properties": { "tang_id": 72871, "area_km2": 0.116311 }, "geometry": { "type": "Point", "coordinates": [ 109.474757462685858, 41.04432075005613 ] } },
{ "type": "Feature", "properties": { "tang_id": 72872, "area_km2": 0.002458 }, "geometry": { "type": "Point", "coordinates": [ 109.469784751671568, 41.046018108012873 ] } },
{ "type": "Feature", "properties": { "tang_id": 72873, "area_km2": 0.005992 }, "geometry": { "type": "Point", "coordinates": [ 109.468095041718257, 41.045159433708314 ] } },
{ "type": "Feature", "properties": { "tang_id": 72874, "area_km2": 0.021383 }, "geometry": { "type": "Point", "coordinates": [ 109.466453730046467, 41.044993046574156 ] } },
{ "type": "Feature", "properties": { "tang_id": 72875, "area_km2": 0.024058 }, "geometry": { "type": "Point", "coordinates": [ 109.467433803802194, 41.046370035429774 ] } },
{ "type": "Feature", "properties": { "tang_id": 72876, "area_km2": 0.02326 }, "geometry": { "type": "Point", "coordinates": [ 109.46910102518126, 41.048317869004634 ] } },
{ "type": "Feature", "properties": { "tang_id": 72877, "area_km2": 0.002023 }, "geometry": { "type": "Point", "coordinates": [ 109.470628319618754, 41.047091025797997 ] } },
{ "type": "Feature", "properties": { "tang_id": 72878, "area_km2": 0.00156 }, "geometry": { "type": "Point", "coordinates": [ 109.472583722396536, 41.048283208610691 ] } },
{ "type": "Feature", "properties": { "tang_id": 72879, "area_km2": 0.00116 }, "geometry": { "type": "Point", "coordinates": [ 109.471753733708098, 41.048008847808447 ] } },
{ "type": "Feature", "properties": { "tang_id": 72880, "area_km2": 0.003095 }, "geometry": { "type": "Point", "coordinates": [ 109.47113368377579, 41.048488039677849 ] } },
{ "type": "Feature", "properties": { "tang_id": 72881, "area_km2": 0.001145 }, "geometry": { "type": "Point", "coordinates": [ 109.4706543380032, 41.049396263603434 ] } },
{ "type": "Feature", "properties": { "tang_id": 72882, "area_km2": 0.001294 }, "geometry": { "type": "Point", "coordinates": [ 109.471465962890321, 41.049506021974928 ] } },
{ "type": "Feature", "properties": { "tang_id": 72884, "area_km2": 0.003989 }, "geometry": { "type": "Point", "coordinates": [ 109.475513561333074, 41.04814418830815 ] } },
{ "type": "Feature", "properties": { "tang_id": 72885, "area_km2": 0.003266 }, "geometry": { "type": "Point", "coordinates": [ 109.475887767518003, 41.047293525825651 ] } },
{ "type": "Feature", "properties": { "tang_id": 72886, "area_km2": 0.030758 }, "geometry": { "type": "Point", "coordinates": [ 109.459274050318456, 41.047142325619703 ] } },
{ "type": "Feature", "properties": { "tang_id": 72887, "area_km2": 0.004821 }, "geometry": { "type": "Point", "coordinates": [ 109.462230567827447, 41.04199124574329 ] } },
{ "type": "Feature", "properties": { "tang_id": 72888, "area_km2": 0.002649 }, "geometry": { "type": "Point", "coordinates": [ 109.461061599106344, 41.041360155434319 ] } },
{ "type": "Feature", "properties": { "tang_id": 72889, "area_km2": 0.005762 }, "geometry": { "type": "Point", "coordinates": [ 109.459162021586437, 41.040903257244395 ] } },
{ "type": "Feature", "properties": { "tang_id": 72890, "area_km2": 0.001188 }, "geometry": { "type": "Point", "coordinates": [ 109.457832692784322, 41.041708007668163 ] } },
{ "type": "Feature", "properties": { "tang_id": 72894, "area_km2": 0.002182 }, "geometry": { "type": "Point", "coordinates": [ 109.475592620634984, 41.034305784353137 ] } },
{ "type": "Feature", "properties": { "tang_id": 72895, "area_km2": 0.004807 }, "geometry": { "type": "Point", "coordinates": [ 109.475947937085834, 41.034969769384517 ] } },
{ "type": "Feature", "properties": { "tang_id": 72896, "area_km2": 0.019006 }, "geometry": { "type": "Point", "coordinates": [ 109.472601616151579, 41.034744632898786 ] } },
{ "type": "Feature", "properties": { "tang_id": 72898, "area_km2": 0.003948 }, "geometry": { "type": "Point", "coordinates": [ 109.471613684175864, 41.033562554605247 ] } },
{ "type": "Feature", "properties": { "tang_id": 72900, "area_km2": 0.001241 }, "geometry": { "type": "Point", "coordinates": [ 109.472310691731636, 41.034231701416715 ] } },
{ "type": "Feature", "properties": { "tang_id": 72901, "area_km2": 0.003079 }, "geometry": { "type": "Point", "coordinates": [ 109.470503265772194, 41.035291935456222 ] } },
{ "type": "Feature", "properties": { "tang_id": 72904, "area_km2": 0.00238 }, "geometry": { "type": "Point", "coordinates": [ 109.467389638158664, 41.034287786105878 ] } },
{ "type": "Feature", "properties": { "tang_id": 72905, "area_km2": 0.004321 }, "geometry": { "type": "Point", "coordinates": [ 109.466862162852834, 41.035939248686503 ] } },
{ "type": "Feature", "properties": { "tang_id": 72906, "area_km2": 0.004952 }, "geometry": { "type": "Point", "coordinates": [ 109.469429974511442, 41.036916371546837 ] } },
{ "type": "Feature", "properties": { "tang_id": 72908, "area_km2": 0.03906 }, "geometry": { "type": "Point", "coordinates": [ 109.473624481096465, 41.037044973439507 ] } },
{ "type": "Feature", "properties": { "tang_id": 72909, "area_km2": 0.027819 }, "geometry": { "type": "Point", "coordinates": [ 109.466461674528404, 41.041567908865268 ] } },
{ "type": "Feature", "properties": { "tang_id": 72910, "area_km2": 0.014707 }, "geometry": { "type": "Point", "coordinates": [ 109.454384021436539, 41.023187467671256 ] } },
{ "type": "Feature", "properties": { "tang_id": 72911, "area_km2": 0.001754 }, "geometry": { "type": "Point", "coordinates": [ 109.455516735605315, 41.022814462436713 ] } },
{ "type": "Feature", "properties": { "tang_id": 72912, "area_km2": 0.159604 }, "geometry": { "type": "Point", "coordinates": [ 109.530381856899027, 41.008970821167587 ] } },
{ "type": "Feature", "properties": { "tang_id": 72913, "area_km2": 0.00889 }, "geometry": { "type": "Point", "coordinates": [ 109.532983484183106, 41.007446244122974 ] } },
{ "type": "Feature", "properties": { "tang_id": 72914, "area_km2": 0.09892 }, "geometry": { "type": "Point", "coordinates": [ 109.532676827463931, 41.004221178779467 ] } },
{ "type": "Feature", "properties": { "tang_id": 72915, "area_km2": 0.029853 }, "geometry": { "type": "Point", "coordinates": [ 109.528178568527665, 40.999484235336773 ] } },
{ "type": "Feature", "properties": { "tang_id": 72916, "area_km2": 0.234006 }, "geometry": { "type": "Point", "coordinates": [ 109.572289530423376, 41.012782288827637 ] } },
{ "type": "Feature", "properties": { "tang_id": 72917, "area_km2": 0.262206 }, "geometry": { "type": "Point", "coordinates": [ 109.589206319870868, 41.017141728367847 ] } },
{ "type": "Feature", "properties": { "tang_id": 72918, "area_km2": 0.030595 }, "geometry": { "type": "Point", "coordinates": [ 109.583214766470306, 41.020122122528299 ] } },
{ "type": "Feature", "properties": { "tang_id": 72919, "area_km2": 0.016838 }, "geometry": { "type": "Point", "coordinates": [ 109.587292770078122, 41.021099530744415 ] } },
{ "type": "Feature", "properties": { "tang_id": 72920, "area_km2": 0.024336 }, "geometry": { "type": "Point", "coordinates": [ 109.589874223912219, 41.021685911566117 ] } },
{ "type": "Feature", "properties": { "tang_id": 72921, "area_km2": 0.007206 }, "geometry": { "type": "Point", "coordinates": [ 109.590248380868275, 41.024678641325707 ] } },
{ "type": "Feature", "properties": { "tang_id": 72922, "area_km2": 0.078647 }, "geometry": { "type": "Point", "coordinates": [ 109.60901015310121, 41.009518207704971 ] } },
{ "type": "Feature", "properties": { "tang_id": 72923, "area_km2": 0.021625 }, "geometry": { "type": "Point", "coordinates": [ 109.607376491240373, 41.011903638153896 ] } },
{ "type": "Feature", "properties": { "tang_id": 72924, "area_km2": 0.022811 }, "geometry": { "type": "Point", "coordinates": [ 109.604234123494393, 41.01221926020451 ] } },
{ "type": "Feature", "properties": { "tang_id": 72925, "area_km2": 0.48176 }, "geometry": { "type": "Point", "coordinates": [ 109.596048662568847, 41.01166640038155 ] } },
{ "type": "Feature", "properties": { "tang_id": 72926, "area_km2": 0.02049 }, "geometry": { "type": "Point", "coordinates": [ 109.663353251751886, 41.011163583384445 ] } },
{ "type": "Feature", "properties": { "tang_id": 72927, "area_km2": 0.006159 }, "geometry": { "type": "Point", "coordinates": [ 109.633559242247387, 41.003712601673264 ] } },
{ "type": "Feature", "properties": { "tang_id": 72928, "area_km2": 0.00892 }, "geometry": { "type": "Point", "coordinates": [ 109.54481245965863, 40.995261494081923 ] } },
{ "type": "Feature", "properties": { "tang_id": 72929, "area_km2": 0.002777 }, "geometry": { "type": "Point", "coordinates": [ 109.538318736832025, 40.994287808193917 ] } },
{ "type": "Feature", "properties": { "tang_id": 72930, "area_km2": 0.001769 }, "geometry": { "type": "Point", "coordinates": [ 109.5379899719441, 40.994796755824886 ] } },
{ "type": "Feature", "properties": { "tang_id": 72931, "area_km2": 0.011951 }, "geometry": { "type": "Point", "coordinates": [ 109.537397158789176, 40.995732739113755 ] } },
{ "type": "Feature", "properties": { "tang_id": 72933, "area_km2": 0.017822 }, "geometry": { "type": "Point", "coordinates": [ 109.538211542174494, 40.991206872598241 ] } },
{ "type": "Feature", "properties": { "tang_id": 72934, "area_km2": 0.002269 }, "geometry": { "type": "Point", "coordinates": [ 109.538202131607932, 40.992512613965914 ] } },
{ "type": "Feature", "properties": { "tang_id": 72935, "area_km2": 0.003072 }, "geometry": { "type": "Point", "coordinates": [ 109.541570389736492, 40.990160843908583 ] } },
{ "type": "Feature", "properties": { "tang_id": 72937, "area_km2": 0.001016 }, "geometry": { "type": "Point", "coordinates": [ 109.542890611800573, 40.989846941157737 ] } },
{ "type": "Feature", "properties": { "tang_id": 72938, "area_km2": 0.019265 }, "geometry": { "type": "Point", "coordinates": [ 109.539346876618154, 40.988721812236896 ] } },
{ "type": "Feature", "properties": { "tang_id": 72939, "area_km2": 0.039108 }, "geometry": { "type": "Point", "coordinates": [ 109.539606733612715, 40.987123673275839 ] } },
{ "type": "Feature", "properties": { "tang_id": 72940, "area_km2": 0.129602 }, "geometry": { "type": "Point", "coordinates": [ 109.544568475868346, 40.988389217084297 ] } },
{ "type": "Feature", "properties": { "tang_id": 72941, "area_km2": 0.003579 }, "geometry": { "type": "Point", "coordinates": [ 109.54213695515557, 40.98891586434646 ] } },
{ "type": "Feature", "properties": { "tang_id": 72943, "area_km2": 0.001346 }, "geometry": { "type": "Point", "coordinates": [ 109.541267483199761, 40.987955750520314 ] } },
{ "type": "Feature", "properties": { "tang_id": 72945, "area_km2": 0.001809 }, "geometry": { "type": "Point", "coordinates": [ 109.543061324743334, 40.985782175101562 ] } },
{ "type": "Feature", "properties": { "tang_id": 72946, "area_km2": 0.001175 }, "geometry": { "type": "Point", "coordinates": [ 109.543980190974125, 40.985494100166875 ] } },
{ "type": "Feature", "properties": { "tang_id": 72947, "area_km2": 0.002182 }, "geometry": { "type": "Point", "coordinates": [ 109.540734667203225, 40.984946099653833 ] } },
{ "type": "Feature", "properties": { "tang_id": 72948, "area_km2": 0.002351 }, "geometry": { "type": "Point", "coordinates": [ 109.536470462276938, 40.987685942670609 ] } },
{ "type": "Feature", "properties": { "tang_id": 72949, "area_km2": 0.001933 }, "geometry": { "type": "Point", "coordinates": [ 109.536811550097397, 40.987108433557374 ] } },
{ "type": "Feature", "properties": { "tang_id": 72951, "area_km2": 0.003445 }, "geometry": { "type": "Point", "coordinates": [ 109.535215694670498, 40.986090041864266 ] } },
{ "type": "Feature", "properties": { "tang_id": 72952, "area_km2": 0.002561 }, "geometry": { "type": "Point", "coordinates": [ 109.537468480466302, 40.988400571766597 ] } },
{ "type": "Feature", "properties": { "tang_id": 72953, "area_km2": 0.003671 }, "geometry": { "type": "Point", "coordinates": [ 109.536315192206189, 40.988599609699911 ] } },
{ "type": "Feature", "properties": { "tang_id": 72954, "area_km2": 0.061186 }, "geometry": { "type": "Point", "coordinates": [ 109.533554425942839, 40.986464893178031 ] } },
{ "type": "Feature", "properties": { "tang_id": 72955, "area_km2": 0.00144 }, "geometry": { "type": "Point", "coordinates": [ 109.535775464120903, 40.987807069605921 ] } },
{ "type": "Feature", "properties": { "tang_id": 72956, "area_km2": 0.004104 }, "geometry": { "type": "Point", "coordinates": [ 109.534481805623855, 40.987956438918182 ] } },
{ "type": "Feature", "properties": { "tang_id": 72957, "area_km2": 0.00323 }, "geometry": { "type": "Point", "coordinates": [ 109.534354872713166, 40.988396031964434 ] } },
{ "type": "Feature", "properties": { "tang_id": 72958, "area_km2": 0.005811 }, "geometry": { "type": "Point", "coordinates": [ 109.535501121261575, 40.989475333111002 ] } },
{ "type": "Feature", "properties": { "tang_id": 72964, "area_km2": 0.005121 }, "geometry": { "type": "Point", "coordinates": [ 109.532839271345182, 40.989723327970054 ] } },
{ "type": "Feature", "properties": { "tang_id": 72965, "area_km2": 0.027862 }, "geometry": { "type": "Point", "coordinates": [ 109.531602049376119, 40.987765279984814 ] } },
{ "type": "Feature", "properties": { "tang_id": 72966, "area_km2": 0.001851 }, "geometry": { "type": "Point", "coordinates": [ 109.532802094190302, 40.987322889023332 ] } },
{ "type": "Feature", "properties": { "tang_id": 72968, "area_km2": 0.003359 }, "geometry": { "type": "Point", "coordinates": [ 109.530548547656153, 40.98616382720153 ] } },
{ "type": "Feature", "properties": { "tang_id": 72972, "area_km2": 0.004774 }, "geometry": { "type": "Point", "coordinates": [ 109.52990553386843, 40.987258111630297 ] } },
{ "type": "Feature", "properties": { "tang_id": 72973, "area_km2": 0.020573 }, "geometry": { "type": "Point", "coordinates": [ 109.528297619458385, 40.986599751325762 ] } },
{ "type": "Feature", "properties": { "tang_id": 72976, "area_km2": 0.001208 }, "geometry": { "type": "Point", "coordinates": [ 109.527243578401723, 40.984281330720478 ] } },
{ "type": "Feature", "properties": { "tang_id": 72977, "area_km2": 0.002829 }, "geometry": { "type": "Point", "coordinates": [ 109.528389969479051, 40.983434268280696 ] } },
{ "type": "Feature", "properties": { "tang_id": 72978, "area_km2": 0.085668 }, "geometry": { "type": "Point", "coordinates": [ 109.508288010794203, 40.982252668907741 ] } },
{ "type": "Feature", "properties": { "tang_id": 72979, "area_km2": 0.002498 }, "geometry": { "type": "Point", "coordinates": [ 109.500436097628736, 40.982621099294334 ] } },
{ "type": "Feature", "properties": { "tang_id": 72980, "area_km2": 0.002123 }, "geometry": { "type": "Point", "coordinates": [ 109.501788807057409, 40.983323755257317 ] } },
{ "type": "Feature", "properties": { "tang_id": 72983, "area_km2": 0.001054 }, "geometry": { "type": "Point", "coordinates": [ 109.500586202763969, 40.983457114752916 ] } },
{ "type": "Feature", "properties": { "tang_id": 72986, "area_km2": 0.004868 }, "geometry": { "type": "Point", "coordinates": [ 109.498655035169662, 40.983246852972322 ] } },
{ "type": "Feature", "properties": { "tang_id": 72990, "area_km2": 0.001175 }, "geometry": { "type": "Point", "coordinates": [ 109.496450121535929, 40.983915708434566 ] } },
{ "type": "Feature", "properties": { "tang_id": 72992, "area_km2": 0.00534 }, "geometry": { "type": "Point", "coordinates": [ 109.495080932693227, 40.98314896399792 ] } },
{ "type": "Feature", "properties": { "tang_id": 72993, "area_km2": 0.005012 }, "geometry": { "type": "Point", "coordinates": [ 109.494350817971267, 40.982414367261761 ] } },
{ "type": "Feature", "properties": { "tang_id": 72994, "area_km2": 0.010686 }, "geometry": { "type": "Point", "coordinates": [ 109.490143107972912, 40.98376375967964 ] } },
{ "type": "Feature", "properties": { "tang_id": 72996, "area_km2": 0.003717 }, "geometry": { "type": "Point", "coordinates": [ 109.489323849283835, 40.978900801445192 ] } },
{ "type": "Feature", "properties": { "tang_id": 72997, "area_km2": 0.002284 }, "geometry": { "type": "Point", "coordinates": [ 109.481587636083503, 40.978342145214576 ] } },
{ "type": "Feature", "properties": { "tang_id": 72998, "area_km2": 0.00166 }, "geometry": { "type": "Point", "coordinates": [ 109.483799284267633, 40.977754255672821 ] } },
{ "type": "Feature", "properties": { "tang_id": 73004, "area_km2": 0.00174 }, "geometry": { "type": "Point", "coordinates": [ 109.47857582456308, 40.977661338602466 ] } },
{ "type": "Feature", "properties": { "tang_id": 73005, "area_km2": 0.006947 }, "geometry": { "type": "Point", "coordinates": [ 109.478583369532728, 40.976145846774259 ] } },
{ "type": "Feature", "properties": { "tang_id": 73006, "area_km2": 0.057268 }, "geometry": { "type": "Point", "coordinates": [ 109.474065864633985, 40.974805978907263 ] } },
{ "type": "Feature", "properties": { "tang_id": 73007, "area_km2": 0.009136 }, "geometry": { "type": "Point", "coordinates": [ 109.489742935432176, 40.966426941959078 ] } },
{ "type": "Feature", "properties": { "tang_id": 73008, "area_km2": 0.016547 }, "geometry": { "type": "Point", "coordinates": [ 109.428841857016252, 40.970760672098471 ] } },
{ "type": "Feature", "properties": { "tang_id": 73009, "area_km2": 0.021467 }, "geometry": { "type": "Point", "coordinates": [ 109.426343886720289, 40.970923833227332 ] } },
{ "type": "Feature", "properties": { "tang_id": 73010, "area_km2": 0.003172 }, "geometry": { "type": "Point", "coordinates": [ 109.427795041146652, 40.972015590487018 ] } },
{ "type": "Feature", "properties": { "tang_id": 73011, "area_km2": 0.003459 }, "geometry": { "type": "Point", "coordinates": [ 109.432262925066823, 40.970535202697405 ] } },
{ "type": "Feature", "properties": { "tang_id": 73012, "area_km2": 0.007123 }, "geometry": { "type": "Point", "coordinates": [ 109.430999646797218, 40.970890898906106 ] } },
{ "type": "Feature", "properties": { "tang_id": 73013, "area_km2": 0.001679 }, "geometry": { "type": "Point", "coordinates": [ 109.432336164824946, 40.971018919582875 ] } },
{ "type": "Feature", "properties": { "tang_id": 73014, "area_km2": 0.007106 }, "geometry": { "type": "Point", "coordinates": [ 109.434895916801736, 40.970866160071751 ] } },
{ "type": "Feature", "properties": { "tang_id": 73015, "area_km2": 0.017655 }, "geometry": { "type": "Point", "coordinates": [ 109.419894264284778, 40.971704095253962 ] } },
{ "type": "Feature", "properties": { "tang_id": 73016, "area_km2": 0.006998 }, "geometry": { "type": "Point", "coordinates": [ 109.417429650989277, 40.972331650086666 ] } },
{ "type": "Feature", "properties": { "tang_id": 73019, "area_km2": 0.009558 }, "geometry": { "type": "Point", "coordinates": [ 109.391065309113984, 40.971507920381129 ] } },
{ "type": "Feature", "properties": { "tang_id": 73020, "area_km2": 0.051538 }, "geometry": { "type": "Point", "coordinates": [ 109.364204697846034, 40.978041743659915 ] } },
{ "type": "Feature", "properties": { "tang_id": 73021, "area_km2": 0.037401 }, "geometry": { "type": "Point", "coordinates": [ 109.361363157066734, 40.978474466709379 ] } },
{ "type": "Feature", "properties": { "tang_id": 73022, "area_km2": 0.004532 }, "geometry": { "type": "Point", "coordinates": [ 109.35894969231164, 40.97852904607646 ] } },
{ "type": "Feature", "properties": { "tang_id": 73023, "area_km2": 0.011287 }, "geometry": { "type": "Point", "coordinates": [ 109.356425570264108, 40.978910594826132 ] } },
{ "type": "Feature", "properties": { "tang_id": 73024, "area_km2": 0.001479 }, "geometry": { "type": "Point", "coordinates": [ 109.358245570129313, 40.980589869716205 ] } },
{ "type": "Feature", "properties": { "tang_id": 73025, "area_km2": 0.005809 }, "geometry": { "type": "Point", "coordinates": [ 109.35666847315207, 40.981054736152601 ] } },
{ "type": "Feature", "properties": { "tang_id": 73026, "area_km2": 0.004076 }, "geometry": { "type": "Point", "coordinates": [ 109.359100249782358, 40.980295581361354 ] } },
{ "type": "Feature", "properties": { "tang_id": 73027, "area_km2": 0.004593 }, "geometry": { "type": "Point", "coordinates": [ 109.3586756345411, 40.98192005813361 ] } },
{ "type": "Feature", "properties": { "tang_id": 73028, "area_km2": 0.002123 }, "geometry": { "type": "Point", "coordinates": [ 109.346402622848203, 40.983071777196479 ] } },
{ "type": "Feature", "properties": { "tang_id": 73032, "area_km2": 0.002397 }, "geometry": { "type": "Point", "coordinates": [ 109.343655209150583, 40.980842361672188 ] } },
{ "type": "Feature", "properties": { "tang_id": 73037, "area_km2": 0.002787 }, "geometry": { "type": "Point", "coordinates": [ 109.335554471159369, 40.979563760761813 ] } },
{ "type": "Feature", "properties": { "tang_id": 73038, "area_km2": 0.019298 }, "geometry": { "type": "Point", "coordinates": [ 109.326948770709464, 40.977785386643319 ] } },
{ "type": "Feature", "properties": { "tang_id": 73039, "area_km2": 0.001516 }, "geometry": { "type": "Point", "coordinates": [ 109.32460675482254, 40.977283997802402 ] } },
{ "type": "Feature", "properties": { "tang_id": 73040, "area_km2": 2.048159 }, "geometry": { "type": "Point", "coordinates": [ 109.320751234450455, 40.984290563598854 ] } },
{ "type": "Feature", "properties": { "tang_id": 73041, "area_km2": 0.128986 }, "geometry": { "type": "Point", "coordinates": [ 109.319079460309013, 40.973515741818495 ] } },
{ "type": "Feature", "properties": { "tang_id": 73042, "area_km2": 0.051057 }, "geometry": { "type": "Point", "coordinates": [ 109.315929780763753, 40.966923103501259 ] } },
{ "type": "Feature", "properties": { "tang_id": 73043, "area_km2": 0.082276 }, "geometry": { "type": "Point", "coordinates": [ 109.309694221450869, 40.976729953428276 ] } },
{ "type": "Feature", "properties": { "tang_id": 73044, "area_km2": 0.102662 }, "geometry": { "type": "Point", "coordinates": [ 109.303112832997115, 40.974819772512937 ] } },
{ "type": "Feature", "properties": { "tang_id": 73045, "area_km2": 0.021825 }, "geometry": { "type": "Point", "coordinates": [ 109.295626827246451, 40.973789185640399 ] } },
{ "type": "Feature", "properties": { "tang_id": 73046, "area_km2": 0.030359 }, "geometry": { "type": "Point", "coordinates": [ 109.294981764004348, 40.972250283068021 ] } },
{ "type": "Feature", "properties": { "tang_id": 73047, "area_km2": 0.203636 }, "geometry": { "type": "Point", "coordinates": [ 109.302303040949909, 40.969303458093925 ] } },
{ "type": "Feature", "properties": { "tang_id": 73048, "area_km2": 0.011631 }, "geometry": { "type": "Point", "coordinates": [ 109.300417583621552, 40.972661073086364 ] } },
{ "type": "Feature", "properties": { "tang_id": 73049, "area_km2": 0.091381 }, "geometry": { "type": "Point", "coordinates": [ 109.29288118912929, 40.968838110347292 ] } },
{ "type": "Feature", "properties": { "tang_id": 73050, "area_km2": 0.002982 }, "geometry": { "type": "Point", "coordinates": [ 109.295236458204954, 40.970152098634223 ] } },
{ "type": "Feature", "properties": { "tang_id": 73051, "area_km2": 0.005887 }, "geometry": { "type": "Point", "coordinates": [ 109.296234961036959, 40.967519475789437 ] } },
{ "type": "Feature", "properties": { "tang_id": 73052, "area_km2": 0.005958 }, "geometry": { "type": "Point", "coordinates": [ 109.296520026051184, 40.966560138105649 ] } },
{ "type": "Feature", "properties": { "tang_id": 73053, "area_km2": 0.046102 }, "geometry": { "type": "Point", "coordinates": [ 109.294871100003348, 40.964413202232286 ] } },
{ "type": "Feature", "properties": { "tang_id": 73054, "area_km2": 0.050678 }, "geometry": { "type": "Point", "coordinates": [ 109.288423322044778, 40.963267799041517 ] } },
{ "type": "Feature", "properties": { "tang_id": 73055, "area_km2": 0.078954 }, "geometry": { "type": "Point", "coordinates": [ 109.29034308711924, 40.961112411882333 ] } },
{ "type": "Feature", "properties": { "tang_id": 73056, "area_km2": 0.047519 }, "geometry": { "type": "Point", "coordinates": [ 109.28369251805934, 40.959870366431645 ] } },
{ "type": "Feature", "properties": { "tang_id": 73057, "area_km2": 0.020018 }, "geometry": { "type": "Point", "coordinates": [ 109.275633141155367, 40.957335658238726 ] } },
{ "type": "Feature", "properties": { "tang_id": 73058, "area_km2": 0.061602 }, "geometry": { "type": "Point", "coordinates": [ 109.291884151218568, 40.956270740872924 ] } },
{ "type": "Feature", "properties": { "tang_id": 73059, "area_km2": 0.020677 }, "geometry": { "type": "Point", "coordinates": [ 109.28768829204158, 40.95745094881638 ] } },
{ "type": "Feature", "properties": { "tang_id": 73060, "area_km2": 0.291497 }, "geometry": { "type": "Point", "coordinates": [ 109.299500432479419, 40.952582825437396 ] } },
{ "type": "Feature", "properties": { "tang_id": 73061, "area_km2": 0.018178 }, "geometry": { "type": "Point", "coordinates": [ 109.297845560941866, 40.956861877179833 ] } },
{ "type": "Feature", "properties": { "tang_id": 73062, "area_km2": 0.006043 }, "geometry": { "type": "Point", "coordinates": [ 109.29505328842383, 40.958683852550827 ] } },
{ "type": "Feature", "properties": { "tang_id": 73063, "area_km2": 0.049109 }, "geometry": { "type": "Point", "coordinates": [ 109.296483917140932, 40.96055518274926 ] } },
{ "type": "Feature", "properties": { "tang_id": 73064, "area_km2": 0.041965 }, "geometry": { "type": "Point", "coordinates": [ 109.317820250657036, 40.950357886855883 ] } },
{ "type": "Feature", "properties": { "tang_id": 73065, "area_km2": 0.009009 }, "geometry": { "type": "Point", "coordinates": [ 109.32128162127033, 40.954101798019053 ] } },
{ "type": "Feature", "properties": { "tang_id": 73066, "area_km2": 1.264636 }, "geometry": { "type": "Point", "coordinates": [ 109.249386519652077, 41.001268434173653 ] } },
{ "type": "Feature", "properties": { "tang_id": 73067, "area_km2": 1.356756 }, "geometry": { "type": "Point", "coordinates": [ 109.27494898910895, 41.003409217389951 ] } },
{ "type": "Feature", "properties": { "tang_id": 73068, "area_km2": 0.176452 }, "geometry": { "type": "Point", "coordinates": [ 109.290169546930329, 41.002379983622923 ] } },
{ "type": "Feature", "properties": { "tang_id": 73069, "area_km2": 0.057663 }, "geometry": { "type": "Point", "coordinates": [ 109.294040005099532, 41.000074772314875 ] } },
{ "type": "Feature", "properties": { "tang_id": 73070, "area_km2": 1.211435 }, "geometry": { "type": "Point", "coordinates": [ 109.291312744871377, 40.995147673106203 ] } },
{ "type": "Feature", "properties": { "tang_id": 73071, "area_km2": 0.153174 }, "geometry": { "type": "Point", "coordinates": [ 109.278542454303064, 40.987907538953792 ] } },
{ "type": "Feature", "properties": { "tang_id": 73072, "area_km2": 0.009071 }, "geometry": { "type": "Point", "coordinates": [ 109.283189583197228, 40.987246431257446 ] } },
{ "type": "Feature", "properties": { "tang_id": 73073, "area_km2": 0.064027 }, "geometry": { "type": "Point", "coordinates": [ 109.286179654712413, 40.982682646275109 ] } },
{ "type": "Feature", "properties": { "tang_id": 73074, "area_km2": 0.156185 }, "geometry": { "type": "Point", "coordinates": [ 109.293485690879734, 40.979216759338122 ] } },
{ "type": "Feature", "properties": { "tang_id": 73075, "area_km2": 0.017518 }, "geometry": { "type": "Point", "coordinates": [ 109.308887664745171, 40.980126263462253 ] } },
{ "type": "Feature", "properties": { "tang_id": 73077, "area_km2": 0.002898 }, "geometry": { "type": "Point", "coordinates": [ 109.30681579004353, 40.98198967161774 ] } },
{ "type": "Feature", "properties": { "tang_id": 73078, "area_km2": 0.042632 }, "geometry": { "type": "Point", "coordinates": [ 109.306609271204636, 40.982928201911463 ] } },
{ "type": "Feature", "properties": { "tang_id": 73079, "area_km2": 0.008624 }, "geometry": { "type": "Point", "coordinates": [ 109.308650960818852, 40.992258192012244 ] } },
{ "type": "Feature", "properties": { "tang_id": 73080, "area_km2": 0.001271 }, "geometry": { "type": "Point", "coordinates": [ 109.30329667016359, 40.98681876502382 ] } },
{ "type": "Feature", "properties": { "tang_id": 73081, "area_km2": 0.001537 }, "geometry": { "type": "Point", "coordinates": [ 109.340064696200599, 40.984241472692666 ] } },
{ "type": "Feature", "properties": { "tang_id": 73084, "area_km2": 0.0011 }, "geometry": { "type": "Point", "coordinates": [ 109.339386786180896, 40.984628880374068 ] } },
{ "type": "Feature", "properties": { "tang_id": 73085, "area_km2": 0.003111 }, "geometry": { "type": "Point", "coordinates": [ 109.350093930105288, 40.983048239187589 ] } },
{ "type": "Feature", "properties": { "tang_id": 73087, "area_km2": 0.001142 }, "geometry": { "type": "Point", "coordinates": [ 109.350737055336197, 40.982365480993472 ] } },
{ "type": "Feature", "properties": { "tang_id": 73088, "area_km2": 0.001027 }, "geometry": { "type": "Point", "coordinates": [ 109.34963842539419, 40.98184663554774 ] } },
{ "type": "Feature", "properties": { "tang_id": 73090, "area_km2": 0.004281 }, "geometry": { "type": "Point", "coordinates": [ 109.347975358722849, 40.980888338302535 ] } },
{ "type": "Feature", "properties": { "tang_id": 73091, "area_km2": 0.007948 }, "geometry": { "type": "Point", "coordinates": [ 109.349592213794381, 40.980228261111478 ] } },
{ "type": "Feature", "properties": { "tang_id": 73093, "area_km2": 0.001224 }, "geometry": { "type": "Point", "coordinates": [ 109.349061731508328, 40.984125871038103 ] } },
{ "type": "Feature", "properties": { "tang_id": 73094, "area_km2": 0.006525 }, "geometry": { "type": "Point", "coordinates": [ 109.342293877271274, 40.983592361721378 ] } },
{ "type": "Feature", "properties": { "tang_id": 73096, "area_km2": 0.001472 }, "geometry": { "type": "Point", "coordinates": [ 109.343206270169489, 40.983386438924249 ] } },
{ "type": "Feature", "properties": { "tang_id": 73098, "area_km2": 0.006523 }, "geometry": { "type": "Point", "coordinates": [ 109.337615769296093, 40.980730059109007 ] } },
{ "type": "Feature", "properties": { "tang_id": 73099, "area_km2": 0.047912 }, "geometry": { "type": "Point", "coordinates": [ 109.324988746136214, 40.97091038189884 ] } },
{ "type": "Feature", "properties": { "tang_id": 73100, "area_km2": 0.179051 }, "geometry": { "type": "Point", "coordinates": [ 109.338909155129144, 40.935024397695379 ] } },
{ "type": "Feature", "properties": { "tang_id": 73101, "area_km2": 0.017292 }, "geometry": { "type": "Point", "coordinates": [ 109.339363191662997, 40.930556755567004 ] } },
{ "type": "Feature", "properties": { "tang_id": 73102, "area_km2": 0.193423 }, "geometry": { "type": "Point", "coordinates": [ 109.302943632140895, 40.909668926707319 ] } },
{ "type": "Feature", "properties": { "tang_id": 73103, "area_km2": 0.342884 }, "geometry": { "type": "Point", "coordinates": [ 109.318612742470691, 40.812960386947289 ] } },
{ "type": "Feature", "properties": { "tang_id": 73104, "area_km2": 0.015912 }, "geometry": { "type": "Point", "coordinates": [ 109.32142577449541, 40.807127903330212 ] } },
{ "type": "Feature", "properties": { "tang_id": 73105, "area_km2": 0.046763 }, "geometry": { "type": "Point", "coordinates": [ 109.342545297854301, 40.802424857779847 ] } },
{ "type": "Feature", "properties": { "tang_id": 73106, "area_km2": 0.147213 }, "geometry": { "type": "Point", "coordinates": [ 109.342107062851454, 40.807613241068715 ] } },
{ "type": "Feature", "properties": { "tang_id": 73107, "area_km2": 0.228638 }, "geometry": { "type": "Point", "coordinates": [ 109.351855520393528, 40.805706342959624 ] } },
{ "type": "Feature", "properties": { "tang_id": 73108, "area_km2": 0.010822 }, "geometry": { "type": "Point", "coordinates": [ 109.355264741254857, 40.802418677761175 ] } },
{ "type": "Feature", "properties": { "tang_id": 73109, "area_km2": 0.00299 }, "geometry": { "type": "Point", "coordinates": [ 109.352735290403118, 40.799838088018724 ] } },
{ "type": "Feature", "properties": { "tang_id": 73110, "area_km2": 0.046596 }, "geometry": { "type": "Point", "coordinates": [ 109.358993048789145, 40.800661019591111 ] } },
{ "type": "Feature", "properties": { "tang_id": 73111, "area_km2": 0.029396 }, "geometry": { "type": "Point", "coordinates": [ 109.35542032844269, 40.800474156533554 ] } },
{ "type": "Feature", "properties": { "tang_id": 73112, "area_km2": 0.017676 }, "geometry": { "type": "Point", "coordinates": [ 109.36654175467838, 40.796862170204541 ] } },
{ "type": "Feature", "properties": { "tang_id": 73113, "area_km2": 0.017931 }, "geometry": { "type": "Point", "coordinates": [ 109.368532529981394, 40.798059255238279 ] } },
{ "type": "Feature", "properties": { "tang_id": 73114, "area_km2": 0.16287 }, "geometry": { "type": "Point", "coordinates": [ 109.360384748558118, 40.793917678140446 ] } },
{ "type": "Feature", "properties": { "tang_id": 73115, "area_km2": 0.102414 }, "geometry": { "type": "Point", "coordinates": [ 109.353887430618855, 40.790468067262118 ] } },
{ "type": "Feature", "properties": { "tang_id": 73116, "area_km2": 0.026735 }, "geometry": { "type": "Point", "coordinates": [ 109.355407267429186, 40.786531476397478 ] } },
{ "type": "Feature", "properties": { "tang_id": 73117, "area_km2": 0.029726 }, "geometry": { "type": "Point", "coordinates": [ 109.356092397851214, 40.784515745769262 ] } },
{ "type": "Feature", "properties": { "tang_id": 73118, "area_km2": 0.07044 }, "geometry": { "type": "Point", "coordinates": [ 109.358150212411374, 40.78232379354057 ] } },
{ "type": "Feature", "properties": { "tang_id": 73119, "area_km2": 0.043504 }, "geometry": { "type": "Point", "coordinates": [ 109.340080054717205, 40.782298023589675 ] } },
{ "type": "Feature", "properties": { "tang_id": 73120, "area_km2": 0.04082 }, "geometry": { "type": "Point", "coordinates": [ 109.331932020747814, 40.784522643448632 ] } },
{ "type": "Feature", "properties": { "tang_id": 73121, "area_km2": 0.026051 }, "geometry": { "type": "Point", "coordinates": [ 109.330266672061896, 40.782885688332286 ] } },
{ "type": "Feature", "properties": { "tang_id": 73122, "area_km2": 0.043725 }, "geometry": { "type": "Point", "coordinates": [ 109.323471506400736, 40.786250226912891 ] } },
{ "type": "Feature", "properties": { "tang_id": 73123, "area_km2": 0.211375 }, "geometry": { "type": "Point", "coordinates": [ 109.315926252953687, 40.783556871753007 ] } },
{ "type": "Feature", "properties": { "tang_id": 73124, "area_km2": 0.008973 }, "geometry": { "type": "Point", "coordinates": [ 109.312783533941769, 40.782725050923744 ] } },
{ "type": "Feature", "properties": { "tang_id": 73125, "area_km2": 0.300316 }, "geometry": { "type": "Point", "coordinates": [ 109.324252436575975, 40.813962332679708 ] } },
{ "type": "Feature", "properties": { "tang_id": 73126, "area_km2": 0.215059 }, "geometry": { "type": "Point", "coordinates": [ 109.313031616765343, 40.816644549288739 ] } },
{ "type": "Feature", "properties": { "tang_id": 73127, "area_km2": 0.049567 }, "geometry": { "type": "Point", "coordinates": [ 109.277985822569974, 40.793655161031445 ] } },
{ "type": "Feature", "properties": { "tang_id": 73128, "area_km2": 0.026953 }, "geometry": { "type": "Point", "coordinates": [ 109.266970437583439, 40.785778042662173 ] } },
{ "type": "Feature", "properties": { "tang_id": 73129, "area_km2": 0.01654 }, "geometry": { "type": "Point", "coordinates": [ 109.263024404363264, 40.782883704802039 ] } },
{ "type": "Feature", "properties": { "tang_id": 73130, "area_km2": 0.342011 }, "geometry": { "type": "Point", "coordinates": [ 109.261347470160615, 40.797141716373851 ] } },
{ "type": "Feature", "properties": { "tang_id": 73131, "area_km2": 0.170375 }, "geometry": { "type": "Point", "coordinates": [ 109.256161679426157, 40.793191545129325 ] } },
{ "type": "Feature", "properties": { "tang_id": 73132, "area_km2": 0.026666 }, "geometry": { "type": "Point", "coordinates": [ 109.252343233845011, 40.791057794847724 ] } },
{ "type": "Feature", "properties": { "tang_id": 73133, "area_km2": 0.110894 }, "geometry": { "type": "Point", "coordinates": [ 109.227489275740822, 40.792053277164214 ] } },
{ "type": "Feature", "properties": { "tang_id": 73134, "area_km2": 0.570485 }, "geometry": { "type": "Point", "coordinates": [ 109.194342026143744, 40.789231448480727 ] } },
{ "type": "Feature", "properties": { "tang_id": 73135, "area_km2": 0.0365 }, "geometry": { "type": "Point", "coordinates": [ 109.196258819991385, 40.783522177070608 ] } },
{ "type": "Feature", "properties": { "tang_id": 73136, "area_km2": 0.329893 }, "geometry": { "type": "Point", "coordinates": [ 109.207104764367728, 40.822310845614332 ] } },
{ "type": "Feature", "properties": { "tang_id": 73137, "area_km2": 0.278121 }, "geometry": { "type": "Point", "coordinates": [ 109.196887449769108, 40.820986135918119 ] } },
{ "type": "Feature", "properties": { "tang_id": 73138, "area_km2": 3.025151 }, "geometry": { "type": "Point", "coordinates": [ 109.175620108074554, 40.82286483814778 ] } },
{ "type": "Feature", "properties": { "tang_id": 73139, "area_km2": 0.109688 }, "geometry": { "type": "Point", "coordinates": [ 109.16919982629193, 40.813569397481523 ] } },
{ "type": "Feature", "properties": { "tang_id": 73140, "area_km2": 0.07414 }, "geometry": { "type": "Point", "coordinates": [ 109.157028519366875, 40.819137098056608 ] } },
{ "type": "Feature", "properties": { "tang_id": 73141, "area_km2": 0.109276 }, "geometry": { "type": "Point", "coordinates": [ 109.159525402863835, 40.815429688951426 ] } },
{ "type": "Feature", "properties": { "tang_id": 73142, "area_km2": 0.816388 }, "geometry": { "type": "Point", "coordinates": [ 109.164840098622676, 40.807967465887778 ] } },
{ "type": "Feature", "properties": { "tang_id": 73143, "area_km2": 0.634837 }, "geometry": { "type": "Point", "coordinates": [ 109.164075558752188, 40.793089032753777 ] } },
{ "type": "Feature", "properties": { "tang_id": 73144, "area_km2": 0.524787 }, "geometry": { "type": "Point", "coordinates": [ 109.168813562270515, 40.785327642490728 ] } },
{ "type": "Feature", "properties": { "tang_id": 73145, "area_km2": 0.300656 }, "geometry": { "type": "Point", "coordinates": [ 109.151287174698936, 40.794121141941822 ] } },
{ "type": "Feature", "properties": { "tang_id": 73146, "area_km2": 0.191234 }, "geometry": { "type": "Point", "coordinates": [ 109.150455938152277, 40.80134831640602 ] } },
{ "type": "Feature", "properties": { "tang_id": 73147, "area_km2": 0.183643 }, "geometry": { "type": "Point", "coordinates": [ 109.153911777338379, 40.806886330250663 ] } },
{ "type": "Feature", "properties": { "tang_id": 73148, "area_km2": 0.183784 }, "geometry": { "type": "Point", "coordinates": [ 109.143599666142535, 40.815024735653211 ] } },
{ "type": "Feature", "properties": { "tang_id": 73149, "area_km2": 0.023788 }, "geometry": { "type": "Point", "coordinates": [ 109.144983117935197, 40.809851881455323 ] } },
{ "type": "Feature", "properties": { "tang_id": 73150, "area_km2": 0.323304 }, "geometry": { "type": "Point", "coordinates": [ 109.141564147054396, 40.809312803037948 ] } },
{ "type": "Feature", "properties": { "tang_id": 73151, "area_km2": 0.040112 }, "geometry": { "type": "Point", "coordinates": [ 109.145957211213329, 40.803270570522798 ] } },
{ "type": "Feature", "properties": { "tang_id": 73152, "area_km2": 0.036615 }, "geometry": { "type": "Point", "coordinates": [ 109.142027951041328, 40.801099883154642 ] } },
{ "type": "Feature", "properties": { "tang_id": 73153, "area_km2": 0.014202 }, "geometry": { "type": "Point", "coordinates": [ 109.138836259903286, 40.80617666108531 ] } },
{ "type": "Feature", "properties": { "tang_id": 73154, "area_km2": 0.725568 }, "geometry": { "type": "Point", "coordinates": [ 109.131252279964045, 40.806513360775654 ] } },
{ "type": "Feature", "properties": { "tang_id": 73155, "area_km2": 1.420224 }, "geometry": { "type": "Point", "coordinates": [ 109.136697782908513, 40.790760328281984 ] } },
{ "type": "Feature", "properties": { "tang_id": 73156, "area_km2": 0.048202 }, "geometry": { "type": "Point", "coordinates": [ 109.15108176218979, 40.789341774122278 ] } },
{ "type": "Feature", "properties": { "tang_id": 73157, "area_km2": 0.006874 }, "geometry": { "type": "Point", "coordinates": [ 109.151721217091122, 40.790419912562115 ] } },
{ "type": "Feature", "properties": { "tang_id": 73158, "area_km2": 0.12077 }, "geometry": { "type": "Point", "coordinates": [ 109.150497910288649, 40.787213345544906 ] } },
{ "type": "Feature", "properties": { "tang_id": 73159, "area_km2": 0.018644 }, "geometry": { "type": "Point", "coordinates": [ 109.153631806605773, 40.787794334260155 ] } },
{ "type": "Feature", "properties": { "tang_id": 73160, "area_km2": 0.021003 }, "geometry": { "type": "Point", "coordinates": [ 109.14754470177931, 40.786496749888563 ] } },
{ "type": "Feature", "properties": { "tang_id": 73161, "area_km2": 0.005408 }, "geometry": { "type": "Point", "coordinates": [ 109.143311629982719, 40.786828177323564 ] } },
{ "type": "Feature", "properties": { "tang_id": 73162, "area_km2": 0.007669 }, "geometry": { "type": "Point", "coordinates": [ 109.141072472826082, 40.787322838451765 ] } },
{ "type": "Feature", "properties": { "tang_id": 73163, "area_km2": 0.044097 }, "geometry": { "type": "Point", "coordinates": [ 109.145183095448516, 40.783241252058865 ] } },
{ "type": "Feature", "properties": { "tang_id": 73164, "area_km2": 0.118923 }, "geometry": { "type": "Point", "coordinates": [ 109.150281302117548, 40.784518221421266 ] } },
{ "type": "Feature", "properties": { "tang_id": 73165, "area_km2": 0.039587 }, "geometry": { "type": "Point", "coordinates": [ 109.154898664050833, 40.783040106297541 ] } },
{ "type": "Feature", "properties": { "tang_id": 73166, "area_km2": 0.039402 }, "geometry": { "type": "Point", "coordinates": [ 109.156277100751026, 40.785513666831569 ] } },
{ "type": "Feature", "properties": { "tang_id": 73167, "area_km2": 0.13519 }, "geometry": { "type": "Point", "coordinates": [ 109.159718963279445, 40.781791929367152 ] } },
{ "type": "Feature", "properties": { "tang_id": 73168, "area_km2": 0.097807 }, "geometry": { "type": "Point", "coordinates": [ 109.164208081107944, 40.7804876926593 ] } },
{ "type": "Feature", "properties": { "tang_id": 73169, "area_km2": 0.012808 }, "geometry": { "type": "Point", "coordinates": [ 109.166945310287431, 40.782656860621863 ] } },
{ "type": "Feature", "properties": { "tang_id": 73171, "area_km2": 0.009277 }, "geometry": { "type": "Point", "coordinates": [ 109.166026729152861, 40.778553428285385 ] } },
{ "type": "Feature", "properties": { "tang_id": 73172, "area_km2": 0.007945 }, "geometry": { "type": "Point", "coordinates": [ 109.168499441273113, 40.778163656708031 ] } },
{ "type": "Feature", "properties": { "tang_id": 73175, "area_km2": 0.226772 }, "geometry": { "type": "Point", "coordinates": [ 109.171337819753518, 40.771983167053889 ] } },
{ "type": "Feature", "properties": { "tang_id": 73176, "area_km2": 0.056852 }, "geometry": { "type": "Point", "coordinates": [ 109.178823764146003, 40.772410073920192 ] } },
{ "type": "Feature", "properties": { "tang_id": 73177, "area_km2": 0.349025 }, "geometry": { "type": "Point", "coordinates": [ 109.170681741859127, 40.764913444544575 ] } },
{ "type": "Feature", "properties": { "tang_id": 73178, "area_km2": 0.340079 }, "geometry": { "type": "Point", "coordinates": [ 109.155559408218167, 40.762703951470549 ] } },
{ "type": "Feature", "properties": { "tang_id": 73179, "area_km2": 0.03907 }, "geometry": { "type": "Point", "coordinates": [ 109.155661287881571, 40.766710819372022 ] } },
{ "type": "Feature", "properties": { "tang_id": 73180, "area_km2": 0.026068 }, "geometry": { "type": "Point", "coordinates": [ 109.155562599445886, 40.75490245846045 ] } },
{ "type": "Feature", "properties": { "tang_id": 73181, "area_km2": 0.124283 }, "geometry": { "type": "Point", "coordinates": [ 109.149465612570509, 40.753104607569803 ] } },
{ "type": "Feature", "properties": { "tang_id": 73182, "area_km2": 0.961403 }, "geometry": { "type": "Point", "coordinates": [ 109.117416554055879, 40.790707296899882 ] } },
{ "type": "Feature", "properties": { "tang_id": 73183, "area_km2": 0.18449 }, "geometry": { "type": "Point", "coordinates": [ 109.110465565447612, 40.786245618375283 ] } },
{ "type": "Feature", "properties": { "tang_id": 73184, "area_km2": 0.284117 }, "geometry": { "type": "Point", "coordinates": [ 109.102774039871619, 40.780181885300721 ] } },
{ "type": "Feature", "properties": { "tang_id": 73185, "area_km2": 0.244955 }, "geometry": { "type": "Point", "coordinates": [ 109.102559214797594, 40.789029143775061 ] } },
{ "type": "Feature", "properties": { "tang_id": 73186, "area_km2": 0.131198 }, "geometry": { "type": "Point", "coordinates": [ 109.090540984061278, 40.779359432196387 ] } },
{ "type": "Feature", "properties": { "tang_id": 73187, "area_km2": 0.055473 }, "geometry": { "type": "Point", "coordinates": [ 109.092905760716363, 40.777027702040357 ] } },
{ "type": "Feature", "properties": { "tang_id": 73188, "area_km2": 0.023287 }, "geometry": { "type": "Point", "coordinates": [ 109.096910824573683, 40.77842239881118 ] } },
{ "type": "Feature", "properties": { "tang_id": 73189, "area_km2": 0.074742 }, "geometry": { "type": "Point", "coordinates": [ 109.099901028950299, 40.773522251319932 ] } },
{ "type": "Feature", "properties": { "tang_id": 73190, "area_km2": 0.291466 }, "geometry": { "type": "Point", "coordinates": [ 109.091876794279528, 40.770757692268141 ] } },
{ "type": "Feature", "properties": { "tang_id": 73191, "area_km2": 0.016738 }, "geometry": { "type": "Point", "coordinates": [ 109.097896858879324, 40.769739047612717 ] } },
{ "type": "Feature", "properties": { "tang_id": 73192, "area_km2": 0.009499 }, "geometry": { "type": "Point", "coordinates": [ 109.095390788761406, 40.767155439856374 ] } },
{ "type": "Feature", "properties": { "tang_id": 73193, "area_km2": 0.01128 }, "geometry": { "type": "Point", "coordinates": [ 109.092558577645178, 40.767237919364725 ] } },
{ "type": "Feature", "properties": { "tang_id": 73194, "area_km2": 0.009265 }, "geometry": { "type": "Point", "coordinates": [ 109.090945532763115, 40.766551543880283 ] } },
{ "type": "Feature", "properties": { "tang_id": 73195, "area_km2": 0.008918 }, "geometry": { "type": "Point", "coordinates": [ 109.090532205985184, 40.765558234752476 ] } },
{ "type": "Feature", "properties": { "tang_id": 73196, "area_km2": 0.018937 }, "geometry": { "type": "Point", "coordinates": [ 109.08822185413122, 40.765155498029543 ] } },
{ "type": "Feature", "properties": { "tang_id": 73197, "area_km2": 0.050473 }, "geometry": { "type": "Point", "coordinates": [ 109.089528724474576, 40.762999399629273 ] } },
{ "type": "Feature", "properties": { "tang_id": 73198, "area_km2": 0.072104 }, "geometry": { "type": "Point", "coordinates": [ 109.101786876494998, 40.757368705718484 ] } },
{ "type": "Feature", "properties": { "tang_id": 73199, "area_km2": 0.047739 }, "geometry": { "type": "Point", "coordinates": [ 109.096184038823367, 40.758620090444921 ] } },
{ "type": "Feature", "properties": { "tang_id": 73200, "area_km2": 0.185529 }, "geometry": { "type": "Point", "coordinates": [ 109.08936099498824, 40.756685537450686 ] } },
{ "type": "Feature", "properties": { "tang_id": 73201, "area_km2": 0.933979 }, "geometry": { "type": "Point", "coordinates": [ 109.116355099436291, 40.821686080709675 ] } },
{ "type": "Feature", "properties": { "tang_id": 73202, "area_km2": 0.473548 }, "geometry": { "type": "Point", "coordinates": [ 109.115430188725014, 40.809618035034845 ] } },
{ "type": "Feature", "properties": { "tang_id": 73203, "area_km2": 0.836968 }, "geometry": { "type": "Point", "coordinates": [ 109.088304784584537, 40.822321062719638 ] } },
{ "type": "Feature", "properties": { "tang_id": 73204, "area_km2": 0.022696 }, "geometry": { "type": "Point", "coordinates": [ 109.084962337426731, 40.829883683376693 ] } },
{ "type": "Feature", "properties": { "tang_id": 73205, "area_km2": 0.362563 }, "geometry": { "type": "Point", "coordinates": [ 109.073788751855176, 40.826409713248133 ] } },
{ "type": "Feature", "properties": { "tang_id": 73206, "area_km2": 0.22622 }, "geometry": { "type": "Point", "coordinates": [ 109.133975923455736, 40.820722285317814 ] } },
{ "type": "Feature", "properties": { "tang_id": 73207, "area_km2": 0.01222 }, "geometry": { "type": "Point", "coordinates": [ 109.124886466749842, 40.823449505542683 ] } },
{ "type": "Feature", "properties": { "tang_id": 73208, "area_km2": 0.006079 }, "geometry": { "type": "Point", "coordinates": [ 109.124338258733928, 40.822682672867096 ] } },
{ "type": "Feature", "properties": { "tang_id": 73209, "area_km2": 0.012844 }, "geometry": { "type": "Point", "coordinates": [ 109.129824076570728, 40.819720911487643 ] } },
{ "type": "Feature", "properties": { "tang_id": 73210, "area_km2": 0.284897 }, "geometry": { "type": "Point", "coordinates": [ 109.05343702898125, 40.81308648079527 ] } },
{ "type": "Feature", "properties": { "tang_id": 73211, "area_km2": 0.233692 }, "geometry": { "type": "Point", "coordinates": [ 109.040837550927478, 40.812308482255709 ] } },
{ "type": "Feature", "properties": { "tang_id": 73212, "area_km2": 4.135923 }, "geometry": { "type": "Point", "coordinates": [ 109.07240623349162, 40.789766514691507 ] } },
{ "type": "Feature", "properties": { "tang_id": 73213, "area_km2": 0.009083 }, "geometry": { "type": "Point", "coordinates": [ 109.054526922446485, 40.793611715834651 ] } },
{ "type": "Feature", "properties": { "tang_id": 73214, "area_km2": 0.002954 }, "geometry": { "type": "Point", "coordinates": [ 109.056632959660703, 40.793054621610182 ] } },
{ "type": "Feature", "properties": { "tang_id": 73215, "area_km2": 0.013448 }, "geometry": { "type": "Point", "coordinates": [ 109.052328355369596, 40.794123000331716 ] } },
{ "type": "Feature", "properties": { "tang_id": 73216, "area_km2": 0.00999 }, "geometry": { "type": "Point", "coordinates": [ 109.049532386615439, 40.794677363675454 ] } },
{ "type": "Feature", "properties": { "tang_id": 73217, "area_km2": 0.001659 }, "geometry": { "type": "Point", "coordinates": [ 109.046050159925613, 40.795293041393272 ] } },
{ "type": "Feature", "properties": { "tang_id": 73218, "area_km2": 0.001892 }, "geometry": { "type": "Point", "coordinates": [ 109.046641660733115, 40.796179116693509 ] } },
{ "type": "Feature", "properties": { "tang_id": 73219, "area_km2": 0.480063 }, "geometry": { "type": "Point", "coordinates": [ 109.053473566935992, 40.784155809437344 ] } },
{ "type": "Feature", "properties": { "tang_id": 73220, "area_km2": 1.273877 }, "geometry": { "type": "Point", "coordinates": [ 109.036598056632258, 40.784913755902679 ] } },
{ "type": "Feature", "properties": { "tang_id": 73221, "area_km2": 0.076271 }, "geometry": { "type": "Point", "coordinates": [ 109.028080825424965, 40.782319872019784 ] } },
{ "type": "Feature", "properties": { "tang_id": 73222, "area_km2": 0.022002 }, "geometry": { "type": "Point", "coordinates": [ 109.023006818839931, 40.781331040451107 ] } },
{ "type": "Feature", "properties": { "tang_id": 73223, "area_km2": 0.070439 }, "geometry": { "type": "Point", "coordinates": [ 109.02009864412075, 40.783405449130122 ] } },
{ "type": "Feature", "properties": { "tang_id": 73224, "area_km2": 0.288125 }, "geometry": { "type": "Point", "coordinates": [ 109.024003427291262, 40.775273387794861 ] } },
{ "type": "Feature", "properties": { "tang_id": 73225, "area_km2": 0.055798 }, "geometry": { "type": "Point", "coordinates": [ 109.030990248859553, 40.777566477596409 ] } },
{ "type": "Feature", "properties": { "tang_id": 73226, "area_km2": 0.040371 }, "geometry": { "type": "Point", "coordinates": [ 109.036457303386698, 40.776070706624935 ] } },
{ "type": "Feature", "properties": { "tang_id": 73227, "area_km2": 0.019292 }, "geometry": { "type": "Point", "coordinates": [ 109.018914308787245, 40.772691368677819 ] } },
{ "type": "Feature", "properties": { "tang_id": 73228, "area_km2": 0.039195 }, "geometry": { "type": "Point", "coordinates": [ 109.017518798435816, 40.776800336601923 ] } },
{ "type": "Feature", "properties": { "tang_id": 73229, "area_km2": 1.430614 }, "geometry": { "type": "Point", "coordinates": [ 109.007458516494296, 40.779400026460316 ] } },
{ "type": "Feature", "properties": { "tang_id": 73230, "area_km2": 0.065731 }, "geometry": { "type": "Point", "coordinates": [ 108.994536292660328, 40.779767163990741 ] } },
{ "type": "Feature", "properties": { "tang_id": 73231, "area_km2": 0.025073 }, "geometry": { "type": "Point", "coordinates": [ 108.995285852845527, 40.777366800049364 ] } },
{ "type": "Feature", "properties": { "tang_id": 73232, "area_km2": 0.079296 }, "geometry": { "type": "Point", "coordinates": [ 108.985565482108868, 40.779693394336959 ] } },
{ "type": "Feature", "properties": { "tang_id": 73233, "area_km2": 0.113167 }, "geometry": { "type": "Point", "coordinates": [ 108.979762870208361, 40.776259908047109 ] } },
{ "type": "Feature", "properties": { "tang_id": 73234, "area_km2": 0.179893 }, "geometry": { "type": "Point", "coordinates": [ 108.954702792307515, 40.773546947688608 ] } },
{ "type": "Feature", "properties": { "tang_id": 73235, "area_km2": 0.019611 }, "geometry": { "type": "Point", "coordinates": [ 108.952459510150248, 40.768935598098096 ] } },
{ "type": "Feature", "properties": { "tang_id": 73236, "area_km2": 0.013136 }, "geometry": { "type": "Point", "coordinates": [ 108.947006152284374, 40.76863377224182 ] } },
{ "type": "Feature", "properties": { "tang_id": 73237, "area_km2": 0.207684 }, "geometry": { "type": "Point", "coordinates": [ 108.979432420766528, 40.820966258903518 ] } },
{ "type": "Feature", "properties": { "tang_id": 73238, "area_km2": 0.137918 }, "geometry": { "type": "Point", "coordinates": [ 109.002027233656463, 40.831344115556966 ] } },
{ "type": "Feature", "properties": { "tang_id": 73239, "area_km2": 0.424765 }, "geometry": { "type": "Point", "coordinates": [ 109.427442395756799, 40.800480924730984 ] } },
{ "type": "Feature", "properties": { "tang_id": 73240, "area_km2": 1.44277 }, "geometry": { "type": "Point", "coordinates": [ 109.43122892800865, 40.791490923275219 ] } },
{ "type": "Feature", "properties": { "tang_id": 73241, "area_km2": 0.2855 }, "geometry": { "type": "Point", "coordinates": [ 109.44576680339766, 40.79469579527516 ] } },
{ "type": "Feature", "properties": { "tang_id": 73242, "area_km2": 0.145691 }, "geometry": { "type": "Point", "coordinates": [ 109.527631951357606, 40.820047696140108 ] } },
{ "type": "Feature", "properties": { "tang_id": 73243, "area_km2": 0.107543 }, "geometry": { "type": "Point", "coordinates": [ 109.624397573026911, 40.803025409184968 ] } },
{ "type": "Feature", "properties": { "tang_id": 73244, "area_km2": 0.657401 }, "geometry": { "type": "Point", "coordinates": [ 109.611984635328994, 40.805592007847309 ] } },
{ "type": "Feature", "properties": { "tang_id": 73245, "area_km2": 0.139957 }, "geometry": { "type": "Point", "coordinates": [ 109.624822796414279, 40.81400192643288 ] } },
{ "type": "Feature", "properties": { "tang_id": 73246, "area_km2": 0.156164 }, "geometry": { "type": "Point", "coordinates": [ 109.673705700769332, 40.829753061607718 ] } },
{ "type": "Feature", "properties": { "tang_id": 73247, "area_km2": 0.089102 }, "geometry": { "type": "Point", "coordinates": [ 109.190943539375937, 40.780343962208562 ] } },
{ "type": "Feature", "properties": { "tang_id": 73248, "area_km2": 0.688194 }, "geometry": { "type": "Point", "coordinates": [ 109.182224159921901, 40.785482148029551 ] } },
{ "type": "Feature", "properties": { "tang_id": 73249, "area_km2": 0.241204 }, "geometry": { "type": "Point", "coordinates": [ 109.66881823798812, 40.83424738978735 ] } },
{ "type": "Feature", "properties": { "tang_id": 73250, "area_km2": 1.203735 }, "geometry": { "type": "Point", "coordinates": [ 109.668688518190862, 40.823230045015386 ] } },
{ "type": "Feature", "properties": { "tang_id": 73251, "area_km2": 0.1738 }, "geometry": { "type": "Point", "coordinates": [ 109.674637084509044, 40.814280342353243 ] } },
{ "type": "Feature", "properties": { "tang_id": 73252, "area_km2": 0.034231 }, "geometry": { "type": "Point", "coordinates": [ 109.674947859486437, 40.818469912942895 ] } },
{ "type": "Feature", "properties": { "tang_id": 73253, "area_km2": 0.113463 }, "geometry": { "type": "Point", "coordinates": [ 109.726377256894978, 40.848980352216067 ] } },
{ "type": "Feature", "properties": { "tang_id": 73254, "area_km2": 0.141839 }, "geometry": { "type": "Point", "coordinates": [ 109.715211555763759, 40.846795178162665 ] } },
{ "type": "Feature", "properties": { "tang_id": 73255, "area_km2": 0.201233 }, "geometry": { "type": "Point", "coordinates": [ 109.707936570247185, 40.846483521046181 ] } },
{ "type": "Feature", "properties": { "tang_id": 73256, "area_km2": 3.019184 }, "geometry": { "type": "Point", "coordinates": [ 109.697638634807362, 40.831711069697654 ] } },
{ "type": "Feature", "properties": { "tang_id": 73257, "area_km2": 1.411904 }, "geometry": { "type": "Point", "coordinates": [ 109.714424978541629, 40.832760307489892 ] } },
{ "type": "Feature", "properties": { "tang_id": 73258, "area_km2": 0.321503 }, "geometry": { "type": "Point", "coordinates": [ 109.722617642576523, 40.834772638295242 ] } },
{ "type": "Feature", "properties": { "tang_id": 73259, "area_km2": 0.047031 }, "geometry": { "type": "Point", "coordinates": [ 109.72933810309334, 40.836607839361697 ] } },
{ "type": "Feature", "properties": { "tang_id": 73260, "area_km2": 0.059928 }, "geometry": { "type": "Point", "coordinates": [ 109.723486266524418, 40.821688944719817 ] } },
{ "type": "Feature", "properties": { "tang_id": 73261, "area_km2": 0.050732 }, "geometry": { "type": "Point", "coordinates": [ 109.666853427581685, 40.775725758145349 ] } },
{ "type": "Feature", "properties": { "tang_id": 73262, "area_km2": 0.050571 }, "geometry": { "type": "Point", "coordinates": [ 109.344169577874538, 40.796047510324946 ] } },
{ "type": "Feature", "properties": { "tang_id": 73263, "area_km2": 0.03393 }, "geometry": { "type": "Point", "coordinates": [ 109.350099844511689, 40.793630225907151 ] } },
{ "type": "Feature", "properties": { "tang_id": 73264, "area_km2": 0.00657 }, "geometry": { "type": "Point", "coordinates": [ 109.347324965667013, 40.791447362388517 ] } },
{ "type": "Feature", "properties": { "tang_id": 73265, "area_km2": 0.018438 }, "geometry": { "type": "Point", "coordinates": [ 109.34248469335877, 40.79011593909388 ] } },
{ "type": "Feature", "properties": { "tang_id": 73266, "area_km2": 0.032402 }, "geometry": { "type": "Point", "coordinates": [ 109.320648628295459, 40.790060882873185 ] } },
{ "type": "Feature", "properties": { "tang_id": 73267, "area_km2": 0.001428 }, "geometry": { "type": "Point", "coordinates": [ 109.323343741137052, 40.788800392312865 ] } },
{ "type": "Feature", "properties": { "tang_id": 73268, "area_km2": 0.005415 }, "geometry": { "type": "Point", "coordinates": [ 109.315487494920546, 40.790085398166163 ] } },
{ "type": "Feature", "properties": { "tang_id": 73269, "area_km2": 0.017635 }, "geometry": { "type": "Point", "coordinates": [ 109.312416132234759, 40.796253542499194 ] } },
{ "type": "Feature", "properties": { "tang_id": 73270, "area_km2": 0.010558 }, "geometry": { "type": "Point", "coordinates": [ 109.310359902351735, 40.798579969259237 ] } },
{ "type": "Feature", "properties": { "tang_id": 73271, "area_km2": 0.446752 }, "geometry": { "type": "Point", "coordinates": [ 109.298505780226989, 40.807044348640524 ] } },
{ "type": "Feature", "properties": { "tang_id": 73272, "area_km2": 0.02114 }, "geometry": { "type": "Point", "coordinates": [ 109.296546483419462, 40.790219173145054 ] } },
{ "type": "Feature", "properties": { "tang_id": 73273, "area_km2": 0.030509 }, "geometry": { "type": "Point", "coordinates": [ 109.293513822826213, 40.791973357062126 ] } },
{ "type": "Feature", "properties": { "tang_id": 73274, "area_km2": 0.015311 }, "geometry": { "type": "Point", "coordinates": [ 109.288658014132537, 40.793531089397625 ] } },
{ "type": "Feature", "properties": { "tang_id": 73275, "area_km2": 0.020587 }, "geometry": { "type": "Point", "coordinates": [ 109.28309926002467, 40.791312435108289 ] } },
{ "type": "Feature", "properties": { "tang_id": 73276, "area_km2": 0.015304 }, "geometry": { "type": "Point", "coordinates": [ 109.282407749976116, 40.788939543609807 ] } },
{ "type": "Feature", "properties": { "tang_id": 73277, "area_km2": 0.010992 }, "geometry": { "type": "Point", "coordinates": [ 109.279937088022947, 40.789446281854076 ] } },
{ "type": "Feature", "properties": { "tang_id": 73278, "area_km2": 0.007877 }, "geometry": { "type": "Point", "coordinates": [ 109.279362667139978, 40.790268627627093 ] } },
{ "type": "Feature", "properties": { "tang_id": 73279, "area_km2": 0.009862 }, "geometry": { "type": "Point", "coordinates": [ 109.277570312381528, 40.790349277219789 ] } },
{ "type": "Feature", "properties": { "tang_id": 73280, "area_km2": 0.001596 }, "geometry": { "type": "Point", "coordinates": [ 109.280188827333305, 40.791210210087385 ] } },
{ "type": "Feature", "properties": { "tang_id": 73281, "area_km2": 0.012629 }, "geometry": { "type": "Point", "coordinates": [ 109.274366282297066, 40.792370464548519 ] } },
{ "type": "Feature", "properties": { "tang_id": 73282, "area_km2": 0.007075 }, "geometry": { "type": "Point", "coordinates": [ 109.279531694725677, 40.797146925154422 ] } },
{ "type": "Feature", "properties": { "tang_id": 73283, "area_km2": 0.004955 }, "geometry": { "type": "Point", "coordinates": [ 109.27818249741118, 40.796730446029564 ] } },
{ "type": "Feature", "properties": { "tang_id": 73285, "area_km2": 0.041358 }, "geometry": { "type": "Point", "coordinates": [ 109.28321865897766, 40.795322442148858 ] } },
{ "type": "Feature", "properties": { "tang_id": 73286, "area_km2": 0.094485 }, "geometry": { "type": "Point", "coordinates": [ 109.294172182003663, 40.794845469325622 ] } },
{ "type": "Feature", "properties": { "tang_id": 73287, "area_km2": 0.224461 }, "geometry": { "type": "Point", "coordinates": [ 109.284813426681012, 40.807442433523505 ] } },
{ "type": "Feature", "properties": { "tang_id": 73288, "area_km2": 0.092123 }, "geometry": { "type": "Point", "coordinates": [ 109.281441213344237, 40.810792455300209 ] } },
{ "type": "Feature", "properties": { "tang_id": 73289, "area_km2": 0.081023 }, "geometry": { "type": "Point", "coordinates": [ 109.281214148652424, 40.816650225246846 ] } },
{ "type": "Feature", "properties": { "tang_id": 73290, "area_km2": 0.048658 }, "geometry": { "type": "Point", "coordinates": [ 109.317212539177106, 40.772740344368884 ] } },
{ "type": "Feature", "properties": { "tang_id": 73291, "area_km2": 0.073375 }, "geometry": { "type": "Point", "coordinates": [ 109.315746044634892, 40.775911337132356 ] } },
{ "type": "Feature", "properties": { "tang_id": 73292, "area_km2": 0.009677 }, "geometry": { "type": "Point", "coordinates": [ 109.311883063491564, 40.774078551180388 ] } },
{ "type": "Feature", "properties": { "tang_id": 73293, "area_km2": 0.034088 }, "geometry": { "type": "Point", "coordinates": [ 109.31413316280512, 40.778630160975311 ] } },
{ "type": "Feature", "properties": { "tang_id": 73294, "area_km2": 0.005691 }, "geometry": { "type": "Point", "coordinates": [ 109.31156582082312, 40.777952421493794 ] } },
{ "type": "Feature", "properties": { "tang_id": 73295, "area_km2": 0.006989 }, "geometry": { "type": "Point", "coordinates": [ 109.311459520055692, 40.779214378904591 ] } },
{ "type": "Feature", "properties": { "tang_id": 73296, "area_km2": 0.004476 }, "geometry": { "type": "Point", "coordinates": [ 109.308358428551699, 40.778708143739102 ] } },
{ "type": "Feature", "properties": { "tang_id": 73297, "area_km2": 0.023068 }, "geometry": { "type": "Point", "coordinates": [ 109.306686165103827, 40.77668121776118 ] } },
{ "type": "Feature", "properties": { "tang_id": 73298, "area_km2": 0.008674 }, "geometry": { "type": "Point", "coordinates": [ 109.30237882729422, 40.776153335424759 ] } },
{ "type": "Feature", "properties": { "tang_id": 73299, "area_km2": 0.003352 }, "geometry": { "type": "Point", "coordinates": [ 109.301439847545424, 40.776058141038227 ] } },
{ "type": "Feature", "properties": { "tang_id": 73300, "area_km2": 0.005218 }, "geometry": { "type": "Point", "coordinates": [ 109.298599623056603, 40.775721751501052 ] } },
{ "type": "Feature", "properties": { "tang_id": 73301, "area_km2": 0.003895 }, "geometry": { "type": "Point", "coordinates": [ 109.297531540975285, 40.77684624692823 ] } },
{ "type": "Feature", "properties": { "tang_id": 73302, "area_km2": 0.00263 }, "geometry": { "type": "Point", "coordinates": [ 109.297423212817321, 40.775153620236509 ] } },
{ "type": "Feature", "properties": { "tang_id": 73303, "area_km2": 0.015963 }, "geometry": { "type": "Point", "coordinates": [ 109.292155681744603, 40.775500283213198 ] } },
{ "type": "Feature", "properties": { "tang_id": 73304, "area_km2": 0.059202 }, "geometry": { "type": "Point", "coordinates": [ 109.314041573569455, 40.770315666488173 ] } },
{ "type": "Feature", "properties": { "tang_id": 73305, "area_km2": 0.027739 }, "geometry": { "type": "Point", "coordinates": [ 109.318372606820432, 40.770567138141068 ] } },
{ "type": "Feature", "properties": { "tang_id": 73306, "area_km2": 0.01034 }, "geometry": { "type": "Point", "coordinates": [ 109.32042130517047, 40.770985747668384 ] } },
{ "type": "Feature", "properties": { "tang_id": 73307, "area_km2": 0.013952 }, "geometry": { "type": "Point", "coordinates": [ 109.322786081278196, 40.77621985706422 ] } },
{ "type": "Feature", "properties": { "tang_id": 73308, "area_km2": 0.017612 }, "geometry": { "type": "Point", "coordinates": [ 109.320471664466538, 40.776460099458831 ] } },
{ "type": "Feature", "properties": { "tang_id": 73309, "area_km2": 0.019835 }, "geometry": { "type": "Point", "coordinates": [ 109.261448706893773, 40.785203205325999 ] } },
{ "type": "Feature", "properties": { "tang_id": 73310, "area_km2": 0.037464 }, "geometry": { "type": "Point", "coordinates": [ 109.219253323849287, 40.799456846573747 ] } },
{ "type": "Feature", "properties": { "tang_id": 73311, "area_km2": 0.140977 }, "geometry": { "type": "Point", "coordinates": [ 109.228597351950839, 40.795239646068346 ] } },
{ "type": "Feature", "properties": { "tang_id": 73312, "area_km2": 0.10521 }, "geometry": { "type": "Point", "coordinates": [ 109.184566883950112, 40.803970903721165 ] } },
{ "type": "Feature", "properties": { "tang_id": 73313, "area_km2": 0.026146 }, "geometry": { "type": "Point", "coordinates": [ 109.177942062721087, 40.807495461516915 ] } },
{ "type": "Feature", "properties": { "tang_id": 73314, "area_km2": 0.041992 }, "geometry": { "type": "Point", "coordinates": [ 109.173977526982142, 40.810675974895851 ] } },
{ "type": "Feature", "properties": { "tang_id": 73315, "area_km2": 0.04255 }, "geometry": { "type": "Point", "coordinates": [ 109.210613312570331, 40.801440792786423 ] } },
{ "type": "Feature", "properties": { "tang_id": 73316, "area_km2": 0.062679 }, "geometry": { "type": "Point", "coordinates": [ 109.153692023092276, 40.77266505526508 ] } },
{ "type": "Feature", "properties": { "tang_id": 73317, "area_km2": 0.086778 }, "geometry": { "type": "Point", "coordinates": [ 109.164327211297305, 40.773568346466469 ] } },
{ "type": "Feature", "properties": { "tang_id": 73318, "area_km2": 0.047829 }, "geometry": { "type": "Point", "coordinates": [ 109.175727695253215, 40.775423685703103 ] } },
{ "type": "Feature", "properties": { "tang_id": 73319, "area_km2": 0.026758 }, "geometry": { "type": "Point", "coordinates": [ 109.172954650951979, 40.777722150450323 ] } },
{ "type": "Feature", "properties": { "tang_id": 73320, "area_km2": 0.001646 }, "geometry": { "type": "Point", "coordinates": [ 109.173383538672894, 40.778581151116647 ] } },
{ "type": "Feature", "properties": { "tang_id": 73321, "area_km2": 0.004344 }, "geometry": { "type": "Point", "coordinates": [ 109.171346852338218, 40.779056701086546 ] } },
{ "type": "Feature", "properties": { "tang_id": 73322, "area_km2": 0.040496 }, "geometry": { "type": "Point", "coordinates": [ 109.174394029783628, 40.780165633728004 ] } },
{ "type": "Feature", "properties": { "tang_id": 73323, "area_km2": 0.043091 }, "geometry": { "type": "Point", "coordinates": [ 109.176862310247159, 40.782080297240356 ] } },
{ "type": "Feature", "properties": { "tang_id": 73324, "area_km2": 0.003224 }, "geometry": { "type": "Point", "coordinates": [ 109.178429692820728, 40.78345520389361 ] } },
{ "type": "Feature", "properties": { "tang_id": 73325, "area_km2": 0.007685 }, "geometry": { "type": "Point", "coordinates": [ 109.177635171700672, 40.784020111595176 ] } },
{ "type": "Feature", "properties": { "tang_id": 73326, "area_km2": 0.018459 }, "geometry": { "type": "Point", "coordinates": [ 109.177887540824983, 40.786083644472427 ] } },
{ "type": "Feature", "properties": { "tang_id": 73327, "area_km2": 0.004051 }, "geometry": { "type": "Point", "coordinates": [ 109.180383637352946, 40.779762327948745 ] } },
{ "type": "Feature", "properties": { "tang_id": 73328, "area_km2": 0.007679 }, "geometry": { "type": "Point", "coordinates": [ 109.180423900641387, 40.778794627330889 ] } },
{ "type": "Feature", "properties": { "tang_id": 73329, "area_km2": 0.001611 }, "geometry": { "type": "Point", "coordinates": [ 109.178847252217253, 40.779164911945678 ] } },
{ "type": "Feature", "properties": { "tang_id": 73330, "area_km2": 0.001791 }, "geometry": { "type": "Point", "coordinates": [ 109.177243725015018, 40.779818710840452 ] } },
{ "type": "Feature", "properties": { "tang_id": 73331, "area_km2": 0.005851 }, "geometry": { "type": "Point", "coordinates": [ 109.190409279189922, 40.777917215306495 ] } },
{ "type": "Feature", "properties": { "tang_id": 73332, "area_km2": 0.001703 }, "geometry": { "type": "Point", "coordinates": [ 109.186110183589733, 40.779425776204704 ] } },
{ "type": "Feature", "properties": { "tang_id": 73333, "area_km2": 0.022253 }, "geometry": { "type": "Point", "coordinates": [ 109.209070941067424, 40.778949821124066 ] } },
{ "type": "Feature", "properties": { "tang_id": 73334, "area_km2": 0.036179 }, "geometry": { "type": "Point", "coordinates": [ 109.204138680608082, 40.77896417064057 ] } },
{ "type": "Feature", "properties": { "tang_id": 73335, "area_km2": 0.005869 }, "geometry": { "type": "Point", "coordinates": [ 109.200646921635339, 40.778281692894176 ] } },
{ "type": "Feature", "properties": { "tang_id": 73336, "area_km2": 0.005119 }, "geometry": { "type": "Point", "coordinates": [ 109.196774573641505, 40.777551171538029 ] } },
{ "type": "Feature", "properties": { "tang_id": 73337, "area_km2": 0.002444 }, "geometry": { "type": "Point", "coordinates": [ 109.19534169761188, 40.777185161418657 ] } },
{ "type": "Feature", "properties": { "tang_id": 73339, "area_km2": 0.001573 }, "geometry": { "type": "Point", "coordinates": [ 109.195373430158895, 40.776428499453068 ] } },
{ "type": "Feature", "properties": { "tang_id": 73341, "area_km2": 0.004946 }, "geometry": { "type": "Point", "coordinates": [ 109.193174265308031, 40.777513400985725 ] } },
{ "type": "Feature", "properties": { "tang_id": 73342, "area_km2": 0.012443 }, "geometry": { "type": "Point", "coordinates": [ 109.214396592735966, 40.774624731529009 ] } },
{ "type": "Feature", "properties": { "tang_id": 73343, "area_km2": 0.006362 }, "geometry": { "type": "Point", "coordinates": [ 109.212330294302078, 40.776498847227998 ] } },
{ "type": "Feature", "properties": { "tang_id": 73344, "area_km2": 0.003837 }, "geometry": { "type": "Point", "coordinates": [ 109.210138041184194, 40.775294114982742 ] } },
{ "type": "Feature", "properties": { "tang_id": 73345, "area_km2": 0.012364 }, "geometry": { "type": "Point", "coordinates": [ 109.209022371945323, 40.7759827992871 ] } },
{ "type": "Feature", "properties": { "tang_id": 73346, "area_km2": 0.00267 }, "geometry": { "type": "Point", "coordinates": [ 109.208843660270531, 40.77678525496566 ] } },
{ "type": "Feature", "properties": { "tang_id": 73349, "area_km2": 0.004327 }, "geometry": { "type": "Point", "coordinates": [ 109.20234127466675, 40.769906333067716 ] } },
{ "type": "Feature", "properties": { "tang_id": 73350, "area_km2": 0.031812 }, "geometry": { "type": "Point", "coordinates": [ 109.206203178768504, 40.770193568917939 ] } },
{ "type": "Feature", "properties": { "tang_id": 73351, "area_km2": 0.00594 }, "geometry": { "type": "Point", "coordinates": [ 109.20598254386087, 40.768788251612222 ] } },
{ "type": "Feature", "properties": { "tang_id": 73352, "area_km2": 0.023436 }, "geometry": { "type": "Point", "coordinates": [ 109.220569803062276, 40.767978803115376 ] } },
{ "type": "Feature", "properties": { "tang_id": 73353, "area_km2": 0.028884 }, "geometry": { "type": "Point", "coordinates": [ 109.245803047076137, 40.774343691351106 ] } },
{ "type": "Feature", "properties": { "tang_id": 73354, "area_km2": 0.035615 }, "geometry": { "type": "Point", "coordinates": [ 109.234134656645978, 40.776430749026545 ] } },
{ "type": "Feature", "properties": { "tang_id": 73355, "area_km2": 0.030106 }, "geometry": { "type": "Point", "coordinates": [ 109.228672641713587, 40.775503906619917 ] } },
{ "type": "Feature", "properties": { "tang_id": 73356, "area_km2": 0.055454 }, "geometry": { "type": "Point", "coordinates": [ 109.222890689910059, 40.782393522714052 ] } },
{ "type": "Feature", "properties": { "tang_id": 73357, "area_km2": 0.035755 }, "geometry": { "type": "Point", "coordinates": [ 109.215536415097532, 40.781810268684659 ] } },
{ "type": "Feature", "properties": { "tang_id": 73358, "area_km2": 0.144555 }, "geometry": { "type": "Point", "coordinates": [ 109.204925458068502, 40.784728144024442 ] } },
{ "type": "Feature", "properties": { "tang_id": 73359, "area_km2": 0.0572 }, "geometry": { "type": "Point", "coordinates": [ 109.219536118239944, 40.778074385480231 ] } },
{ "type": "Feature", "properties": { "tang_id": 73360, "area_km2": 0.008016 }, "geometry": { "type": "Point", "coordinates": [ 109.215981974734234, 40.777819497588077 ] } },
{ "type": "Feature", "properties": { "tang_id": 73361, "area_km2": 0.016627 }, "geometry": { "type": "Point", "coordinates": [ 109.224282117577303, 40.772365112226638 ] } },
{ "type": "Feature", "properties": { "tang_id": 73362, "area_km2": 0.002711 }, "geometry": { "type": "Point", "coordinates": [ 109.221529886578949, 40.772421929733028 ] } },
{ "type": "Feature", "properties": { "tang_id": 73363, "area_km2": 0.003253 }, "geometry": { "type": "Point", "coordinates": [ 109.219692115069677, 40.772495956870131 ] } },
{ "type": "Feature", "properties": { "tang_id": 73364, "area_km2": 0.002224 }, "geometry": { "type": "Point", "coordinates": [ 109.235190187461725, 40.773432601432901 ] } },
{ "type": "Feature", "properties": { "tang_id": 73365, "area_km2": 0.002155 }, "geometry": { "type": "Point", "coordinates": [ 109.233430267073786, 40.773350633750653 ] } },
{ "type": "Feature", "properties": { "tang_id": 73366, "area_km2": 0.014738 }, "geometry": { "type": "Point", "coordinates": [ 109.232287255814995, 40.775088717199054 ] } },
{ "type": "Feature", "properties": { "tang_id": 73367, "area_km2": 0.022144 }, "geometry": { "type": "Point", "coordinates": [ 109.230731657153271, 40.777480621973417 ] } },
{ "type": "Feature", "properties": { "tang_id": 73368, "area_km2": 0.008437 }, "geometry": { "type": "Point", "coordinates": [ 109.226681719066576, 40.777011938460021 ] } },
{ "type": "Feature", "properties": { "tang_id": 73369, "area_km2": 0.055162 }, "geometry": { "type": "Point", "coordinates": [ 109.231834974141208, 40.781334375316945 ] } },
{ "type": "Feature", "properties": { "tang_id": 73370, "area_km2": 0.030033 }, "geometry": { "type": "Point", "coordinates": [ 109.245403673359974, 40.779768736186725 ] } },
{ "type": "Feature", "properties": { "tang_id": 73371, "area_km2": 0.097417 }, "geometry": { "type": "Point", "coordinates": [ 109.2547870400265, 40.778206991299719 ] } },
{ "type": "Feature", "properties": { "tang_id": 73372, "area_km2": 0.004413 }, "geometry": { "type": "Point", "coordinates": [ 109.267022970961591, 40.776574150874168 ] } },
{ "type": "Feature", "properties": { "tang_id": 73373, "area_km2": 0.033969 }, "geometry": { "type": "Point", "coordinates": [ 109.263925863570634, 40.777593711961686 ] } },
{ "type": "Feature", "properties": { "tang_id": 73374, "area_km2": 0.019428 }, "geometry": { "type": "Point", "coordinates": [ 109.270791375979897, 40.769212463488735 ] } },
{ "type": "Feature", "properties": { "tang_id": 73375, "area_km2": 0.029788 }, "geometry": { "type": "Point", "coordinates": [ 109.266832951035042, 40.769735141037856 ] } },
{ "type": "Feature", "properties": { "tang_id": 73376, "area_km2": 0.045141 }, "geometry": { "type": "Point", "coordinates": [ 109.262671999865816, 40.769644515260566 ] } },
{ "type": "Feature", "properties": { "tang_id": 73377, "area_km2": 0.010415 }, "geometry": { "type": "Point", "coordinates": [ 109.258433049636508, 40.768989120782578 ] } },
{ "type": "Feature", "properties": { "tang_id": 73378, "area_km2": 0.050856 }, "geometry": { "type": "Point", "coordinates": [ 109.254535172972297, 40.767518829357158 ] } },
{ "type": "Feature", "properties": { "tang_id": 73379, "area_km2": 0.00626 }, "geometry": { "type": "Point", "coordinates": [ 109.251825802795977, 40.765438721886731 ] } },
{ "type": "Feature", "properties": { "tang_id": 73380, "area_km2": 0.001416 }, "geometry": { "type": "Point", "coordinates": [ 109.254752937052814, 40.771598815251878 ] } },
{ "type": "Feature", "properties": { "tang_id": 73381, "area_km2": 0.001066 }, "geometry": { "type": "Point", "coordinates": [ 109.253775341560669, 40.771522787691808 ] } },
{ "type": "Feature", "properties": { "tang_id": 73382, "area_km2": 0.015327 }, "geometry": { "type": "Point", "coordinates": [ 109.250897219228278, 40.772460377564975 ] } },
{ "type": "Feature", "properties": { "tang_id": 73383, "area_km2": 0.012926 }, "geometry": { "type": "Point", "coordinates": [ 109.24821549346872, 40.773341739279232 ] } },
{ "type": "Feature", "properties": { "tang_id": 73384, "area_km2": 0.009463 }, "geometry": { "type": "Point", "coordinates": [ 109.240069857664807, 40.774490538614153 ] } },
{ "type": "Feature", "properties": { "tang_id": 73385, "area_km2": 0.005717 }, "geometry": { "type": "Point", "coordinates": [ 109.239854837949053, 40.775303878616775 ] } },
{ "type": "Feature", "properties": { "tang_id": 73386, "area_km2": 0.004618 }, "geometry": { "type": "Point", "coordinates": [ 109.237718798687325, 40.774849433308404 ] } },
{ "type": "Feature", "properties": { "tang_id": 73387, "area_km2": 0.006767 }, "geometry": { "type": "Point", "coordinates": [ 109.235886873484006, 40.775250215276458 ] } },
{ "type": "Feature", "properties": { "tang_id": 73388, "area_km2": 0.033667 }, "geometry": { "type": "Point", "coordinates": [ 109.247035666137393, 40.760923988217648 ] } },
{ "type": "Feature", "properties": { "tang_id": 73389, "area_km2": 0.008149 }, "geometry": { "type": "Point", "coordinates": [ 109.289860976905203, 40.7703849829634 ] } },
{ "type": "Feature", "properties": { "tang_id": 73390, "area_km2": 0.001752 }, "geometry": { "type": "Point", "coordinates": [ 109.287153940307363, 40.771650093108441 ] } },
{ "type": "Feature", "properties": { "tang_id": 73391, "area_km2": 0.008583 }, "geometry": { "type": "Point", "coordinates": [ 109.283229059309619, 40.773048186378901 ] } },
{ "type": "Feature", "properties": { "tang_id": 73392, "area_km2": 0.005766 }, "geometry": { "type": "Point", "coordinates": [ 109.281296858440427, 40.771973051434323 ] } },
{ "type": "Feature", "properties": { "tang_id": 73393, "area_km2": 0.009626 }, "geometry": { "type": "Point", "coordinates": [ 109.273641945235227, 40.778248774098316 ] } },
{ "type": "Feature", "properties": { "tang_id": 73394, "area_km2": 0.003462 }, "geometry": { "type": "Point", "coordinates": [ 109.272777657436706, 40.775674976950228 ] } },
{ "type": "Feature", "properties": { "tang_id": 73395, "area_km2": 0.001345 }, "geometry": { "type": "Point", "coordinates": [ 109.272987003798519, 40.775173533513957 ] } },
{ "type": "Feature", "properties": { "tang_id": 73396, "area_km2": 0.014798 }, "geometry": { "type": "Point", "coordinates": [ 109.28037673959119, 40.781853990353447 ] } },
{ "type": "Feature", "properties": { "tang_id": 73397, "area_km2": 0.023528 }, "geometry": { "type": "Point", "coordinates": [ 109.322385751544743, 40.76805655247307 ] } },
{ "type": "Feature", "properties": { "tang_id": 73398, "area_km2": 0.024969 }, "geometry": { "type": "Point", "coordinates": [ 109.324815827936604, 40.768858183543166 ] } },
{ "type": "Feature", "properties": { "tang_id": 73399, "area_km2": 0.018358 }, "geometry": { "type": "Point", "coordinates": [ 109.349933682726274, 40.770279531738474 ] } },
{ "type": "Feature", "properties": { "tang_id": 73400, "area_km2": 0.038715 }, "geometry": { "type": "Point", "coordinates": [ 108.683041146738901, 40.712363993166107 ] } },
{ "type": "Feature", "properties": { "tang_id": 73401, "area_km2": 0.008576 }, "geometry": { "type": "Point", "coordinates": [ 109.658927697330071, 40.773574184385865 ] } },
{ "type": "Feature", "properties": { "tang_id": 73402, "area_km2": 0.077636 }, "geometry": { "type": "Point", "coordinates": [ 109.731499997505168, 40.824160456220312 ] } },
{ "type": "Feature", "properties": { "tang_id": 73403, "area_km2": 0.069647 }, "geometry": { "type": "Point", "coordinates": [ 109.786110727526079, 40.797381288715009 ] } },
{ "type": "Feature", "properties": { "tang_id": 73404, "area_km2": 0.200653 }, "geometry": { "type": "Point", "coordinates": [ 109.792561477701426, 40.801223774930115 ] } },
{ "type": "Feature", "properties": { "tang_id": 73405, "area_km2": 0.06377 }, "geometry": { "type": "Point", "coordinates": [ 109.799124591650624, 40.802888613890531 ] } },
{ "type": "Feature", "properties": { "tang_id": 73406, "area_km2": 0.012365 }, "geometry": { "type": "Point", "coordinates": [ 109.797396696164299, 40.801320713826158 ] } },
{ "type": "Feature", "properties": { "tang_id": 73407, "area_km2": 0.027254 }, "geometry": { "type": "Point", "coordinates": [ 109.803757107945472, 40.803090717844668 ] } },
{ "type": "Feature", "properties": { "tang_id": 73408, "area_km2": 0.041499 }, "geometry": { "type": "Point", "coordinates": [ 109.803921866172175, 40.80653620682812 ] } },
{ "type": "Feature", "properties": { "tang_id": 73409, "area_km2": 0.101858 }, "geometry": { "type": "Point", "coordinates": [ 109.720212162060676, 40.769918074178008 ] } },
{ "type": "Feature", "properties": { "tang_id": 73410, "area_km2": 0.037153 }, "geometry": { "type": "Point", "coordinates": [ 109.702605894394196, 40.769597374309413 ] } },
{ "type": "Feature", "properties": { "tang_id": 73411, "area_km2": 0.017926 }, "geometry": { "type": "Point", "coordinates": [ 109.6943506032557, 40.753202288665342 ] } },
{ "type": "Feature", "properties": { "tang_id": 73412, "area_km2": 0.094185 }, "geometry": { "type": "Point", "coordinates": [ 109.309359470839112, 40.76354776669595 ] } },
{ "type": "Feature", "properties": { "tang_id": 73413, "area_km2": 0.057438 }, "geometry": { "type": "Point", "coordinates": [ 109.301711753512308, 40.763505233976637 ] } },
{ "type": "Feature", "properties": { "tang_id": 73414, "area_km2": 0.059238 }, "geometry": { "type": "Point", "coordinates": [ 109.295105105104497, 40.763509274922548 ] } },
{ "type": "Feature", "properties": { "tang_id": 73415, "area_km2": 0.009457 }, "geometry": { "type": "Point", "coordinates": [ 109.29448401217121, 40.771605409595871 ] } },
{ "type": "Feature", "properties": { "tang_id": 73416, "area_km2": 0.002774 }, "geometry": { "type": "Point", "coordinates": [ 109.293028017905272, 40.771496229683891 ] } },
{ "type": "Feature", "properties": { "tang_id": 73417, "area_km2": 0.002638 }, "geometry": { "type": "Point", "coordinates": [ 109.293577928569476, 40.771962471781265 ] } },
{ "type": "Feature", "properties": { "tang_id": 73418, "area_km2": 0.004142 }, "geometry": { "type": "Point", "coordinates": [ 109.297012849199504, 40.771231074954947 ] } },
{ "type": "Feature", "properties": { "tang_id": 73419, "area_km2": 0.002926 }, "geometry": { "type": "Point", "coordinates": [ 109.297810612265067, 40.771129827258996 ] } },
{ "type": "Feature", "properties": { "tang_id": 73420, "area_km2": 0.002629 }, "geometry": { "type": "Point", "coordinates": [ 109.301470249680165, 40.773800363203897 ] } },
{ "type": "Feature", "properties": { "tang_id": 73421, "area_km2": 0.005228 }, "geometry": { "type": "Point", "coordinates": [ 109.298937643225202, 40.774181724161224 ] } },
{ "type": "Feature", "properties": { "tang_id": 73422, "area_km2": 0.010993 }, "geometry": { "type": "Point", "coordinates": [ 109.320341031955166, 40.775158977409127 ] } },
{ "type": "Feature", "properties": { "tang_id": 73423, "area_km2": 0.002634 }, "geometry": { "type": "Point", "coordinates": [ 109.317583440538854, 40.775178217043553 ] } },
{ "type": "Feature", "properties": { "tang_id": 73424, "area_km2": 0.032544 }, "geometry": { "type": "Point", "coordinates": [ 109.330966772961787, 40.773832668915254 ] } },
{ "type": "Feature", "properties": { "tang_id": 73425, "area_km2": 0.029454 }, "geometry": { "type": "Point", "coordinates": [ 109.327153656551474, 40.774071533695036 ] } },
{ "type": "Feature", "properties": { "tang_id": 73426, "area_km2": 0.005098 }, "geometry": { "type": "Point", "coordinates": [ 109.324847523716997, 40.77299835635106 ] } },
{ "type": "Feature", "properties": { "tang_id": 73427, "area_km2": 0.094779 }, "geometry": { "type": "Point", "coordinates": [ 109.339342930170091, 40.773959208039173 ] } },
{ "type": "Feature", "properties": { "tang_id": 73428, "area_km2": 0.076149 }, "geometry": { "type": "Point", "coordinates": [ 109.341036658978027, 40.769050255765464 ] } },
{ "type": "Feature", "properties": { "tang_id": 73429, "area_km2": 0.118614 }, "geometry": { "type": "Point", "coordinates": [ 109.347110809827441, 40.772991888131372 ] } },
{ "type": "Feature", "properties": { "tang_id": 73430, "area_km2": 0.005165 }, "geometry": { "type": "Point", "coordinates": [ 109.324204432630836, 40.801664191623559 ] } },
{ "type": "Feature", "properties": { "tang_id": 73431, "area_km2": 0.014007 }, "geometry": { "type": "Point", "coordinates": [ 109.321814105886588, 40.803391532303813 ] } },
{ "type": "Feature", "properties": { "tang_id": 73432, "area_km2": 0.070296 }, "geometry": { "type": "Point", "coordinates": [ 109.265448669810993, 40.807906475058367 ] } },
{ "type": "Feature", "properties": { "tang_id": 73433, "area_km2": 0.008808 }, "geometry": { "type": "Point", "coordinates": [ 109.208217395907894, 40.773138495525544 ] } },
{ "type": "Feature", "properties": { "tang_id": 73434, "area_km2": 0.003153 }, "geometry": { "type": "Point", "coordinates": [ 109.193441160150087, 40.771921730451503 ] } },
{ "type": "Feature", "properties": { "tang_id": 73435, "area_km2": 0.008327 }, "geometry": { "type": "Point", "coordinates": [ 109.190977096724808, 40.771494971311206 ] } },
{ "type": "Feature", "properties": { "tang_id": 73436, "area_km2": 0.024878 }, "geometry": { "type": "Point", "coordinates": [ 109.184287795179515, 40.774409508797781 ] } },
{ "type": "Feature", "properties": { "tang_id": 73437, "area_km2": 0.006314 }, "geometry": { "type": "Point", "coordinates": [ 109.184841125830644, 40.775889480575167 ] } },
{ "type": "Feature", "properties": { "tang_id": 73438, "area_km2": 0.0033 }, "geometry": { "type": "Point", "coordinates": [ 109.186551622477154, 40.77702622066343 ] } },
{ "type": "Feature", "properties": { "tang_id": 73439, "area_km2": 0.003666 }, "geometry": { "type": "Point", "coordinates": [ 109.188308926966727, 40.777545098018479 ] } },
{ "type": "Feature", "properties": { "tang_id": 73440, "area_km2": 0.028125 }, "geometry": { "type": "Point", "coordinates": [ 109.16525553996297, 40.777076310562023 ] } },
{ "type": "Feature", "properties": { "tang_id": 73441, "area_km2": 0.003726 }, "geometry": { "type": "Point", "coordinates": [ 109.160237282036988, 40.776798116973332 ] } },
{ "type": "Feature", "properties": { "tang_id": 73442, "area_km2": 0.001144 }, "geometry": { "type": "Point", "coordinates": [ 109.15726468565434, 40.778083781352983 ] } },
{ "type": "Feature", "properties": { "tang_id": 73443, "area_km2": 0.004507 }, "geometry": { "type": "Point", "coordinates": [ 109.156680955361324, 40.776170589421298 ] } },
{ "type": "Feature", "properties": { "tang_id": 73444, "area_km2": 0.004805 }, "geometry": { "type": "Point", "coordinates": [ 109.154417675117017, 40.776329632514894 ] } },
{ "type": "Feature", "properties": { "tang_id": 73445, "area_km2": 0.005893 }, "geometry": { "type": "Point", "coordinates": [ 109.149175674833387, 40.778436562602984 ] } },
{ "type": "Feature", "properties": { "tang_id": 73446, "area_km2": 0.003045 }, "geometry": { "type": "Point", "coordinates": [ 109.140618328564557, 40.776420835304634 ] } },
{ "type": "Feature", "properties": { "tang_id": 73447, "area_km2": 0.00185 }, "geometry": { "type": "Point", "coordinates": [ 109.141998552493774, 40.775002596604281 ] } },
{ "type": "Feature", "properties": { "tang_id": 73448, "area_km2": 0.002914 }, "geometry": { "type": "Point", "coordinates": [ 109.142874405950607, 40.775261541149796 ] } },
{ "type": "Feature", "properties": { "tang_id": 73449, "area_km2": 0.003099 }, "geometry": { "type": "Point", "coordinates": [ 109.141628521720619, 40.775559475282833 ] } },
{ "type": "Feature", "properties": { "tang_id": 73450, "area_km2": 0.009635 }, "geometry": { "type": "Point", "coordinates": [ 109.138554868855167, 40.775342455736592 ] } },
{ "type": "Feature", "properties": { "tang_id": 73451, "area_km2": 0.026543 }, "geometry": { "type": "Point", "coordinates": [ 109.142748260784671, 40.77334927610746 ] } },
{ "type": "Feature", "properties": { "tang_id": 73452, "area_km2": 0.629189 }, "geometry": { "type": "Point", "coordinates": [ 109.134030543873081, 40.767664658301591 ] } },
{ "type": "Feature", "properties": { "tang_id": 73453, "area_km2": 0.302551 }, "geometry": { "type": "Point", "coordinates": [ 109.140147035319401, 40.762210969907493 ] } },
{ "type": "Feature", "properties": { "tang_id": 73454, "area_km2": 0.066727 }, "geometry": { "type": "Point", "coordinates": [ 109.139731718921794, 40.754718506012836 ] } },
{ "type": "Feature", "properties": { "tang_id": 73455, "area_km2": 0.008474 }, "geometry": { "type": "Point", "coordinates": [ 109.137545031248294, 40.757134686042406 ] } },
{ "type": "Feature", "properties": { "tang_id": 73456, "area_km2": 0.035593 }, "geometry": { "type": "Point", "coordinates": [ 109.135514399629841, 40.756169844103368 ] } },
{ "type": "Feature", "properties": { "tang_id": 73457, "area_km2": 0.025938 }, "geometry": { "type": "Point", "coordinates": [ 109.148371142225841, 40.758645079563507 ] } },
{ "type": "Feature", "properties": { "tang_id": 73458, "area_km2": 0.033644 }, "geometry": { "type": "Point", "coordinates": [ 109.14456763507664, 40.758283611277328 ] } },
{ "type": "Feature", "properties": { "tang_id": 73459, "area_km2": 0.077387 }, "geometry": { "type": "Point", "coordinates": [ 109.117723394597249, 40.760130165637783 ] } },
{ "type": "Feature", "properties": { "tang_id": 73460, "area_km2": 0.051884 }, "geometry": { "type": "Point", "coordinates": [ 109.116649591403331, 40.763048878702214 ] } },
{ "type": "Feature", "properties": { "tang_id": 73461, "area_km2": 0.040707 }, "geometry": { "type": "Point", "coordinates": [ 109.113314994992763, 40.764367545812661 ] } },
{ "type": "Feature", "properties": { "tang_id": 73462, "area_km2": 0.051992 }, "geometry": { "type": "Point", "coordinates": [ 109.128673886384959, 40.772363979239465 ] } },
{ "type": "Feature", "properties": { "tang_id": 73463, "area_km2": 0.002556 }, "geometry": { "type": "Point", "coordinates": [ 109.131075261873519, 40.773147317818292 ] } },
{ "type": "Feature", "properties": { "tang_id": 73464, "area_km2": 0.014708 }, "geometry": { "type": "Point", "coordinates": [ 109.125371569646248, 40.769924724127328 ] } },
{ "type": "Feature", "properties": { "tang_id": 73465, "area_km2": 0.032906 }, "geometry": { "type": "Point", "coordinates": [ 109.122712290207971, 40.769256900443949 ] } },
{ "type": "Feature", "properties": { "tang_id": 73466, "area_km2": 0.007664 }, "geometry": { "type": "Point", "coordinates": [ 109.119269820253919, 40.770162202803483 ] } },
{ "type": "Feature", "properties": { "tang_id": 73467, "area_km2": 0.01274 }, "geometry": { "type": "Point", "coordinates": [ 109.120889065055692, 40.771626475557525 ] } },
{ "type": "Feature", "properties": { "tang_id": 73468, "area_km2": 0.009917 }, "geometry": { "type": "Point", "coordinates": [ 109.123369096334471, 40.771002624532869 ] } },
{ "type": "Feature", "properties": { "tang_id": 73469, "area_km2": 0.027936 }, "geometry": { "type": "Point", "coordinates": [ 109.117685475106541, 40.767993315495048 ] } },
{ "type": "Feature", "properties": { "tang_id": 73470, "area_km2": 0.004822 }, "geometry": { "type": "Point", "coordinates": [ 109.119488730380212, 40.767031691655312 ] } },
{ "type": "Feature", "properties": { "tang_id": 73471, "area_km2": 0.020031 }, "geometry": { "type": "Point", "coordinates": [ 109.121060734188816, 40.765805898778929 ] } },
{ "type": "Feature", "properties": { "tang_id": 73472, "area_km2": 0.051375 }, "geometry": { "type": "Point", "coordinates": [ 109.132021233898882, 40.763304711940833 ] } },
{ "type": "Feature", "properties": { "tang_id": 73473, "area_km2": 0.031411 }, "geometry": { "type": "Point", "coordinates": [ 109.126372750635355, 40.758603097397256 ] } },
{ "type": "Feature", "properties": { "tang_id": 73474, "area_km2": 0.051256 }, "geometry": { "type": "Point", "coordinates": [ 109.123263390207114, 40.756716697150431 ] } },
{ "type": "Feature", "properties": { "tang_id": 73475, "area_km2": 0.108197 }, "geometry": { "type": "Point", "coordinates": [ 109.112891324733553, 40.759161506349422 ] } },
{ "type": "Feature", "properties": { "tang_id": 73476, "area_km2": 0.108007 }, "geometry": { "type": "Point", "coordinates": [ 109.119369163261439, 40.754243399240124 ] } },
{ "type": "Feature", "properties": { "tang_id": 73477, "area_km2": 0.03263 }, "geometry": { "type": "Point", "coordinates": [ 109.115293542834451, 40.754953866529171 ] } },
{ "type": "Feature", "properties": { "tang_id": 73478, "area_km2": 0.165349 }, "geometry": { "type": "Point", "coordinates": [ 109.029773233932985, 40.761973258169391 ] } },
{ "type": "Feature", "properties": { "tang_id": 73479, "area_km2": 0.015931 }, "geometry": { "type": "Point", "coordinates": [ 109.023791188186607, 40.764129494656231 ] } },
{ "type": "Feature", "properties": { "tang_id": 73480, "area_km2": 0.043284 }, "geometry": { "type": "Point", "coordinates": [ 109.038168893375001, 40.759408175473126 ] } },
{ "type": "Feature", "properties": { "tang_id": 73481, "area_km2": 0.014768 }, "geometry": { "type": "Point", "coordinates": [ 109.041686172175119, 40.757396778559489 ] } },
{ "type": "Feature", "properties": { "tang_id": 73482, "area_km2": 0.013027 }, "geometry": { "type": "Point", "coordinates": [ 109.048284261532856, 40.757638681292832 ] } },
{ "type": "Feature", "properties": { "tang_id": 73483, "area_km2": 0.00672 }, "geometry": { "type": "Point", "coordinates": [ 109.059226022383555, 40.75503351371313 ] } },
{ "type": "Feature", "properties": { "tang_id": 73484, "area_km2": 0.011823 }, "geometry": { "type": "Point", "coordinates": [ 109.05655095298421, 40.755819838130577 ] } },
{ "type": "Feature", "properties": { "tang_id": 73485, "area_km2": 0.007071 }, "geometry": { "type": "Point", "coordinates": [ 109.055679039943101, 40.756575196167127 ] } },
{ "type": "Feature", "properties": { "tang_id": 73486, "area_km2": 0.009791 }, "geometry": { "type": "Point", "coordinates": [ 109.052155011267303, 40.75742815024504 ] } },
{ "type": "Feature", "properties": { "tang_id": 73487, "area_km2": 0.005029 }, "geometry": { "type": "Point", "coordinates": [ 109.050075730797474, 40.758257916125928 ] } },
{ "type": "Feature", "properties": { "tang_id": 73488, "area_km2": 0.015218 }, "geometry": { "type": "Point", "coordinates": [ 109.045605293469407, 40.758043630531702 ] } },
{ "type": "Feature", "properties": { "tang_id": 73489, "area_km2": 0.01774 }, "geometry": { "type": "Point", "coordinates": [ 109.04199939396689, 40.759729577440879 ] } },
{ "type": "Feature", "properties": { "tang_id": 73490, "area_km2": 0.002895 }, "geometry": { "type": "Point", "coordinates": [ 109.042284421189549, 40.758516774046278 ] } },
{ "type": "Feature", "properties": { "tang_id": 73491, "area_km2": 0.007188 }, "geometry": { "type": "Point", "coordinates": [ 109.036105595914492, 40.761102204001617 ] } },
{ "type": "Feature", "properties": { "tang_id": 73492, "area_km2": 0.00147 }, "geometry": { "type": "Point", "coordinates": [ 109.032440764941484, 40.763435439583212 ] } },
{ "type": "Feature", "properties": { "tang_id": 73493, "area_km2": 0.02348 }, "geometry": { "type": "Point", "coordinates": [ 109.014769983937597, 40.760788566898398 ] } },
{ "type": "Feature", "properties": { "tang_id": 73494, "area_km2": 0.004778 }, "geometry": { "type": "Point", "coordinates": [ 109.012503756871055, 40.760843530970931 ] } },
{ "type": "Feature", "properties": { "tang_id": 73495, "area_km2": 0.025777 }, "geometry": { "type": "Point", "coordinates": [ 109.009310230415821, 40.761930279637475 ] } },
{ "type": "Feature", "properties": { "tang_id": 73496, "area_km2": 0.060396 }, "geometry": { "type": "Point", "coordinates": [ 109.008134457388095, 40.764808999471398 ] } },
{ "type": "Feature", "properties": { "tang_id": 73497, "area_km2": 0.030977 }, "geometry": { "type": "Point", "coordinates": [ 109.00446169457102, 40.765837627904922 ] } },
{ "type": "Feature", "properties": { "tang_id": 73498, "area_km2": 0.00109 }, "geometry": { "type": "Point", "coordinates": [ 109.010891561797052, 40.76474997044317 ] } },
{ "type": "Feature", "properties": { "tang_id": 73499, "area_km2": 0.016987 }, "geometry": { "type": "Point", "coordinates": [ 109.012978830086979, 40.765360500723574 ] } },
{ "type": "Feature", "properties": { "tang_id": 73500, "area_km2": 0.003373 }, "geometry": { "type": "Point", "coordinates": [ 109.009816318478585, 40.766692884092905 ] } },
{ "type": "Feature", "properties": { "tang_id": 73501, "area_km2": 7.670634 }, "geometry": { "type": "Point", "coordinates": [ 108.741224565524277, 40.658086197905682 ] } },
{ "type": "Feature", "properties": { "tang_id": 73502, "area_km2": 0.177143 }, "geometry": { "type": "Point", "coordinates": [ 108.800263273729087, 40.652531795789152 ] } },
{ "type": "Feature", "properties": { "tang_id": 73503, "area_km2": 0.059298 }, "geometry": { "type": "Point", "coordinates": [ 108.793359064114952, 40.654719220907964 ] } },
{ "type": "Feature", "properties": { "tang_id": 73504, "area_km2": 2.705611 }, "geometry": { "type": "Point", "coordinates": [ 109.995284079900188, 40.361837672656193 ] } },
{ "type": "Feature", "properties": { "tang_id": 73505, "area_km2": 6.001149 }, "geometry": { "type": "Point", "coordinates": [ 109.742272655692872, 40.653300161541033 ] } },
{ "type": "Feature", "properties": { "tang_id": 73506, "area_km2": 0.357406 }, "geometry": { "type": "Point", "coordinates": [ 109.654177139705567, 40.656461913959141 ] } },
{ "type": "Feature", "properties": { "tang_id": 73507, "area_km2": 0.196532 }, "geometry": { "type": "Point", "coordinates": [ 109.26901562858302, 41.827198061066916 ] } },
{ "type": "Feature", "properties": { "tang_id": 73508, "area_km2": 0.103312 }, "geometry": { "type": "Point", "coordinates": [ 109.294017719512738, 41.819093046739894 ] } },
{ "type": "Feature", "properties": { "tang_id": 73509, "area_km2": 0.072477 }, "geometry": { "type": "Point", "coordinates": [ 110.049778926879029, 41.732819720810646 ] } },
{ "type": "Feature", "properties": { "tang_id": 73510, "area_km2": 0.613059 }, "geometry": { "type": "Point", "coordinates": [ 110.03675581066291, 41.788696653943006 ] } },
{ "type": "Feature", "properties": { "tang_id": 73511, "area_km2": 0.07897 }, "geometry": { "type": "Point", "coordinates": [ 110.080571393181827, 41.844840390318211 ] } },
{ "type": "Feature", "properties": { "tang_id": 73512, "area_km2": 0.009642 }, "geometry": { "type": "Point", "coordinates": [ 110.080965810028161, 41.850238217952295 ] } },
{ "type": "Feature", "properties": { "tang_id": 73513, "area_km2": 0.927521 }, "geometry": { "type": "Point", "coordinates": [ 110.123611204772331, 41.993553848154555 ] } },
{ "type": "Feature", "properties": { "tang_id": 73514, "area_km2": 0.168886 }, "geometry": { "type": "Point", "coordinates": [ 110.197003710248609, 41.995417164278351 ] } },
{ "type": "Feature", "properties": { "tang_id": 73515, "area_km2": 0.042672 }, "geometry": { "type": "Point", "coordinates": [ 110.192759484623124, 42.000149045758278 ] } },
{ "type": "Feature", "properties": { "tang_id": 73516, "area_km2": 0.008311 }, "geometry": { "type": "Point", "coordinates": [ 110.195458327925024, 42.000007598502641 ] } },
{ "type": "Feature", "properties": { "tang_id": 73517, "area_km2": 0.017014 }, "geometry": { "type": "Point", "coordinates": [ 110.188717991385928, 41.999720694473744 ] } },
{ "type": "Feature", "properties": { "tang_id": 73518, "area_km2": 0.027511 }, "geometry": { "type": "Point", "coordinates": [ 110.189769196867758, 41.997420105773607 ] } },
{ "type": "Feature", "properties": { "tang_id": 73519, "area_km2": 0.013275 }, "geometry": { "type": "Point", "coordinates": [ 110.191201840957731, 41.995641293877618 ] } },
{ "type": "Feature", "properties": { "tang_id": 73520, "area_km2": 0.147223 }, "geometry": { "type": "Point", "coordinates": [ 110.191418378046919, 41.993375489569019 ] } },
{ "type": "Feature", "properties": { "tang_id": 73521, "area_km2": 0.011319 }, "geometry": { "type": "Point", "coordinates": [ 110.192666707968826, 41.99057301141135 ] } },
{ "type": "Feature", "properties": { "tang_id": 73522, "area_km2": 0.009713 }, "geometry": { "type": "Point", "coordinates": [ 110.204678117647873, 41.995878791776327 ] } },
{ "type": "Feature", "properties": { "tang_id": 73523, "area_km2": 0.096643 }, "geometry": { "type": "Point", "coordinates": [ 110.20366441560914, 42.000918727572639 ] } },
{ "type": "Feature", "properties": { "tang_id": 73524, "area_km2": 0.004684 }, "geometry": { "type": "Point", "coordinates": [ 110.205784721161265, 41.997102845055984 ] } },
{ "type": "Feature", "properties": { "tang_id": 73525, "area_km2": 0.013003 }, "geometry": { "type": "Point", "coordinates": [ 110.212977698231285, 41.996055899891317 ] } },
{ "type": "Feature", "properties": { "tang_id": 73526, "area_km2": 0.001931 }, "geometry": { "type": "Point", "coordinates": [ 110.212881721928014, 41.995227497191991 ] } },
{ "type": "Feature", "properties": { "tang_id": 73527, "area_km2": 0.007117 }, "geometry": { "type": "Point", "coordinates": [ 110.218288260989581, 41.994907468435969 ] } },
{ "type": "Feature", "properties": { "tang_id": 73529, "area_km2": 0.025207 }, "geometry": { "type": "Point", "coordinates": [ 110.227475245395439, 41.991350465926025 ] } },
{ "type": "Feature", "properties": { "tang_id": 73530, "area_km2": 2.016182 }, "geometry": { "type": "Point", "coordinates": [ 110.251371933958808, 41.995551677974284 ] } },
{ "type": "Feature", "properties": { "tang_id": 73531, "area_km2": 0.071358 }, "geometry": { "type": "Point", "coordinates": [ 110.233525206196333, 41.999108606666596 ] } },
{ "type": "Feature", "properties": { "tang_id": 73532, "area_km2": 0.024286 }, "geometry": { "type": "Point", "coordinates": [ 110.24102005891956, 42.002116080853781 ] } },
{ "type": "Feature", "properties": { "tang_id": 73533, "area_km2": 0.063737 }, "geometry": { "type": "Point", "coordinates": [ 110.271314934396798, 41.991716491377055 ] } },
{ "type": "Feature", "properties": { "tang_id": 73534, "area_km2": 0.414989 }, "geometry": { "type": "Point", "coordinates": [ 110.247761536714393, 41.98999441288214 ] } },
{ "type": "Feature", "properties": { "tang_id": 73535, "area_km2": 0.01639 }, "geometry": { "type": "Point", "coordinates": [ 110.227271615695912, 41.98654946852578 ] } },
{ "type": "Feature", "properties": { "tang_id": 73536, "area_km2": 0.006738 }, "geometry": { "type": "Point", "coordinates": [ 110.222715151232393, 41.989271043575634 ] } },
{ "type": "Feature", "properties": { "tang_id": 73538, "area_km2": 0.001022 }, "geometry": { "type": "Point", "coordinates": [ 110.222670361285395, 41.988074603500387 ] } },
{ "type": "Feature", "properties": { "tang_id": 73541, "area_km2": 0.064654 }, "geometry": { "type": "Point", "coordinates": [ 110.17045763419506, 41.938688460075525 ] } },
{ "type": "Feature", "properties": { "tang_id": 73542, "area_km2": 0.143797 }, "geometry": { "type": "Point", "coordinates": [ 110.115437690931742, 41.971429053750832 ] } },
{ "type": "Feature", "properties": { "tang_id": 73543, "area_km2": 0.148579 }, "geometry": { "type": "Point", "coordinates": [ 109.943872253723711, 42.001976712580202 ] } },
{ "type": "Feature", "properties": { "tang_id": 73544, "area_km2": 0.061112 }, "geometry": { "type": "Point", "coordinates": [ 109.944174590249503, 42.004973264746532 ] } },
{ "type": "Feature", "properties": { "tang_id": 73545, "area_km2": 0.071373 }, "geometry": { "type": "Point", "coordinates": [ 109.938920894930746, 42.006573322851075 ] } },
{ "type": "Feature", "properties": { "tang_id": 73546, "area_km2": 0.019179 }, "geometry": { "type": "Point", "coordinates": [ 109.957899660339933, 42.005598549860544 ] } },
{ "type": "Feature", "properties": { "tang_id": 73547, "area_km2": 0.002083 }, "geometry": { "type": "Point", "coordinates": [ 109.958030678499327, 42.0044632026949 ] } },
{ "type": "Feature", "properties": { "tang_id": 73548, "area_km2": 0.004362 }, "geometry": { "type": "Point", "coordinates": [ 109.912269728902473, 41.997085644940277 ] } },
{ "type": "Feature", "properties": { "tang_id": 73549, "area_km2": 0.009568 }, "geometry": { "type": "Point", "coordinates": [ 109.912344328419763, 41.99841516849861 ] } },
{ "type": "Feature", "properties": { "tang_id": 73550, "area_km2": 0.00225 }, "geometry": { "type": "Point", "coordinates": [ 109.913993214878161, 41.998570517565085 ] } },
{ "type": "Feature", "properties": { "tang_id": 73551, "area_km2": 0.701747 }, "geometry": { "type": "Point", "coordinates": [ 109.913122403816317, 42.004523434394542 ] } },
{ "type": "Feature", "properties": { "tang_id": 73552, "area_km2": 0.143511 }, "geometry": { "type": "Point", "coordinates": [ 110.07980184407451, 41.974091696155362 ] } },
{ "type": "Feature", "properties": { "tang_id": 73553, "area_km2": 0.017641 }, "geometry": { "type": "Point", "coordinates": [ 110.106568983820992, 41.979578119217386 ] } },
{ "type": "Feature", "properties": { "tang_id": 73554, "area_km2": 0.007439 }, "geometry": { "type": "Point", "coordinates": [ 110.107377200101524, 41.978104461553066 ] } },
{ "type": "Feature", "properties": { "tang_id": 73555, "area_km2": 0.009233 }, "geometry": { "type": "Point", "coordinates": [ 110.10675196865769, 41.988568034125329 ] } },
{ "type": "Feature", "properties": { "tang_id": 73556, "area_km2": 0.312417 }, "geometry": { "type": "Point", "coordinates": [ 110.204381715417369, 42.027602691946186 ] } },
{ "type": "Feature", "properties": { "tang_id": 73557, "area_km2": 0.010786 }, "geometry": { "type": "Point", "coordinates": [ 110.209670945231451, 42.028760649056395 ] } },
{ "type": "Feature", "properties": { "tang_id": 73558, "area_km2": 0.023212 }, "geometry": { "type": "Point", "coordinates": [ 110.220529879899303, 42.027021840013632 ] } },
{ "type": "Feature", "properties": { "tang_id": 73559, "area_km2": 0.544312 }, "geometry": { "type": "Point", "coordinates": [ 110.344072255742716, 42.135079226831216 ] } },
{ "type": "Feature", "properties": { "tang_id": 73560, "area_km2": 0.102679 }, "geometry": { "type": "Point", "coordinates": [ 110.35264359798208, 42.130188872370802 ] } },
{ "type": "Feature", "properties": { "tang_id": 73561, "area_km2": 0.606383 }, "geometry": { "type": "Point", "coordinates": [ 110.379043448800616, 42.121941001937564 ] } },
{ "type": "Feature", "properties": { "tang_id": 73562, "area_km2": 0.001951 }, "geometry": { "type": "Point", "coordinates": [ 110.385795362049279, 42.120403300945526 ] } },
{ "type": "Feature", "properties": { "tang_id": 73563, "area_km2": 0.077671 }, "geometry": { "type": "Point", "coordinates": [ 110.368215657986866, 42.121949140200762 ] } },
{ "type": "Feature", "properties": { "tang_id": 73564, "area_km2": 0.009413 }, "geometry": { "type": "Point", "coordinates": [ 110.374512839417562, 42.125542145944046 ] } },
{ "type": "Feature", "properties": { "tang_id": 73565, "area_km2": 0.018082 }, "geometry": { "type": "Point", "coordinates": [ 110.386070067645662, 42.12692654607352 ] } },
{ "type": "Feature", "properties": { "tang_id": 73566, "area_km2": 0.001729 }, "geometry": { "type": "Point", "coordinates": [ 110.385101924352767, 42.12587022237679 ] } },
{ "type": "Feature", "properties": { "tang_id": 73568, "area_km2": 0.033207 }, "geometry": { "type": "Point", "coordinates": [ 110.385254260807415, 42.128977316183615 ] } },
{ "type": "Feature", "properties": { "tang_id": 73569, "area_km2": 0.001279 }, "geometry": { "type": "Point", "coordinates": [ 110.387095959944631, 42.129807332084056 ] } },
{ "type": "Feature", "properties": { "tang_id": 73570, "area_km2": 0.00227 }, "geometry": { "type": "Point", "coordinates": [ 110.383985346726476, 42.130032690883255 ] } },
{ "type": "Feature", "properties": { "tang_id": 73571, "area_km2": 0.003547 }, "geometry": { "type": "Point", "coordinates": [ 110.381723435740625, 42.13025238908525 ] } },
{ "type": "Feature", "properties": { "tang_id": 73572, "area_km2": 0.001193 }, "geometry": { "type": "Point", "coordinates": [ 110.385049583368101, 42.131656702111179 ] } },
{ "type": "Feature", "properties": { "tang_id": 73573, "area_km2": 0.002981 }, "geometry": { "type": "Point", "coordinates": [ 110.385977962354744, 42.133577130425429 ] } },
{ "type": "Feature", "properties": { "tang_id": 73574, "area_km2": 0.109523 }, "geometry": { "type": "Point", "coordinates": [ 110.38903652029056, 42.132110130055928 ] } },
{ "type": "Feature", "properties": { "tang_id": 73575, "area_km2": 0.240545 }, "geometry": { "type": "Point", "coordinates": [ 110.418681667409444, 42.129582846683469 ] } },
{ "type": "Feature", "properties": { "tang_id": 73576, "area_km2": 0.563692 }, "geometry": { "type": "Point", "coordinates": [ 110.462903450800468, 42.14346448474825 ] } },
{ "type": "Feature", "properties": { "tang_id": 73577, "area_km2": 0.041543 }, "geometry": { "type": "Point", "coordinates": [ 110.322661881462651, 42.118920775867984 ] } },
{ "type": "Feature", "properties": { "tang_id": 73578, "area_km2": 0.001943 }, "geometry": { "type": "Point", "coordinates": [ 110.3197972479486, 42.118583143158823 ] } },
{ "type": "Feature", "properties": { "tang_id": 73579, "area_km2": 0.022803 }, "geometry": { "type": "Point", "coordinates": [ 110.326210370380849, 42.12505076070272 ] } },
{ "type": "Feature", "properties": { "tang_id": 73580, "area_km2": 0.008677 }, "geometry": { "type": "Point", "coordinates": [ 110.318516959218243, 42.123382749028089 ] } },
{ "type": "Feature", "properties": { "tang_id": 73581, "area_km2": 0.001128 }, "geometry": { "type": "Point", "coordinates": [ 110.319063434297931, 42.125569032242957 ] } },
{ "type": "Feature", "properties": { "tang_id": 73583, "area_km2": 0.097994 }, "geometry": { "type": "Point", "coordinates": [ 110.314309155717112, 42.119192638530592 ] } },
{ "type": "Feature", "properties": { "tang_id": 73584, "area_km2": 0.001931 }, "geometry": { "type": "Point", "coordinates": [ 110.312079699094667, 42.123021096332323 ] } },
{ "type": "Feature", "properties": { "tang_id": 73585, "area_km2": 0.016912 }, "geometry": { "type": "Point", "coordinates": [ 110.31062432028898, 42.123745695931198 ] } },
{ "type": "Feature", "properties": { "tang_id": 73592, "area_km2": 0.001623 }, "geometry": { "type": "Point", "coordinates": [ 110.311290738080274, 42.121852986455558 ] } },
{ "type": "Feature", "properties": { "tang_id": 73594, "area_km2": 0.002041 }, "geometry": { "type": "Point", "coordinates": [ 110.310360094921009, 42.121590939117276 ] } },
{ "type": "Feature", "properties": { "tang_id": 73597, "area_km2": 0.026814 }, "geometry": { "type": "Point", "coordinates": [ 110.308337543114391, 42.125439275402357 ] } },
{ "type": "Feature", "properties": { "tang_id": 73598, "area_km2": 0.010455 }, "geometry": { "type": "Point", "coordinates": [ 110.308386585932254, 42.126807094341906 ] } },
{ "type": "Feature", "properties": { "tang_id": 73599, "area_km2": 0.001666 }, "geometry": { "type": "Point", "coordinates": [ 110.311449852078155, 42.128845375188199 ] } },
{ "type": "Feature", "properties": { "tang_id": 73603, "area_km2": 0.075896 }, "geometry": { "type": "Point", "coordinates": [ 110.310290821907415, 42.130663746816829 ] } },
{ "type": "Feature", "properties": { "tang_id": 73604, "area_km2": 0.002622 }, "geometry": { "type": "Point", "coordinates": [ 110.308601941294995, 42.131429684578222 ] } },
{ "type": "Feature", "properties": { "tang_id": 73605, "area_km2": 0.00161 }, "geometry": { "type": "Point", "coordinates": [ 110.305550008868451, 42.132739349427148 ] } },
{ "type": "Feature", "properties": { "tang_id": 73610, "area_km2": 0.196621 }, "geometry": { "type": "Point", "coordinates": [ 110.701086012796196, 41.892924246512173 ] } },
{ "type": "Feature", "properties": { "tang_id": 73611, "area_km2": 0.073834 }, "geometry": { "type": "Point", "coordinates": [ 110.995520443377458, 42.278646699367762 ] } },
{ "type": "Feature", "properties": { "tang_id": 73612, "area_km2": 0.015484 }, "geometry": { "type": "Point", "coordinates": [ 110.987818633903885, 42.280654189670159 ] } },
{ "type": "Feature", "properties": { "tang_id": 73613, "area_km2": 0.066383 }, "geometry": { "type": "Point", "coordinates": [ 110.985301962356175, 42.309937403244014 ] } },
{ "type": "Feature", "properties": { "tang_id": 73614, "area_km2": 0.019855 }, "geometry": { "type": "Point", "coordinates": [ 110.981829203030216, 42.310295448187595 ] } },
{ "type": "Feature", "properties": { "tang_id": 73615, "area_km2": 0.129734 }, "geometry": { "type": "Point", "coordinates": [ 110.574974533134323, 41.638762256311509 ] } },
{ "type": "Feature", "properties": { "tang_id": 73616, "area_km2": 0.027602 }, "geometry": { "type": "Point", "coordinates": [ 110.571779714249018, 41.641065814463467 ] } },
{ "type": "Feature", "properties": { "tang_id": 73617, "area_km2": 0.002435 }, "geometry": { "type": "Point", "coordinates": [ 110.573047954258641, 41.64190249118483 ] } },
{ "type": "Feature", "properties": { "tang_id": 73618, "area_km2": 0.008332 }, "geometry": { "type": "Point", "coordinates": [ 110.568859437819953, 41.641937885434814 ] } },
{ "type": "Feature", "properties": { "tang_id": 73619, "area_km2": 0.031142 }, "geometry": { "type": "Point", "coordinates": [ 110.56505336806093, 41.642408400767359 ] } },
{ "type": "Feature", "properties": { "tang_id": 73620, "area_km2": 0.002018 }, "geometry": { "type": "Point", "coordinates": [ 110.563053988779671, 41.642127359835413 ] } },
{ "type": "Feature", "properties": { "tang_id": 73621, "area_km2": 0.477364 }, "geometry": { "type": "Point", "coordinates": [ 110.220068162651913, 41.367870901397922 ] } },
{ "type": "Feature", "properties": { "tang_id": 73622, "area_km2": 0.763511 }, "geometry": { "type": "Point", "coordinates": [ 110.212775975709519, 41.379390414758959 ] } },
{ "type": "Feature", "properties": { "tang_id": 73623, "area_km2": 0.537543 }, "geometry": { "type": "Point", "coordinates": [ 110.19846313495222, 41.388772468260463 ] } },
{ "type": "Feature", "properties": { "tang_id": 73624, "area_km2": 0.076606 }, "geometry": { "type": "Point", "coordinates": [ 110.213096033130086, 41.388353765362972 ] } },
{ "type": "Feature", "properties": { "tang_id": 73625, "area_km2": 0.044342 }, "geometry": { "type": "Point", "coordinates": [ 110.16839282687981, 41.365587566706722 ] } },
{ "type": "Feature", "properties": { "tang_id": 73626, "area_km2": 0.022669 }, "geometry": { "type": "Point", "coordinates": [ 110.16578717142707, 41.370697806015805 ] } },
{ "type": "Feature", "properties": { "tang_id": 73627, "area_km2": 0.080811 }, "geometry": { "type": "Point", "coordinates": [ 110.160226040399536, 41.370132067010154 ] } },
{ "type": "Feature", "properties": { "tang_id": 73628, "area_km2": 0.069881 }, "geometry": { "type": "Point", "coordinates": [ 110.149385436363119, 41.37211657379828 ] } },
{ "type": "Feature", "properties": { "tang_id": 73629, "area_km2": 0.224699 }, "geometry": { "type": "Point", "coordinates": [ 110.062702410562892, 41.404472679985389 ] } },
{ "type": "Feature", "properties": { "tang_id": 73630, "area_km2": 0.042216 }, "geometry": { "type": "Point", "coordinates": [ 110.062552036041424, 41.407220372235933 ] } },
{ "type": "Feature", "properties": { "tang_id": 73631, "area_km2": 0.140435 }, "geometry": { "type": "Point", "coordinates": [ 110.019939398737137, 41.432652358297162 ] } },
{ "type": "Feature", "properties": { "tang_id": 73632, "area_km2": 0.094013 }, "geometry": { "type": "Point", "coordinates": [ 109.984416385085112, 41.454987982554037 ] } },
{ "type": "Feature", "properties": { "tang_id": 73633, "area_km2": 0.151265 }, "geometry": { "type": "Point", "coordinates": [ 110.018942312140538, 41.461771171248294 ] } },
{ "type": "Feature", "properties": { "tang_id": 73634, "area_km2": 0.246132 }, "geometry": { "type": "Point", "coordinates": [ 109.928402692774071, 41.455498005028133 ] } },
{ "type": "Feature", "properties": { "tang_id": 73635, "area_km2": 0.283493 }, "geometry": { "type": "Point", "coordinates": [ 109.920370878511136, 41.463855758529398 ] } },
{ "type": "Feature", "properties": { "tang_id": 73636, "area_km2": 0.006922 }, "geometry": { "type": "Point", "coordinates": [ 109.913509888641741, 41.462737601151986 ] } },
{ "type": "Feature", "properties": { "tang_id": 73637, "area_km2": 0.05669 }, "geometry": { "type": "Point", "coordinates": [ 109.933954824941623, 41.483060249568574 ] } },
{ "type": "Feature", "properties": { "tang_id": 73638, "area_km2": 0.024406 }, "geometry": { "type": "Point", "coordinates": [ 109.912513644472185, 41.504769081994347 ] } },
{ "type": "Feature", "properties": { "tang_id": 73639, "area_km2": 0.002057 }, "geometry": { "type": "Point", "coordinates": [ 109.914552355758119, 41.50560076941052 ] } },
{ "type": "Feature", "properties": { "tang_id": 73640, "area_km2": 0.001921 }, "geometry": { "type": "Point", "coordinates": [ 109.915698988892103, 41.505685752130098 ] } },
{ "type": "Feature", "properties": { "tang_id": 73641, "area_km2": 0.001273 }, "geometry": { "type": "Point", "coordinates": [ 109.915883422416883, 41.505399914711091 ] } },
{ "type": "Feature", "properties": { "tang_id": 73643, "area_km2": 0.231242 }, "geometry": { "type": "Point", "coordinates": [ 109.89979708540497, 41.511408779368629 ] } },
{ "type": "Feature", "properties": { "tang_id": 73644, "area_km2": 0.037839 }, "geometry": { "type": "Point", "coordinates": [ 109.903879385420453, 41.509452130330409 ] } },
{ "type": "Feature", "properties": { "tang_id": 73645, "area_km2": 0.011104 }, "geometry": { "type": "Point", "coordinates": [ 109.889078162114089, 41.506227183155403 ] } },
{ "type": "Feature", "properties": { "tang_id": 73646, "area_km2": 0.003105 }, "geometry": { "type": "Point", "coordinates": [ 109.890252650316114, 41.504689722586583 ] } },
{ "type": "Feature", "properties": { "tang_id": 73647, "area_km2": 0.004536 }, "geometry": { "type": "Point", "coordinates": [ 109.891560345120283, 41.5043828172358 ] } },
{ "type": "Feature", "properties": { "tang_id": 73648, "area_km2": 0.001681 }, "geometry": { "type": "Point", "coordinates": [ 109.890510912534594, 41.503863081783678 ] } },
{ "type": "Feature", "properties": { "tang_id": 73649, "area_km2": 0.004118 }, "geometry": { "type": "Point", "coordinates": [ 109.891387157331465, 41.503437478938444 ] } },
{ "type": "Feature", "properties": { "tang_id": 73650, "area_km2": 0.006735 }, "geometry": { "type": "Point", "coordinates": [ 109.892502847737077, 41.502687295781584 ] } },
{ "type": "Feature", "properties": { "tang_id": 73651, "area_km2": 0.005306 }, "geometry": { "type": "Point", "coordinates": [ 109.894353998086629, 41.502532960849209 ] } },
{ "type": "Feature", "properties": { "tang_id": 73652, "area_km2": 0.005119 }, "geometry": { "type": "Point", "coordinates": [ 109.892777518226552, 41.503468633158029 ] } },
{ "type": "Feature", "properties": { "tang_id": 73653, "area_km2": 0.003537 }, "geometry": { "type": "Point", "coordinates": [ 109.888893286647402, 41.509473020733054 ] } },
{ "type": "Feature", "properties": { "tang_id": 73654, "area_km2": 0.002504 }, "geometry": { "type": "Point", "coordinates": [ 109.877532645562255, 41.507202975063926 ] } },
{ "type": "Feature", "properties": { "tang_id": 73655, "area_km2": 0.053217 }, "geometry": { "type": "Point", "coordinates": [ 109.843714191731962, 41.506393450508135 ] } },
{ "type": "Feature", "properties": { "tang_id": 73656, "area_km2": 0.330285 }, "geometry": { "type": "Point", "coordinates": [ 109.842424620516979, 41.482220024231417 ] } },
{ "type": "Feature", "properties": { "tang_id": 73657, "area_km2": 0.007388 }, "geometry": { "type": "Point", "coordinates": [ 109.85122629531584, 41.488318684615237 ] } },
{ "type": "Feature", "properties": { "tang_id": 73658, "area_km2": 0.035528 }, "geometry": { "type": "Point", "coordinates": [ 109.848500519843412, 41.488209981307612 ] } },
{ "type": "Feature", "properties": { "tang_id": 73659, "area_km2": 0.00703 }, "geometry": { "type": "Point", "coordinates": [ 109.850701045439607, 41.486709096093449 ] } },
{ "type": "Feature", "properties": { "tang_id": 73660, "area_km2": 0.014954 }, "geometry": { "type": "Point", "coordinates": [ 109.832338771666826, 41.489082417027966 ] } },
{ "type": "Feature", "properties": { "tang_id": 73661, "area_km2": 0.007384 }, "geometry": { "type": "Point", "coordinates": [ 109.831568866501655, 41.487923898029592 ] } },
{ "type": "Feature", "properties": { "tang_id": 73662, "area_km2": 0.003978 }, "geometry": { "type": "Point", "coordinates": [ 109.828609023710982, 41.485970531265203 ] } },
{ "type": "Feature", "properties": { "tang_id": 73663, "area_km2": 0.006993 }, "geometry": { "type": "Point", "coordinates": [ 109.830314419541907, 41.484994299382464 ] } },
{ "type": "Feature", "properties": { "tang_id": 73664, "area_km2": 0.004746 }, "geometry": { "type": "Point", "coordinates": [ 109.830122421834375, 41.484129910303217 ] } },
{ "type": "Feature", "properties": { "tang_id": 73665, "area_km2": 0.771723 }, "geometry": { "type": "Point", "coordinates": [ 109.822441360381632, 41.477866713437244 ] } },
{ "type": "Feature", "properties": { "tang_id": 73666, "area_km2": 0.27176 }, "geometry": { "type": "Point", "coordinates": [ 109.78120087477123, 41.481081653217259 ] } },
{ "type": "Feature", "properties": { "tang_id": 73667, "area_km2": 0.031657 }, "geometry": { "type": "Point", "coordinates": [ 109.785402673870067, 41.479994890095739 ] } },
{ "type": "Feature", "properties": { "tang_id": 73668, "area_km2": 0.017927 }, "geometry": { "type": "Point", "coordinates": [ 109.905185735293628, 41.515858132308132 ] } },
{ "type": "Feature", "properties": { "tang_id": 73669, "area_km2": 0.004758 }, "geometry": { "type": "Point", "coordinates": [ 109.915247222443796, 41.510712120911464 ] } },
{ "type": "Feature", "properties": { "tang_id": 73671, "area_km2": 0.023517 }, "geometry": { "type": "Point", "coordinates": [ 109.957069002834203, 41.507224713007254 ] } },
{ "type": "Feature", "properties": { "tang_id": 73672, "area_km2": 0.002057 }, "geometry": { "type": "Point", "coordinates": [ 109.957384618604408, 41.503562545419257 ] } },
{ "type": "Feature", "properties": { "tang_id": 73674, "area_km2": 0.048372 }, "geometry": { "type": "Point", "coordinates": [ 110.020268786188112, 41.512368265577784 ] } },
{ "type": "Feature", "properties": { "tang_id": 73675, "area_km2": 0.004773 }, "geometry": { "type": "Point", "coordinates": [ 110.016351835619858, 41.511438665906532 ] } },
{ "type": "Feature", "properties": { "tang_id": 73676, "area_km2": 0.001678 }, "geometry": { "type": "Point", "coordinates": [ 110.018724218574135, 41.510958633865499 ] } },
{ "type": "Feature", "properties": { "tang_id": 73677, "area_km2": 0.001149 }, "geometry": { "type": "Point", "coordinates": [ 110.018169483459076, 41.511403791079857 ] } },
{ "type": "Feature", "properties": { "tang_id": 73678, "area_km2": 0.008455 }, "geometry": { "type": "Point", "coordinates": [ 110.018998753721178, 41.508788898198262 ] } },
{ "type": "Feature", "properties": { "tang_id": 73679, "area_km2": 0.013827 }, "geometry": { "type": "Point", "coordinates": [ 110.021725279992594, 41.508844889603552 ] } },
{ "type": "Feature", "properties": { "tang_id": 73680, "area_km2": 0.013515 }, "geometry": { "type": "Point", "coordinates": [ 110.023678543318155, 41.506390958265207 ] } },
{ "type": "Feature", "properties": { "tang_id": 73681, "area_km2": 0.003433 }, "geometry": { "type": "Point", "coordinates": [ 110.028311063445244, 41.506516486078411 ] } },
{ "type": "Feature", "properties": { "tang_id": 73682, "area_km2": 0.002522 }, "geometry": { "type": "Point", "coordinates": [ 110.026625918558537, 41.506967364011359 ] } },
{ "type": "Feature", "properties": { "tang_id": 73685, "area_km2": 0.019232 }, "geometry": { "type": "Point", "coordinates": [ 110.032005650820523, 41.509081078959483 ] } },
{ "type": "Feature", "properties": { "tang_id": 73686, "area_km2": 0.010195 }, "geometry": { "type": "Point", "coordinates": [ 110.028314040014394, 41.508954167935414 ] } },
{ "type": "Feature", "properties": { "tang_id": 73687, "area_km2": 0.054415 }, "geometry": { "type": "Point", "coordinates": [ 110.008716984045307, 41.510741586974795 ] } },
{ "type": "Feature", "properties": { "tang_id": 73688, "area_km2": 0.003231 }, "geometry": { "type": "Point", "coordinates": [ 110.002117978734347, 41.510972320398203 ] } },
{ "type": "Feature", "properties": { "tang_id": 73689, "area_km2": 0.021575 }, "geometry": { "type": "Point", "coordinates": [ 109.998366078434941, 41.509679976779573 ] } },
{ "type": "Feature", "properties": { "tang_id": 73690, "area_km2": 0.009513 }, "geometry": { "type": "Point", "coordinates": [ 109.982831555623989, 41.514783147848924 ] } },
{ "type": "Feature", "properties": { "tang_id": 73692, "area_km2": 0.002657 }, "geometry": { "type": "Point", "coordinates": [ 109.979099266292565, 41.513917951786254 ] } },
{ "type": "Feature", "properties": { "tang_id": 73693, "area_km2": 0.001799 }, "geometry": { "type": "Point", "coordinates": [ 109.983453832167157, 41.515883212278574 ] } },
{ "type": "Feature", "properties": { "tang_id": 73694, "area_km2": 0.004221 }, "geometry": { "type": "Point", "coordinates": [ 109.949080390171233, 41.512178767643753 ] } },
{ "type": "Feature", "properties": { "tang_id": 73695, "area_km2": 0.116185 }, "geometry": { "type": "Point", "coordinates": [ 110.039864461094751, 41.477853141637453 ] } },
{ "type": "Feature", "properties": { "tang_id": 73696, "area_km2": 0.034495 }, "geometry": { "type": "Point", "coordinates": [ 110.035506616420932, 41.479975025463929 ] } },
{ "type": "Feature", "properties": { "tang_id": 73697, "area_km2": 0.199766 }, "geometry": { "type": "Point", "coordinates": [ 110.010933244082281, 41.481202600048142 ] } },
{ "type": "Feature", "properties": { "tang_id": 73698, "area_km2": 0.036426 }, "geometry": { "type": "Point", "coordinates": [ 110.047317529015885, 41.439118082820428 ] } },
{ "type": "Feature", "properties": { "tang_id": 73699, "area_km2": 0.208358 }, "geometry": { "type": "Point", "coordinates": [ 110.042078011839948, 41.434855209402798 ] } },
{ "type": "Feature", "properties": { "tang_id": 73700, "area_km2": 0.040575 }, "geometry": { "type": "Point", "coordinates": [ 110.020990604197522, 41.435599764512425 ] } },
{ "type": "Feature", "properties": { "tang_id": 73701, "area_km2": 0.075845 }, "geometry": { "type": "Point", "coordinates": [ 110.016856959088003, 41.436563597611467 ] } },
{ "type": "Feature", "properties": { "tang_id": 73702, "area_km2": 0.013647 }, "geometry": { "type": "Point", "coordinates": [ 110.006785881851386, 41.43972891021803 ] } },
{ "type": "Feature", "properties": { "tang_id": 73703, "area_km2": 0.002252 }, "geometry": { "type": "Point", "coordinates": [ 110.01374767336867, 41.439891531791879 ] } },
{ "type": "Feature", "properties": { "tang_id": 73704, "area_km2": 0.003308 }, "geometry": { "type": "Point", "coordinates": [ 110.019275528179605, 41.441407238189541 ] } },
{ "type": "Feature", "properties": { "tang_id": 73705, "area_km2": 0.005667 }, "geometry": { "type": "Point", "coordinates": [ 110.018140020793012, 41.440639205367901 ] } },
{ "type": "Feature", "properties": { "tang_id": 73706, "area_km2": 0.001619 }, "geometry": { "type": "Point", "coordinates": [ 110.021167675005842, 41.443879756253565 ] } },
{ "type": "Feature", "properties": { "tang_id": 73707, "area_km2": 0.002626 }, "geometry": { "type": "Point", "coordinates": [ 110.020395024043651, 41.44343906793388 ] } },
{ "type": "Feature", "properties": { "tang_id": 73708, "area_km2": 0.02316 }, "geometry": { "type": "Point", "coordinates": [ 110.03403388269264, 41.435672257038867 ] } },
{ "type": "Feature", "properties": { "tang_id": 73709, "area_km2": 0.001343 }, "geometry": { "type": "Point", "coordinates": [ 110.029031959528851, 41.436353105547056 ] } },
{ "type": "Feature", "properties": { "tang_id": 73710, "area_km2": 0.001091 }, "geometry": { "type": "Point", "coordinates": [ 110.029215918811033, 41.435861042437132 ] } },
{ "type": "Feature", "properties": { "tang_id": 73711, "area_km2": 0.004764 }, "geometry": { "type": "Point", "coordinates": [ 110.028657233856805, 41.434623653473714 ] } },
{ "type": "Feature", "properties": { "tang_id": 73712, "area_km2": 0.001846 }, "geometry": { "type": "Point", "coordinates": [ 110.025186649183269, 41.434865443513964 ] } },
{ "type": "Feature", "properties": { "tang_id": 73713, "area_km2": 0.221097 }, "geometry": { "type": "Point", "coordinates": [ 110.02940543679297, 41.441699773910671 ] } },
{ "type": "Feature", "properties": { "tang_id": 73714, "area_km2": 0.026265 }, "geometry": { "type": "Point", "coordinates": [ 110.036904440329835, 41.447189181988541 ] } },
{ "type": "Feature", "properties": { "tang_id": 73715, "area_km2": 0.006683 }, "geometry": { "type": "Point", "coordinates": [ 110.031363363622575, 41.4485593368236 ] } },
{ "type": "Feature", "properties": { "tang_id": 73716, "area_km2": 0.001326 }, "geometry": { "type": "Point", "coordinates": [ 110.030576268468593, 41.448850231688247 ] } },
{ "type": "Feature", "properties": { "tang_id": 73717, "area_km2": 0.002813 }, "geometry": { "type": "Point", "coordinates": [ 110.031093883790902, 41.447558881760287 ] } },
{ "type": "Feature", "properties": { "tang_id": 73718, "area_km2": 0.001708 }, "geometry": { "type": "Point", "coordinates": [ 110.030964781329615, 41.446916125997184 ] } },
{ "type": "Feature", "properties": { "tang_id": 73720, "area_km2": 0.001033 }, "geometry": { "type": "Point", "coordinates": [ 110.030261966497434, 41.445605120009887 ] } },
{ "type": "Feature", "properties": { "tang_id": 73721, "area_km2": 0.005645 }, "geometry": { "type": "Point", "coordinates": [ 110.032717756434295, 41.449930782292313 ] } },
{ "type": "Feature", "properties": { "tang_id": 73722, "area_km2": 0.009319 }, "geometry": { "type": "Point", "coordinates": [ 110.029610770083096, 41.45196877203697 ] } },
{ "type": "Feature", "properties": { "tang_id": 73723, "area_km2": 0.004476 }, "geometry": { "type": "Point", "coordinates": [ 110.026739287968468, 41.449736468764691 ] } },
{ "type": "Feature", "properties": { "tang_id": 73724, "area_km2": 0.010297 }, "geometry": { "type": "Point", "coordinates": [ 110.041138354070227, 41.44500739965401 ] } },
{ "type": "Feature", "properties": { "tang_id": 73725, "area_km2": 0.002385 }, "geometry": { "type": "Point", "coordinates": [ 110.040968609734279, 41.446809925311761 ] } },
{ "type": "Feature", "properties": { "tang_id": 73726, "area_km2": 0.160305 }, "geometry": { "type": "Point", "coordinates": [ 110.03812864467956, 41.443368572512277 ] } },
{ "type": "Feature", "properties": { "tang_id": 73727, "area_km2": 0.001613 }, "geometry": { "type": "Point", "coordinates": [ 110.043270130823274, 41.449325504318146 ] } },
{ "type": "Feature", "properties": { "tang_id": 73728, "area_km2": 0.001613 }, "geometry": { "type": "Point", "coordinates": [ 110.04237896893909, 41.449814406337119 ] } },
{ "type": "Feature", "properties": { "tang_id": 73729, "area_km2": 0.003946 }, "geometry": { "type": "Point", "coordinates": [ 110.041208741341478, 41.449262682333163 ] } },
{ "type": "Feature", "properties": { "tang_id": 73730, "area_km2": 0.067481 }, "geometry": { "type": "Point", "coordinates": [ 110.047063924566956, 41.450025036193388 ] } },
{ "type": "Feature", "properties": { "tang_id": 73731, "area_km2": 0.003466 }, "geometry": { "type": "Point", "coordinates": [ 110.047262367573254, 41.447962671890089 ] } },
{ "type": "Feature", "properties": { "tang_id": 73732, "area_km2": 0.001494 }, "geometry": { "type": "Point", "coordinates": [ 110.046581115661169, 41.447723513650949 ] } },
{ "type": "Feature", "properties": { "tang_id": 73733, "area_km2": 0.024909 }, "geometry": { "type": "Point", "coordinates": [ 110.054849531820139, 41.451966891644624 ] } },
{ "type": "Feature", "properties": { "tang_id": 73734, "area_km2": 0.007691 }, "geometry": { "type": "Point", "coordinates": [ 110.049491950982485, 41.437043761121217 ] } },
{ "type": "Feature", "properties": { "tang_id": 73735, "area_km2": 0.007972 }, "geometry": { "type": "Point", "coordinates": [ 110.050863700674427, 41.435856121528474 ] } },
{ "type": "Feature", "properties": { "tang_id": 73737, "area_km2": 0.004832 }, "geometry": { "type": "Point", "coordinates": [ 110.051746290562861, 41.433609160732196 ] } },
{ "type": "Feature", "properties": { "tang_id": 73738, "area_km2": 0.00172 }, "geometry": { "type": "Point", "coordinates": [ 110.051075421328378, 41.434001314228183 ] } },
{ "type": "Feature", "properties": { "tang_id": 73740, "area_km2": 0.002209 }, "geometry": { "type": "Point", "coordinates": [ 110.051850242530136, 41.431090242450814 ] } },
{ "type": "Feature", "properties": { "tang_id": 73743, "area_km2": 0.001015 }, "geometry": { "type": "Point", "coordinates": [ 110.049589865588302, 41.429761687611894 ] } },
{ "type": "Feature", "properties": { "tang_id": 73744, "area_km2": 0.02148 }, "geometry": { "type": "Point", "coordinates": [ 110.04821049372579, 41.429067438450389 ] } },
{ "type": "Feature", "properties": { "tang_id": 73745, "area_km2": 0.002128 }, "geometry": { "type": "Point", "coordinates": [ 110.049380008453042, 41.427259726851105 ] } },
{ "type": "Feature", "properties": { "tang_id": 73746, "area_km2": 0.006629 }, "geometry": { "type": "Point", "coordinates": [ 110.06293952212792, 41.428984249367602 ] } },
{ "type": "Feature", "properties": { "tang_id": 73747, "area_km2": 0.002137 }, "geometry": { "type": "Point", "coordinates": [ 110.063133850681112, 41.429931880072267 ] } },
{ "type": "Feature", "properties": { "tang_id": 73749, "area_km2": 0.013141 }, "geometry": { "type": "Point", "coordinates": [ 110.062604202502527, 41.472671159487923 ] } },
{ "type": "Feature", "properties": { "tang_id": 73750, "area_km2": 0.049409 }, "geometry": { "type": "Point", "coordinates": [ 110.060450805230559, 41.469977663022235 ] } },
{ "type": "Feature", "properties": { "tang_id": 73751, "area_km2": 0.004425 }, "geometry": { "type": "Point", "coordinates": [ 110.058768327281015, 41.468776934190721 ] } },
{ "type": "Feature", "properties": { "tang_id": 73754, "area_km2": 0.003511 }, "geometry": { "type": "Point", "coordinates": [ 110.039784811806214, 41.424885498508324 ] } },
{ "type": "Feature", "properties": { "tang_id": 73755, "area_km2": 0.001447 }, "geometry": { "type": "Point", "coordinates": [ 110.035621611061572, 41.425682462491444 ] } },
{ "type": "Feature", "properties": { "tang_id": 73756, "area_km2": 0.008623 }, "geometry": { "type": "Point", "coordinates": [ 110.033578180132253, 41.425691055913582 ] } },
{ "type": "Feature", "properties": { "tang_id": 73757, "area_km2": 0.005886 }, "geometry": { "type": "Point", "coordinates": [ 110.027336286642665, 41.426232411517773 ] } },
{ "type": "Feature", "properties": { "tang_id": 73759, "area_km2": 0.017457 }, "geometry": { "type": "Point", "coordinates": [ 110.029603884908937, 41.42582040347498 ] } },
{ "type": "Feature", "properties": { "tang_id": 73760, "area_km2": 0.046131 }, "geometry": { "type": "Point", "coordinates": [ 110.012690640024687, 41.424846799174915 ] } },
{ "type": "Feature", "properties": { "tang_id": 73761, "area_km2": 0.009045 }, "geometry": { "type": "Point", "coordinates": [ 110.005869262752356, 41.424056239172742 ] } },
{ "type": "Feature", "properties": { "tang_id": 73762, "area_km2": 0.001758 }, "geometry": { "type": "Point", "coordinates": [ 110.005909944191004, 41.423081748828672 ] } },
{ "type": "Feature", "properties": { "tang_id": 73765, "area_km2": 0.003495 }, "geometry": { "type": "Point", "coordinates": [ 110.004138134646496, 41.423953576972572 ] } },
{ "type": "Feature", "properties": { "tang_id": 73768, "area_km2": 0.217594 }, "geometry": { "type": "Point", "coordinates": [ 109.995897726854395, 41.421730133720558 ] } },
{ "type": "Feature", "properties": { "tang_id": 73769, "area_km2": 0.131931 }, "geometry": { "type": "Point", "coordinates": [ 109.950407021582549, 41.418660190063243 ] } },
{ "type": "Feature", "properties": { "tang_id": 73770, "area_km2": 0.002052 }, "geometry": { "type": "Point", "coordinates": [ 109.958470920699725, 41.42072167420676 ] } },
{ "type": "Feature", "properties": { "tang_id": 73771, "area_km2": 0.035678 }, "geometry": { "type": "Point", "coordinates": [ 109.958004261199491, 41.41334594821388 ] } },
{ "type": "Feature", "properties": { "tang_id": 73772, "area_km2": 0.001006 }, "geometry": { "type": "Point", "coordinates": [ 109.959726813227334, 41.413133630044229 ] } },
{ "type": "Feature", "properties": { "tang_id": 73773, "area_km2": 0.017939 }, "geometry": { "type": "Point", "coordinates": [ 109.959179589058138, 41.41174252393899 ] } },
{ "type": "Feature", "properties": { "tang_id": 73774, "area_km2": 0.001479 }, "geometry": { "type": "Point", "coordinates": [ 109.961083599474648, 41.410474525816738 ] } },
{ "type": "Feature", "properties": { "tang_id": 73775, "area_km2": 0.001301 }, "geometry": { "type": "Point", "coordinates": [ 109.955366613767069, 41.409640283618032 ] } },
{ "type": "Feature", "properties": { "tang_id": 73776, "area_km2": 0.004781 }, "geometry": { "type": "Point", "coordinates": [ 109.954850322882407, 41.408729108511686 ] } },
{ "type": "Feature", "properties": { "tang_id": 73778, "area_km2": 0.010339 }, "geometry": { "type": "Point", "coordinates": [ 109.962198310938035, 41.408639128864671 ] } },
{ "type": "Feature", "properties": { "tang_id": 73779, "area_km2": 0.001197 }, "geometry": { "type": "Point", "coordinates": [ 109.959710382339978, 41.407879785192449 ] } },
{ "type": "Feature", "properties": { "tang_id": 73780, "area_km2": 0.005419 }, "geometry": { "type": "Point", "coordinates": [ 109.96080276710039, 41.407084172190139 ] } },
{ "type": "Feature", "properties": { "tang_id": 73781, "area_km2": 0.013798 }, "geometry": { "type": "Point", "coordinates": [ 109.963979137803264, 41.407830897840959 ] } },
{ "type": "Feature", "properties": { "tang_id": 73782, "area_km2": 0.030763 }, "geometry": { "type": "Point", "coordinates": [ 109.962314325049746, 41.40502099118347 ] } },
{ "type": "Feature", "properties": { "tang_id": 73784, "area_km2": 0.0096 }, "geometry": { "type": "Point", "coordinates": [ 109.957496589971427, 41.404928213443391 ] } },
{ "type": "Feature", "properties": { "tang_id": 73785, "area_km2": 0.073655 }, "geometry": { "type": "Point", "coordinates": [ 109.941194225207056, 41.406925664315196 ] } },
{ "type": "Feature", "properties": { "tang_id": 73786, "area_km2": 0.0133 }, "geometry": { "type": "Point", "coordinates": [ 109.938412876800513, 41.403793360779531 ] } },
{ "type": "Feature", "properties": { "tang_id": 73788, "area_km2": 0.004324 }, "geometry": { "type": "Point", "coordinates": [ 109.935561500600159, 41.408765415909507 ] } },
{ "type": "Feature", "properties": { "tang_id": 73789, "area_km2": 0.005497 }, "geometry": { "type": "Point", "coordinates": [ 109.936170836905319, 41.411904650775618 ] } },
{ "type": "Feature", "properties": { "tang_id": 73790, "area_km2": 0.00143 }, "geometry": { "type": "Point", "coordinates": [ 109.938969150892106, 41.410847977202472 ] } },
{ "type": "Feature", "properties": { "tang_id": 73791, "area_km2": 0.001568 }, "geometry": { "type": "Point", "coordinates": [ 109.930740382746322, 41.41139516667819 ] } },
{ "type": "Feature", "properties": { "tang_id": 73792, "area_km2": 0.032178 }, "geometry": { "type": "Point", "coordinates": [ 109.923202599081776, 41.413904396332356 ] } },
{ "type": "Feature", "properties": { "tang_id": 73793, "area_km2": 0.009603 }, "geometry": { "type": "Point", "coordinates": [ 109.920976933487921, 41.410843611803912 ] } },
{ "type": "Feature", "properties": { "tang_id": 73794, "area_km2": 0.051261 }, "geometry": { "type": "Point", "coordinates": [ 109.90396466409365, 41.409660296003345 ] } },
{ "type": "Feature", "properties": { "tang_id": 73795, "area_km2": 0.01704 }, "geometry": { "type": "Point", "coordinates": [ 109.962902996954853, 41.377303871644266 ] } },
{ "type": "Feature", "properties": { "tang_id": 73796, "area_km2": 0.002439 }, "geometry": { "type": "Point", "coordinates": [ 109.988126308259567, 41.505246118748019 ] } },
{ "type": "Feature", "properties": { "tang_id": 73799, "area_km2": 0.001757 }, "geometry": { "type": "Point", "coordinates": [ 109.987902711011998, 41.506963083647918 ] } },
{ "type": "Feature", "properties": { "tang_id": 73801, "area_km2": 0.12318 }, "geometry": { "type": "Point", "coordinates": [ 110.017934931995953, 41.545789590471301 ] } },
{ "type": "Feature", "properties": { "tang_id": 73802, "area_km2": 0.359846 }, "geometry": { "type": "Point", "coordinates": [ 109.579777755172017, 41.430345227944919 ] } },
{ "type": "Feature", "properties": { "tang_id": 73803, "area_km2": 0.286989 }, "geometry": { "type": "Point", "coordinates": [ 109.573182910680714, 41.435063196651576 ] } },
{ "type": "Feature", "properties": { "tang_id": 73804, "area_km2": 0.042068 }, "geometry": { "type": "Point", "coordinates": [ 109.579878849583935, 41.432854151653046 ] } },
{ "type": "Feature", "properties": { "tang_id": 73805, "area_km2": 0.002691 }, "geometry": { "type": "Point", "coordinates": [ 109.579278412052275, 41.434540764408212 ] } },
{ "type": "Feature", "properties": { "tang_id": 73806, "area_km2": 0.001803 }, "geometry": { "type": "Point", "coordinates": [ 109.579725989387654, 41.435415322928989 ] } },
{ "type": "Feature", "properties": { "tang_id": 73807, "area_km2": 0.001097 }, "geometry": { "type": "Point", "coordinates": [ 109.578274151442912, 41.435161537210796 ] } },
{ "type": "Feature", "properties": { "tang_id": 73810, "area_km2": 0.001196 }, "geometry": { "type": "Point", "coordinates": [ 109.580439056369826, 41.43446874795746 ] } },
{ "type": "Feature", "properties": { "tang_id": 73811, "area_km2": 0.054593 }, "geometry": { "type": "Point", "coordinates": [ 109.560623234250087, 41.43399208070079 ] } },
{ "type": "Feature", "properties": { "tang_id": 73814, "area_km2": 0.007284 }, "geometry": { "type": "Point", "coordinates": [ 109.536448170326636, 41.43133030272336 ] } },
{ "type": "Feature", "properties": { "tang_id": 73815, "area_km2": 0.004086 }, "geometry": { "type": "Point", "coordinates": [ 109.537912389755505, 41.43137258668348 ] } },
{ "type": "Feature", "properties": { "tang_id": 73816, "area_km2": 0.002089 }, "geometry": { "type": "Point", "coordinates": [ 109.535380810320234, 41.431185143055821 ] } },
{ "type": "Feature", "properties": { "tang_id": 73817, "area_km2": 0.003296 }, "geometry": { "type": "Point", "coordinates": [ 109.53885373999843, 41.42973176934202 ] } },
{ "type": "Feature", "properties": { "tang_id": 73820, "area_km2": 0.120397 }, "geometry": { "type": "Point", "coordinates": [ 109.503146050471173, 41.466038423332783 ] } },
{ "type": "Feature", "properties": { "tang_id": 73821, "area_km2": 0.020819 }, "geometry": { "type": "Point", "coordinates": [ 109.499523472204984, 41.46844619005352 ] } },
{ "type": "Feature", "properties": { "tang_id": 73822, "area_km2": 0.03677 }, "geometry": { "type": "Point", "coordinates": [ 109.503784197504828, 41.470369116285674 ] } },
{ "type": "Feature", "properties": { "tang_id": 73823, "area_km2": 0.097223 }, "geometry": { "type": "Point", "coordinates": [ 109.484335784344054, 41.494538387644475 ] } },
{ "type": "Feature", "properties": { "tang_id": 73824, "area_km2": 0.06027 }, "geometry": { "type": "Point", "coordinates": [ 109.487785805823194, 41.496161639128935 ] } },
{ "type": "Feature", "properties": { "tang_id": 73825, "area_km2": 0.206247 }, "geometry": { "type": "Point", "coordinates": [ 109.49913400093584, 41.496697375115829 ] } },
{ "type": "Feature", "properties": { "tang_id": 73826, "area_km2": 0.204247 }, "geometry": { "type": "Point", "coordinates": [ 109.454313024885309, 41.507528721005855 ] } },
{ "type": "Feature", "properties": { "tang_id": 73827, "area_km2": 0.008584 }, "geometry": { "type": "Point", "coordinates": [ 109.450627569064437, 41.509524144728893 ] } },
{ "type": "Feature", "properties": { "tang_id": 73828, "area_km2": 0.001184 }, "geometry": { "type": "Point", "coordinates": [ 109.451798898137696, 41.509792823773061 ] } },
{ "type": "Feature", "properties": { "tang_id": 73829, "area_km2": 0.00637 }, "geometry": { "type": "Point", "coordinates": [ 109.438899026491669, 41.504072549225398 ] } },
{ "type": "Feature", "properties": { "tang_id": 73830, "area_km2": 0.009855 }, "geometry": { "type": "Point", "coordinates": [ 109.438158417394305, 41.505443528370357 ] } },
{ "type": "Feature", "properties": { "tang_id": 73831, "area_km2": 0.031895 }, "geometry": { "type": "Point", "coordinates": [ 109.444848047469094, 41.502383126726365 ] } },
{ "type": "Feature", "properties": { "tang_id": 73832, "area_km2": 0.148297 }, "geometry": { "type": "Point", "coordinates": [ 109.441176257772909, 41.499022280019886 ] } },
{ "type": "Feature", "properties": { "tang_id": 73833, "area_km2": 0.070831 }, "geometry": { "type": "Point", "coordinates": [ 109.445123194582294, 41.486594757383855 ] } },
{ "type": "Feature", "properties": { "tang_id": 73834, "area_km2": 0.464761 }, "geometry": { "type": "Point", "coordinates": [ 109.440786179107292, 41.475098703004555 ] } },
{ "type": "Feature", "properties": { "tang_id": 73835, "area_km2": 0.37708 }, "geometry": { "type": "Point", "coordinates": [ 109.306819815095452, 41.466314566410752 ] } },
{ "type": "Feature", "properties": { "tang_id": 73836, "area_km2": 0.009752 }, "geometry": { "type": "Point", "coordinates": [ 109.295192764175653, 41.46313538069424 ] } },
{ "type": "Feature", "properties": { "tang_id": 73837, "area_km2": 0.001908 }, "geometry": { "type": "Point", "coordinates": [ 109.297412290780187, 41.460669799133356 ] } },
{ "type": "Feature", "properties": { "tang_id": 73839, "area_km2": 0.003659 }, "geometry": { "type": "Point", "coordinates": [ 109.293036360997036, 41.464543126406355 ] } },
{ "type": "Feature", "properties": { "tang_id": 73840, "area_km2": 0.003758 }, "geometry": { "type": "Point", "coordinates": [ 109.292206081842636, 41.465314442430234 ] } },
{ "type": "Feature", "properties": { "tang_id": 73841, "area_km2": 0.004086 }, "geometry": { "type": "Point", "coordinates": [ 109.291296570800114, 41.466078890794712 ] } },
{ "type": "Feature", "properties": { "tang_id": 73842, "area_km2": 0.013585 }, "geometry": { "type": "Point", "coordinates": [ 109.288917167750583, 41.470567238192281 ] } },
{ "type": "Feature", "properties": { "tang_id": 73843, "area_km2": 0.03636 }, "geometry": { "type": "Point", "coordinates": [ 109.283610194968659, 41.46379579696228 ] } },
{ "type": "Feature", "properties": { "tang_id": 73844, "area_km2": 0.005396 }, "geometry": { "type": "Point", "coordinates": [ 109.281583546733714, 41.46452028695024 ] } },
{ "type": "Feature", "properties": { "tang_id": 73845, "area_km2": 0.070542 }, "geometry": { "type": "Point", "coordinates": [ 109.298275315840399, 41.455587824157512 ] } },
{ "type": "Feature", "properties": { "tang_id": 73846, "area_km2": 0.93374 }, "geometry": { "type": "Point", "coordinates": [ 109.151614306182253, 41.460943423248203 ] } },
{ "type": "Feature", "properties": { "tang_id": 73847, "area_km2": 0.059807 }, "geometry": { "type": "Point", "coordinates": [ 109.127663905678332, 41.459202703631142 ] } },
{ "type": "Feature", "properties": { "tang_id": 73848, "area_km2": 0.148264 }, "geometry": { "type": "Point", "coordinates": [ 109.112368599325023, 41.432072595163184 ] } },
{ "type": "Feature", "properties": { "tang_id": 73849, "area_km2": 0.139901 }, "geometry": { "type": "Point", "coordinates": [ 109.107689709769787, 41.423173024412016 ] } },
{ "type": "Feature", "properties": { "tang_id": 73850, "area_km2": 0.059357 }, "geometry": { "type": "Point", "coordinates": [ 109.106819809996026, 41.414127731833453 ] } },
{ "type": "Feature", "properties": { "tang_id": 73851, "area_km2": 0.020013 }, "geometry": { "type": "Point", "coordinates": [ 109.102113157781034, 41.414681733586988 ] } },
{ "type": "Feature", "properties": { "tang_id": 73852, "area_km2": 0.01083 }, "geometry": { "type": "Point", "coordinates": [ 109.091303748101922, 41.417148637172069 ] } },
{ "type": "Feature", "properties": { "tang_id": 73854, "area_km2": 0.017135 }, "geometry": { "type": "Point", "coordinates": [ 109.08722221773904, 41.418448357740004 ] } },
{ "type": "Feature", "properties": { "tang_id": 73855, "area_km2": 0.01583 }, "geometry": { "type": "Point", "coordinates": [ 109.086956119515307, 41.419517788734062 ] } },
{ "type": "Feature", "properties": { "tang_id": 73856, "area_km2": 0.003201 }, "geometry": { "type": "Point", "coordinates": [ 109.088326436307739, 41.420296018421958 ] } },
{ "type": "Feature", "properties": { "tang_id": 73857, "area_km2": 0.004649 }, "geometry": { "type": "Point", "coordinates": [ 109.096276915228572, 41.416819588031913 ] } },
{ "type": "Feature", "properties": { "tang_id": 73858, "area_km2": 0.00166 }, "geometry": { "type": "Point", "coordinates": [ 109.095372177390573, 41.416429915842251 ] } },
{ "type": "Feature", "properties": { "tang_id": 73859, "area_km2": 0.017909 }, "geometry": { "type": "Point", "coordinates": [ 109.068414828751855, 41.418841002382678 ] } },
{ "type": "Feature", "properties": { "tang_id": 73860, "area_km2": 0.006948 }, "geometry": { "type": "Point", "coordinates": [ 109.061101427648126, 41.416801036121122 ] } },
{ "type": "Feature", "properties": { "tang_id": 73861, "area_km2": 0.013909 }, "geometry": { "type": "Point", "coordinates": [ 109.031651863179121, 41.426997648004622 ] } },
{ "type": "Feature", "properties": { "tang_id": 73862, "area_km2": 0.012132 }, "geometry": { "type": "Point", "coordinates": [ 109.029010652925749, 41.425310510770942 ] } },
{ "type": "Feature", "properties": { "tang_id": 73863, "area_km2": 0.094395 }, "geometry": { "type": "Point", "coordinates": [ 109.115591344341993, 41.411971024773187 ] } },
{ "type": "Feature", "properties": { "tang_id": 73864, "area_km2": 0.004791 }, "geometry": { "type": "Point", "coordinates": [ 109.119929191419587, 41.411502592957277 ] } },
{ "type": "Feature", "properties": { "tang_id": 73865, "area_km2": 0.002403 }, "geometry": { "type": "Point", "coordinates": [ 109.120656758423038, 41.408802445970665 ] } },
{ "type": "Feature", "properties": { "tang_id": 73866, "area_km2": 0.003883 }, "geometry": { "type": "Point", "coordinates": [ 109.11741767994242, 41.407459691656314 ] } },
{ "type": "Feature", "properties": { "tang_id": 73867, "area_km2": 0.003347 }, "geometry": { "type": "Point", "coordinates": [ 109.116448016043563, 41.407377884372778 ] } },
{ "type": "Feature", "properties": { "tang_id": 73868, "area_km2": 0.007185 }, "geometry": { "type": "Point", "coordinates": [ 109.120565741786834, 41.406824501606209 ] } },
{ "type": "Feature", "properties": { "tang_id": 73869, "area_km2": 0.001679 }, "geometry": { "type": "Point", "coordinates": [ 109.11967167842262, 41.407626047556803 ] } },
{ "type": "Feature", "properties": { "tang_id": 73870, "area_km2": 0.003894 }, "geometry": { "type": "Point", "coordinates": [ 109.120642461824701, 41.404109743308041 ] } },
{ "type": "Feature", "properties": { "tang_id": 73871, "area_km2": 0.004894 }, "geometry": { "type": "Point", "coordinates": [ 109.121306015327491, 41.401188883089816 ] } },
{ "type": "Feature", "properties": { "tang_id": 73872, "area_km2": 0.015131 }, "geometry": { "type": "Point", "coordinates": [ 109.121218935954758, 41.399603829604622 ] } },
{ "type": "Feature", "properties": { "tang_id": 73873, "area_km2": 0.007089 }, "geometry": { "type": "Point", "coordinates": [ 109.118547053033126, 41.400699903509867 ] } },
{ "type": "Feature", "properties": { "tang_id": 73874, "area_km2": 0.018225 }, "geometry": { "type": "Point", "coordinates": [ 109.134280776579502, 41.397331610971662 ] } },
{ "type": "Feature", "properties": { "tang_id": 73875, "area_km2": 0.004583 }, "geometry": { "type": "Point", "coordinates": [ 109.11816363034724, 41.388873786304664 ] } },
{ "type": "Feature", "properties": { "tang_id": 73876, "area_km2": 0.00662 }, "geometry": { "type": "Point", "coordinates": [ 109.141211896680204, 41.399648540473983 ] } },
{ "type": "Feature", "properties": { "tang_id": 73877, "area_km2": 0.002609 }, "geometry": { "type": "Point", "coordinates": [ 109.139859340589908, 41.399958392465166 ] } },
{ "type": "Feature", "properties": { "tang_id": 73878, "area_km2": 0.003325 }, "geometry": { "type": "Point", "coordinates": [ 109.126978211463609, 41.408819655288859 ] } },
{ "type": "Feature", "properties": { "tang_id": 73879, "area_km2": 0.001936 }, "geometry": { "type": "Point", "coordinates": [ 109.129160950904605, 41.411489906001592 ] } },
{ "type": "Feature", "properties": { "tang_id": 73880, "area_km2": 0.00483 }, "geometry": { "type": "Point", "coordinates": [ 109.133022076130587, 41.414007456775337 ] } },
{ "type": "Feature", "properties": { "tang_id": 73881, "area_km2": 0.001094 }, "geometry": { "type": "Point", "coordinates": [ 109.129627280241721, 41.415098505477062 ] } },
{ "type": "Feature", "properties": { "tang_id": 73882, "area_km2": 0.010598 }, "geometry": { "type": "Point", "coordinates": [ 109.123416299325896, 41.415651099260799 ] } },
{ "type": "Feature", "properties": { "tang_id": 73883, "area_km2": 0.011973 }, "geometry": { "type": "Point", "coordinates": [ 109.12177110037139, 41.417123439796974 ] } },
{ "type": "Feature", "properties": { "tang_id": 73884, "area_km2": 0.004518 }, "geometry": { "type": "Point", "coordinates": [ 109.121706509766753, 41.416097079899565 ] } },
{ "type": "Feature", "properties": { "tang_id": 73885, "area_km2": 0.0014 }, "geometry": { "type": "Point", "coordinates": [ 109.12177802532733, 41.41548783810196 ] } },
{ "type": "Feature", "properties": { "tang_id": 73886, "area_km2": 0.004211 }, "geometry": { "type": "Point", "coordinates": [ 109.112833887936972, 41.423551821816332 ] } },
{ "type": "Feature", "properties": { "tang_id": 73887, "area_km2": 0.327514 }, "geometry": { "type": "Point", "coordinates": [ 109.06865954482204, 41.437558503083288 ] } },
{ "type": "Feature", "properties": { "tang_id": 73888, "area_km2": 0.113633 }, "geometry": { "type": "Point", "coordinates": [ 109.165717276100708, 41.434636980034767 ] } },
{ "type": "Feature", "properties": { "tang_id": 73889, "area_km2": 0.002756 }, "geometry": { "type": "Point", "coordinates": [ 109.163176937818861, 41.433782900424291 ] } },
{ "type": "Feature", "properties": { "tang_id": 73890, "area_km2": 0.358902 }, "geometry": { "type": "Point", "coordinates": [ 109.178306653019959, 41.427846353161634 ] } },
{ "type": "Feature", "properties": { "tang_id": 73891, "area_km2": 0.179521 }, "geometry": { "type": "Point", "coordinates": [ 109.255207814300803, 41.412962400641753 ] } },
{ "type": "Feature", "properties": { "tang_id": 73892, "area_km2": 0.031922 }, "geometry": { "type": "Point", "coordinates": [ 109.276662474752456, 41.415626919805064 ] } },
{ "type": "Feature", "properties": { "tang_id": 73893, "area_km2": 0.021653 }, "geometry": { "type": "Point", "coordinates": [ 109.152660960189237, 41.416264093569779 ] } },
{ "type": "Feature", "properties": { "tang_id": 73894, "area_km2": 0.007985 }, "geometry": { "type": "Point", "coordinates": [ 109.153444845501696, 41.417865585517781 ] } },
{ "type": "Feature", "properties": { "tang_id": 73895, "area_km2": 0.00217 }, "geometry": { "type": "Point", "coordinates": [ 109.154449589014646, 41.41875362733596 ] } },
{ "type": "Feature", "properties": { "tang_id": 73896, "area_km2": 0.009723 }, "geometry": { "type": "Point", "coordinates": [ 109.15291552186757, 41.419334256912144 ] } },
{ "type": "Feature", "properties": { "tang_id": 73897, "area_km2": 0.138797 }, "geometry": { "type": "Point", "coordinates": [ 109.081840091185981, 41.450947357277492 ] } },
{ "type": "Feature", "properties": { "tang_id": 73898, "area_km2": 0.096603 }, "geometry": { "type": "Point", "coordinates": [ 109.075732482547309, 41.453327907109724 ] } },
{ "type": "Feature", "properties": { "tang_id": 73899, "area_km2": 0.109918 }, "geometry": { "type": "Point", "coordinates": [ 109.014051835488786, 41.482415661887451 ] } },
{ "type": "Feature", "properties": { "tang_id": 73900, "area_km2": 0.063749 }, "geometry": { "type": "Point", "coordinates": [ 109.136245371911571, 41.617823213747613 ] } },
{ "type": "Feature", "properties": { "tang_id": 73902, "area_km2": 0.004388 }, "geometry": { "type": "Point", "coordinates": [ 109.132392926241693, 41.612800614005444 ] } },
{ "type": "Feature", "properties": { "tang_id": 73903, "area_km2": 0.287137 }, "geometry": { "type": "Point", "coordinates": [ 108.808422206923154, 41.6203825434065 ] } },
{ "type": "Feature", "properties": { "tang_id": 73904, "area_km2": 0.593185 }, "geometry": { "type": "Point", "coordinates": [ 108.738487012732364, 41.636839007723871 ] } },
{ "type": "Feature", "properties": { "tang_id": 73905, "area_km2": 0.0482 }, "geometry": { "type": "Point", "coordinates": [ 108.747949257599728, 41.641138259925121 ] } },
{ "type": "Feature", "properties": { "tang_id": 73906, "area_km2": 0.012062 }, "geometry": { "type": "Point", "coordinates": [ 108.744873896433731, 41.627170172573337 ] } },
{ "type": "Feature", "properties": { "tang_id": 73907, "area_km2": 0.012765 }, "geometry": { "type": "Point", "coordinates": [ 108.746498750953094, 41.626887401020795 ] } },
{ "type": "Feature", "properties": { "tang_id": 73908, "area_km2": 0.088614 }, "geometry": { "type": "Point", "coordinates": [ 108.74063492164359, 41.628027935895965 ] } },
{ "type": "Feature", "properties": { "tang_id": 73909, "area_km2": 0.018902 }, "geometry": { "type": "Point", "coordinates": [ 108.595238538728253, 41.783181501975299 ] } },
{ "type": "Feature", "properties": { "tang_id": 73910, "area_km2": 0.001273 }, "geometry": { "type": "Point", "coordinates": [ 108.593288256796598, 41.782777671610241 ] } },
{ "type": "Feature", "properties": { "tang_id": 73911, "area_km2": 0.001432 }, "geometry": { "type": "Point", "coordinates": [ 108.596930588310315, 41.782902995788739 ] } },
{ "type": "Feature", "properties": { "tang_id": 73912, "area_km2": 1.32333 }, "geometry": { "type": "Point", "coordinates": [ 108.640802554965802, 41.760696911274302 ] } },
{ "type": "Feature", "properties": { "tang_id": 73913, "area_km2": 0.972304 }, "geometry": { "type": "Point", "coordinates": [ 108.625964421493094, 41.731371362649703 ] } },
{ "type": "Feature", "properties": { "tang_id": 73914, "area_km2": 0.020854 }, "geometry": { "type": "Point", "coordinates": [ 108.652446340247707, 41.719790438274835 ] } },
{ "type": "Feature", "properties": { "tang_id": 73915, "area_km2": 0.025663 }, "geometry": { "type": "Point", "coordinates": [ 108.654534329137135, 41.721070050007832 ] } },
{ "type": "Feature", "properties": { "tang_id": 73916, "area_km2": 0.219567 }, "geometry": { "type": "Point", "coordinates": [ 108.651539159795718, 41.728400707920144 ] } },
{ "type": "Feature", "properties": { "tang_id": 73917, "area_km2": 0.113202 }, "geometry": { "type": "Point", "coordinates": [ 108.636481556792646, 41.729021049616172 ] } },
{ "type": "Feature", "properties": { "tang_id": 73918, "area_km2": 0.00647 }, "geometry": { "type": "Point", "coordinates": [ 108.648374895835133, 41.721881240590946 ] } },
{ "type": "Feature", "properties": { "tang_id": 73919, "area_km2": 0.018775 }, "geometry": { "type": "Point", "coordinates": [ 108.647993513650675, 41.719154811698665 ] } },
{ "type": "Feature", "properties": { "tang_id": 73920, "area_km2": 0.035398 }, "geometry": { "type": "Point", "coordinates": [ 108.64658279234753, 41.724338175994916 ] } },
{ "type": "Feature", "properties": { "tang_id": 73921, "area_km2": 0.081811 }, "geometry": { "type": "Point", "coordinates": [ 108.645712733709018, 41.717616794363138 ] } },
{ "type": "Feature", "properties": { "tang_id": 73922, "area_km2": 0.03546 }, "geometry": { "type": "Point", "coordinates": [ 108.659224001637796, 41.710857219085113 ] } },
{ "type": "Feature", "properties": { "tang_id": 73923, "area_km2": 0.557094 }, "geometry": { "type": "Point", "coordinates": [ 108.682418934886996, 41.704873913823882 ] } },
{ "type": "Feature", "properties": { "tang_id": 73924, "area_km2": 0.042306 }, "geometry": { "type": "Point", "coordinates": [ 109.086345849033279, 41.372457330081097 ] } },
{ "type": "Feature", "properties": { "tang_id": 73925, "area_km2": 0.008329 }, "geometry": { "type": "Point", "coordinates": [ 109.071120622025646, 41.381318985564867 ] } },
{ "type": "Feature", "properties": { "tang_id": 73926, "area_km2": 0.542996 }, "geometry": { "type": "Point", "coordinates": [ 109.261679998157675, 41.086112950153186 ] } },
{ "type": "Feature", "properties": { "tang_id": 73927, "area_km2": 0.227275 }, "geometry": { "type": "Point", "coordinates": [ 109.266623340952606, 41.076638066509446 ] } },
{ "type": "Feature", "properties": { "tang_id": 73928, "area_km2": 0.021155 }, "geometry": { "type": "Point", "coordinates": [ 109.270859890593471, 41.079559926415854 ] } },
{ "type": "Feature", "properties": { "tang_id": 73929, "area_km2": 0.048384 }, "geometry": { "type": "Point", "coordinates": [ 109.266695637871223, 41.081481341348727 ] } },
{ "type": "Feature", "properties": { "tang_id": 73930, "area_km2": 0.173781 }, "geometry": { "type": "Point", "coordinates": [ 109.247460232431649, 41.098581767356045 ] } },
{ "type": "Feature", "properties": { "tang_id": 73931, "area_km2": 0.0572 }, "geometry": { "type": "Point", "coordinates": [ 109.249645306753507, 41.093072975369907 ] } },
{ "type": "Feature", "properties": { "tang_id": 73932, "area_km2": 0.078989 }, "geometry": { "type": "Point", "coordinates": [ 109.240716249604873, 41.093709561565731 ] } },
{ "type": "Feature", "properties": { "tang_id": 73933, "area_km2": 0.065217 }, "geometry": { "type": "Point", "coordinates": [ 109.22913024804339, 41.094019923201827 ] } },
{ "type": "Feature", "properties": { "tang_id": 73934, "area_km2": 0.149411 }, "geometry": { "type": "Point", "coordinates": [ 109.227022249243262, 41.097902584727272 ] } },
{ "type": "Feature", "properties": { "tang_id": 73935, "area_km2": 0.03648 }, "geometry": { "type": "Point", "coordinates": [ 109.232166484183452, 41.096872705829718 ] } },
{ "type": "Feature", "properties": { "tang_id": 73936, "area_km2": 0.023382 }, "geometry": { "type": "Point", "coordinates": [ 109.235599874152257, 41.099704065281131 ] } },
{ "type": "Feature", "properties": { "tang_id": 73937, "area_km2": 0.095033 }, "geometry": { "type": "Point", "coordinates": [ 109.230574481637163, 41.112129336810447 ] } },
{ "type": "Feature", "properties": { "tang_id": 73938, "area_km2": 0.004422 }, "geometry": { "type": "Point", "coordinates": [ 109.227876717976528, 41.109134353699446 ] } },
{ "type": "Feature", "properties": { "tang_id": 73939, "area_km2": 0.057355 }, "geometry": { "type": "Point", "coordinates": [ 109.274531200077405, 41.115231102409041 ] } },
{ "type": "Feature", "properties": { "tang_id": 73940, "area_km2": 0.552316 }, "geometry": { "type": "Point", "coordinates": [ 109.157938919859532, 41.036228944750306 ] } },
{ "type": "Feature", "properties": { "tang_id": 73941, "area_km2": 0.385961 }, "geometry": { "type": "Point", "coordinates": [ 109.031668773361289, 41.171073423052867 ] } },
{ "type": "Feature", "properties": { "tang_id": 73942, "area_km2": 0.025926 }, "geometry": { "type": "Point", "coordinates": [ 109.025715125004837, 41.172134381316148 ] } },
{ "type": "Feature", "properties": { "tang_id": 73943, "area_km2": 0.171386 }, "geometry": { "type": "Point", "coordinates": [ 109.038026675023062, 41.171966209376237 ] } },
{ "type": "Feature", "properties": { "tang_id": 73944, "area_km2": 0.103476 }, "geometry": { "type": "Point", "coordinates": [ 109.04303926165133, 41.205069836562274 ] } },
{ "type": "Feature", "properties": { "tang_id": 73945, "area_km2": 0.034303 }, "geometry": { "type": "Point", "coordinates": [ 109.040981529377504, 41.207456987385861 ] } },
{ "type": "Feature", "properties": { "tang_id": 73946, "area_km2": 0.002107 }, "geometry": { "type": "Point", "coordinates": [ 109.038387765974377, 41.20784370813378 ] } },
{ "type": "Feature", "properties": { "tang_id": 73947, "area_km2": 0.001021 }, "geometry": { "type": "Point", "coordinates": [ 109.038066781735111, 41.206234738270041 ] } },
{ "type": "Feature", "properties": { "tang_id": 73948, "area_km2": 0.026663 }, "geometry": { "type": "Point", "coordinates": [ 109.04301127553407, 41.208636752128946 ] } },
{ "type": "Feature", "properties": { "tang_id": 73949, "area_km2": 0.634248 }, "geometry": { "type": "Point", "coordinates": [ 109.038309730868946, 41.212337314961694 ] } },
{ "type": "Feature", "properties": { "tang_id": 73950, "area_km2": 0.25775 }, "geometry": { "type": "Point", "coordinates": [ 109.054596253919527, 41.211464489540042 ] } },
{ "type": "Feature", "properties": { "tang_id": 73951, "area_km2": 0.012541 }, "geometry": { "type": "Point", "coordinates": [ 109.051077482527674, 41.206534651616664 ] } },
{ "type": "Feature", "properties": { "tang_id": 73952, "area_km2": 0.006024 }, "geometry": { "type": "Point", "coordinates": [ 109.047435869710895, 41.207272857236482 ] } },
{ "type": "Feature", "properties": { "tang_id": 73953, "area_km2": 0.001883 }, "geometry": { "type": "Point", "coordinates": [ 109.045376010778241, 41.207439712810704 ] } },
{ "type": "Feature", "properties": { "tang_id": 73954, "area_km2": 0.003925 }, "geometry": { "type": "Point", "coordinates": [ 109.048362308277873, 41.207946399531039 ] } },
{ "type": "Feature", "properties": { "tang_id": 73955, "area_km2": 0.006522 }, "geometry": { "type": "Point", "coordinates": [ 109.054502958073812, 41.205321671338282 ] } },
{ "type": "Feature", "properties": { "tang_id": 73956, "area_km2": 0.044445 }, "geometry": { "type": "Point", "coordinates": [ 109.06302781586767, 41.20628449615792 ] } },
{ "type": "Feature", "properties": { "tang_id": 73957, "area_km2": 0.002803 }, "geometry": { "type": "Point", "coordinates": [ 109.056791714072588, 41.203110137443737 ] } },
{ "type": "Feature", "properties": { "tang_id": 73958, "area_km2": 0.001219 }, "geometry": { "type": "Point", "coordinates": [ 109.057432847476719, 41.203327317502982 ] } },
{ "type": "Feature", "properties": { "tang_id": 73959, "area_km2": 0.002146 }, "geometry": { "type": "Point", "coordinates": [ 109.05365542399224, 41.202173462073681 ] } },
{ "type": "Feature", "properties": { "tang_id": 73960, "area_km2": 0.001796 }, "geometry": { "type": "Point", "coordinates": [ 109.050994197336138, 41.203534945183989 ] } },
{ "type": "Feature", "properties": { "tang_id": 73961, "area_km2": 0.003175 }, "geometry": { "type": "Point", "coordinates": [ 109.049365063532974, 41.205295967335793 ] } },
{ "type": "Feature", "properties": { "tang_id": 73962, "area_km2": 0.08604 }, "geometry": { "type": "Point", "coordinates": [ 109.0710193866189, 41.207769487584478 ] } },
{ "type": "Feature", "properties": { "tang_id": 73963, "area_km2": 0.010042 }, "geometry": { "type": "Point", "coordinates": [ 109.075803663569673, 41.20880679861429 ] } },
{ "type": "Feature", "properties": { "tang_id": 73964, "area_km2": 0.013732 }, "geometry": { "type": "Point", "coordinates": [ 109.075989705161206, 41.20998985786354 ] } },
{ "type": "Feature", "properties": { "tang_id": 73965, "area_km2": 0.057811 }, "geometry": { "type": "Point", "coordinates": [ 109.076577273945134, 41.212498903490143 ] } },
{ "type": "Feature", "properties": { "tang_id": 73966, "area_km2": 0.011677 }, "geometry": { "type": "Point", "coordinates": [ 109.078032687128257, 41.215346231976142 ] } },
{ "type": "Feature", "properties": { "tang_id": 73967, "area_km2": 0.002786 }, "geometry": { "type": "Point", "coordinates": [ 109.079039114217352, 41.216237339512872 ] } },
{ "type": "Feature", "properties": { "tang_id": 73968, "area_km2": 0.018824 }, "geometry": { "type": "Point", "coordinates": [ 109.081774614202516, 41.215029277452992 ] } },
{ "type": "Feature", "properties": { "tang_id": 73969, "area_km2": 0.011667 }, "geometry": { "type": "Point", "coordinates": [ 109.081924599646257, 41.213003694283906 ] } },
{ "type": "Feature", "properties": { "tang_id": 73970, "area_km2": 0.036289 }, "geometry": { "type": "Point", "coordinates": [ 109.080609203396165, 41.210355976259464 ] } },
{ "type": "Feature", "properties": { "tang_id": 73971, "area_km2": 0.022331 }, "geometry": { "type": "Point", "coordinates": [ 109.189666309690551, 41.282990001960037 ] } },
{ "type": "Feature", "properties": { "tang_id": 73972, "area_km2": 0.00516 }, "geometry": { "type": "Point", "coordinates": [ 109.191670672607117, 41.281962424007311 ] } },
{ "type": "Feature", "properties": { "tang_id": 73973, "area_km2": 0.004967 }, "geometry": { "type": "Point", "coordinates": [ 109.191178186548981, 41.293422462968536 ] } },
{ "type": "Feature", "properties": { "tang_id": 73974, "area_km2": 0.144857 }, "geometry": { "type": "Point", "coordinates": [ 109.277555022228682, 41.27099891596469 ] } },
{ "type": "Feature", "properties": { "tang_id": 73975, "area_km2": 0.005745 }, "geometry": { "type": "Point", "coordinates": [ 109.274556308184231, 41.27442294519367 ] } },
{ "type": "Feature", "properties": { "tang_id": 73976, "area_km2": 0.007746 }, "geometry": { "type": "Point", "coordinates": [ 109.271505955013907, 41.278089223137592 ] } },
{ "type": "Feature", "properties": { "tang_id": 73979, "area_km2": 0.001502 }, "geometry": { "type": "Point", "coordinates": [ 109.272751366163888, 41.279849787490669 ] } },
{ "type": "Feature", "properties": { "tang_id": 73980, "area_km2": 0.001556 }, "geometry": { "type": "Point", "coordinates": [ 109.272473106928288, 41.28060698671554 ] } },
{ "type": "Feature", "properties": { "tang_id": 73982, "area_km2": 0.001004 }, "geometry": { "type": "Point", "coordinates": [ 109.269150838935786, 41.280447287579662 ] } },
{ "type": "Feature", "properties": { "tang_id": 73985, "area_km2": 0.001313 }, "geometry": { "type": "Point", "coordinates": [ 109.272269689021911, 41.282772547660393 ] } },
{ "type": "Feature", "properties": { "tang_id": 73987, "area_km2": 0.005698 }, "geometry": { "type": "Point", "coordinates": [ 109.289097951582846, 41.275902573025455 ] } },
{ "type": "Feature", "properties": { "tang_id": 73988, "area_km2": 0.002448 }, "geometry": { "type": "Point", "coordinates": [ 109.29055438573937, 41.275373987118989 ] } },
{ "type": "Feature", "properties": { "tang_id": 73989, "area_km2": 0.002067 }, "geometry": { "type": "Point", "coordinates": [ 109.291399290646197, 41.27471845704553 ] } },
{ "type": "Feature", "properties": { "tang_id": 73991, "area_km2": 0.039371 }, "geometry": { "type": "Point", "coordinates": [ 109.290653398197549, 41.272647466989532 ] } },
{ "type": "Feature", "properties": { "tang_id": 73992, "area_km2": 0.001595 }, "geometry": { "type": "Point", "coordinates": [ 109.290338054823366, 41.270691841314296 ] } },
{ "type": "Feature", "properties": { "tang_id": 73993, "area_km2": 0.00211 }, "geometry": { "type": "Point", "coordinates": [ 109.291509703221351, 41.271472718046937 ] } },
{ "type": "Feature", "properties": { "tang_id": 73996, "area_km2": 0.281138 }, "geometry": { "type": "Point", "coordinates": [ 109.283791468120199, 41.284369846394021 ] } },
{ "type": "Feature", "properties": { "tang_id": 73997, "area_km2": 0.004758 }, "geometry": { "type": "Point", "coordinates": [ 109.26591868098761, 41.296739205493004 ] } },
{ "type": "Feature", "properties": { "tang_id": 73998, "area_km2": 0.001806 }, "geometry": { "type": "Point", "coordinates": [ 109.267259339969712, 41.296827073098989 ] } },
{ "type": "Feature", "properties": { "tang_id": 73999, "area_km2": 0.001633 }, "geometry": { "type": "Point", "coordinates": [ 109.263510181124076, 41.298207987203774 ] } },
{ "type": "Feature", "properties": { "tang_id": 74000, "area_km2": 0.003862 }, "geometry": { "type": "Point", "coordinates": [ 109.264573178219521, 41.298442516271102 ] } },
{ "type": "Feature", "properties": { "tang_id": 74001, "area_km2": 0.003571 }, "geometry": { "type": "Point", "coordinates": [ 109.259692633387274, 41.300607127717463 ] } },
{ "type": "Feature", "properties": { "tang_id": 74002, "area_km2": 0.008383 }, "geometry": { "type": "Point", "coordinates": [ 109.257985585829672, 41.302295276414242 ] } },
{ "type": "Feature", "properties": { "tang_id": 74003, "area_km2": 0.001249 }, "geometry": { "type": "Point", "coordinates": [ 109.270046309518463, 41.297780850291659 ] } },
{ "type": "Feature", "properties": { "tang_id": 74004, "area_km2": 0.001822 }, "geometry": { "type": "Point", "coordinates": [ 109.269518563779954, 41.29943868145196 ] } },
{ "type": "Feature", "properties": { "tang_id": 74006, "area_km2": 0.004162 }, "geometry": { "type": "Point", "coordinates": [ 109.275898607451524, 41.298719166599383 ] } },
{ "type": "Feature", "properties": { "tang_id": 74007, "area_km2": 0.001255 }, "geometry": { "type": "Point", "coordinates": [ 109.276118784870249, 41.298010704949995 ] } },
{ "type": "Feature", "properties": { "tang_id": 74008, "area_km2": 0.00233 }, "geometry": { "type": "Point", "coordinates": [ 109.27475332994841, 41.298046705475556 ] } },
{ "type": "Feature", "properties": { "tang_id": 74009, "area_km2": 0.041655 }, "geometry": { "type": "Point", "coordinates": [ 109.282182396687006, 41.297530082799177 ] } },
{ "type": "Feature", "properties": { "tang_id": 74010, "area_km2": 0.00553 }, "geometry": { "type": "Point", "coordinates": [ 109.282515678903039, 41.296407547996765 ] } },
{ "type": "Feature", "properties": { "tang_id": 74011, "area_km2": 0.023994 }, "geometry": { "type": "Point", "coordinates": [ 109.284496804363812, 41.29527366041826 ] } },
{ "type": "Feature", "properties": { "tang_id": 74012, "area_km2": 0.008454 }, "geometry": { "type": "Point", "coordinates": [ 109.283669354364832, 41.29403638160025 ] } },
{ "type": "Feature", "properties": { "tang_id": 74013, "area_km2": 0.006148 }, "geometry": { "type": "Point", "coordinates": [ 109.281544317812617, 41.293289717194398 ] } },
{ "type": "Feature", "properties": { "tang_id": 74014, "area_km2": 0.001048 }, "geometry": { "type": "Point", "coordinates": [ 109.290972757239871, 41.288962947259662 ] } },
{ "type": "Feature", "properties": { "tang_id": 74015, "area_km2": 0.003726 }, "geometry": { "type": "Point", "coordinates": [ 109.289437419888372, 41.289309603995321 ] } },
{ "type": "Feature", "properties": { "tang_id": 74016, "area_km2": 0.001165 }, "geometry": { "type": "Point", "coordinates": [ 109.290561301343431, 41.289820070013313 ] } },
{ "type": "Feature", "properties": { "tang_id": 74018, "area_km2": 0.001323 }, "geometry": { "type": "Point", "coordinates": [ 109.291191160706376, 41.289394675429712 ] } },
{ "type": "Feature", "properties": { "tang_id": 74019, "area_km2": 0.127368 }, "geometry": { "type": "Point", "coordinates": [ 109.296419701824874, 41.290301750785943 ] } },
{ "type": "Feature", "properties": { "tang_id": 74022, "area_km2": 0.003127 }, "geometry": { "type": "Point", "coordinates": [ 109.292093046054461, 41.293580120854159 ] } },
{ "type": "Feature", "properties": { "tang_id": 74026, "area_km2": 0.009446 }, "geometry": { "type": "Point", "coordinates": [ 109.291817808430423, 41.294869820856668 ] } },
{ "type": "Feature", "properties": { "tang_id": 74027, "area_km2": 0.001153 }, "geometry": { "type": "Point", "coordinates": [ 109.290894926374165, 41.295768623723298 ] } },
{ "type": "Feature", "properties": { "tang_id": 74028, "area_km2": 0.001339 }, "geometry": { "type": "Point", "coordinates": [ 109.291223726258806, 41.296240756870809 ] } },
{ "type": "Feature", "properties": { "tang_id": 74029, "area_km2": 0.059888 }, "geometry": { "type": "Point", "coordinates": [ 109.298082610413047, 41.294097063460633 ] } },
{ "type": "Feature", "properties": { "tang_id": 74030, "area_km2": 0.00192 }, "geometry": { "type": "Point", "coordinates": [ 109.301164440139459, 41.294273329859152 ] } },
{ "type": "Feature", "properties": { "tang_id": 74031, "area_km2": 0.125839 }, "geometry": { "type": "Point", "coordinates": [ 109.303410836404097, 41.285250337624682 ] } },
{ "type": "Feature", "properties": { "tang_id": 74032, "area_km2": 0.001231 }, "geometry": { "type": "Point", "coordinates": [ 109.307589366561871, 41.287135919427065 ] } },
{ "type": "Feature", "properties": { "tang_id": 74033, "area_km2": 0.003315 }, "geometry": { "type": "Point", "coordinates": [ 109.306922920497371, 41.287770856553017 ] } },
{ "type": "Feature", "properties": { "tang_id": 74034, "area_km2": 0.019536 }, "geometry": { "type": "Point", "coordinates": [ 109.303032965920096, 41.287803973219866 ] } },
{ "type": "Feature", "properties": { "tang_id": 74035, "area_km2": 0.027741 }, "geometry": { "type": "Point", "coordinates": [ 109.317110909343668, 41.279213103052406 ] } },
{ "type": "Feature", "properties": { "tang_id": 74036, "area_km2": 0.021083 }, "geometry": { "type": "Point", "coordinates": [ 109.313612680423972, 41.28097573529292 ] } },
{ "type": "Feature", "properties": { "tang_id": 74037, "area_km2": 0.007661 }, "geometry": { "type": "Point", "coordinates": [ 109.306157411693391, 41.274629591365525 ] } },
{ "type": "Feature", "properties": { "tang_id": 74038, "area_km2": 0.171259 }, "geometry": { "type": "Point", "coordinates": [ 109.303425450203505, 41.276403583358139 ] } },
{ "type": "Feature", "properties": { "tang_id": 74039, "area_km2": 0.028459 }, "geometry": { "type": "Point", "coordinates": [ 109.30078324025618, 41.279487679164681 ] } },
{ "type": "Feature", "properties": { "tang_id": 74040, "area_km2": 0.00603 }, "geometry": { "type": "Point", "coordinates": [ 109.300585570333311, 41.269117700364738 ] } },
{ "type": "Feature", "properties": { "tang_id": 74043, "area_km2": 0.001759 }, "geometry": { "type": "Point", "coordinates": [ 109.295797134321333, 41.273153763139483 ] } },
{ "type": "Feature", "properties": { "tang_id": 74044, "area_km2": 0.001505 }, "geometry": { "type": "Point", "coordinates": [ 109.294925512673331, 41.273794262714752 ] } },
{ "type": "Feature", "properties": { "tang_id": 74045, "area_km2": 0.051591 }, "geometry": { "type": "Point", "coordinates": [ 109.30808526041713, 41.265199893590413 ] } },
{ "type": "Feature", "properties": { "tang_id": 74048, "area_km2": 0.042863 }, "geometry": { "type": "Point", "coordinates": [ 109.303982124824074, 41.267470277175427 ] } },
{ "type": "Feature", "properties": { "tang_id": 74049, "area_km2": 0.005105 }, "geometry": { "type": "Point", "coordinates": [ 109.301965208517856, 41.270316461738595 ] } },
{ "type": "Feature", "properties": { "tang_id": 74050, "area_km2": 0.002904 }, "geometry": { "type": "Point", "coordinates": [ 109.300766024481547, 41.271107939683425 ] } },
{ "type": "Feature", "properties": { "tang_id": 74051, "area_km2": 0.015376 }, "geometry": { "type": "Point", "coordinates": [ 109.322704389021467, 41.257849787390356 ] } },
{ "type": "Feature", "properties": { "tang_id": 74052, "area_km2": 0.007317 }, "geometry": { "type": "Point", "coordinates": [ 109.324689673604666, 41.261073282312033 ] } },
{ "type": "Feature", "properties": { "tang_id": 74053, "area_km2": 0.002441 }, "geometry": { "type": "Point", "coordinates": [ 109.320608494628729, 41.262047883713578 ] } },
{ "type": "Feature", "properties": { "tang_id": 74054, "area_km2": 0.004361 }, "geometry": { "type": "Point", "coordinates": [ 109.331553533607462, 41.253782353909735 ] } },
{ "type": "Feature", "properties": { "tang_id": 74055, "area_km2": 0.004539 }, "geometry": { "type": "Point", "coordinates": [ 109.331123151182979, 41.254471389564024 ] } },
{ "type": "Feature", "properties": { "tang_id": 74056, "area_km2": 0.001618 }, "geometry": { "type": "Point", "coordinates": [ 109.333089785373389, 41.256702851189281 ] } },
{ "type": "Feature", "properties": { "tang_id": 74059, "area_km2": 0.008666 }, "geometry": { "type": "Point", "coordinates": [ 109.332213265099426, 41.259826833462277 ] } },
{ "type": "Feature", "properties": { "tang_id": 74061, "area_km2": 0.003795 }, "geometry": { "type": "Point", "coordinates": [ 109.333726254845104, 41.259688282883992 ] } },
{ "type": "Feature", "properties": { "tang_id": 74062, "area_km2": 0.005549 }, "geometry": { "type": "Point", "coordinates": [ 109.331560912052183, 41.260837279019981 ] } },
{ "type": "Feature", "properties": { "tang_id": 74063, "area_km2": 0.002599 }, "geometry": { "type": "Point", "coordinates": [ 109.332925365987094, 41.260513900630691 ] } },
{ "type": "Feature", "properties": { "tang_id": 74064, "area_km2": 0.004004 }, "geometry": { "type": "Point", "coordinates": [ 109.33816008543296, 41.251947801445823 ] } },
{ "type": "Feature", "properties": { "tang_id": 74065, "area_km2": 0.001346 }, "geometry": { "type": "Point", "coordinates": [ 109.336160186433219, 41.252340935388538 ] } },
{ "type": "Feature", "properties": { "tang_id": 74066, "area_km2": 0.002116 }, "geometry": { "type": "Point", "coordinates": [ 109.339234966331944, 41.252143737880672 ] } },
{ "type": "Feature", "properties": { "tang_id": 74068, "area_km2": 0.002419 }, "geometry": { "type": "Point", "coordinates": [ 109.340458438361594, 41.251924736958728 ] } },
{ "type": "Feature", "properties": { "tang_id": 74069, "area_km2": 0.002631 }, "geometry": { "type": "Point", "coordinates": [ 109.341954555999919, 41.250882796277509 ] } },
{ "type": "Feature", "properties": { "tang_id": 74070, "area_km2": 0.001398 }, "geometry": { "type": "Point", "coordinates": [ 109.344877193318183, 41.252403571821901 ] } },
{ "type": "Feature", "properties": { "tang_id": 74073, "area_km2": 0.00465 }, "geometry": { "type": "Point", "coordinates": [ 109.350512722488489, 41.250572380813551 ] } },
{ "type": "Feature", "properties": { "tang_id": 74075, "area_km2": 0.032199 }, "geometry": { "type": "Point", "coordinates": [ 109.353037210211042, 41.249369476266359 ] } },
{ "type": "Feature", "properties": { "tang_id": 74076, "area_km2": 0.011673 }, "geometry": { "type": "Point", "coordinates": [ 109.357249104708956, 41.254984049985801 ] } },
{ "type": "Feature", "properties": { "tang_id": 74077, "area_km2": 0.001861 }, "geometry": { "type": "Point", "coordinates": [ 109.359180661220208, 41.254239257762642 ] } },
{ "type": "Feature", "properties": { "tang_id": 74078, "area_km2": 0.003657 }, "geometry": { "type": "Point", "coordinates": [ 109.359906292342274, 41.253559996401115 ] } },
{ "type": "Feature", "properties": { "tang_id": 74079, "area_km2": 0.001175 }, "geometry": { "type": "Point", "coordinates": [ 109.359109268612741, 41.253078144077826 ] } },
{ "type": "Feature", "properties": { "tang_id": 74081, "area_km2": 0.008908 }, "geometry": { "type": "Point", "coordinates": [ 109.349027480123596, 41.254883085211389 ] } },
{ "type": "Feature", "properties": { "tang_id": 74083, "area_km2": 0.00163 }, "geometry": { "type": "Point", "coordinates": [ 109.351827868978859, 41.258451431015111 ] } },
{ "type": "Feature", "properties": { "tang_id": 74084, "area_km2": 0.001113 }, "geometry": { "type": "Point", "coordinates": [ 109.350726672245415, 41.259444603623564 ] } },
{ "type": "Feature", "properties": { "tang_id": 74085, "area_km2": 0.005651 }, "geometry": { "type": "Point", "coordinates": [ 109.349733495666172, 41.259774901568036 ] } },
{ "type": "Feature", "properties": { "tang_id": 74087, "area_km2": 0.007803 }, "geometry": { "type": "Point", "coordinates": [ 109.346418072811758, 41.262312835985931 ] } },
{ "type": "Feature", "properties": { "tang_id": 74088, "area_km2": 0.001809 }, "geometry": { "type": "Point", "coordinates": [ 109.345928140766475, 41.261640066802158 ] } },
{ "type": "Feature", "properties": { "tang_id": 74090, "area_km2": 0.004343 }, "geometry": { "type": "Point", "coordinates": [ 109.346253428764356, 41.26389940702601 ] } },
{ "type": "Feature", "properties": { "tang_id": 74091, "area_km2": 0.012715 }, "geometry": { "type": "Point", "coordinates": [ 109.348919689770071, 41.263831405563884 ] } },
{ "type": "Feature", "properties": { "tang_id": 74092, "area_km2": 0.002802 }, "geometry": { "type": "Point", "coordinates": [ 109.349566051780982, 41.262838560307763 ] } },
{ "type": "Feature", "properties": { "tang_id": 74093, "area_km2": 0.170711 }, "geometry": { "type": "Point", "coordinates": [ 109.368685100517709, 41.263067486134339 ] } },
{ "type": "Feature", "properties": { "tang_id": 74094, "area_km2": 0.011494 }, "geometry": { "type": "Point", "coordinates": [ 109.381894268963734, 41.271168331983979 ] } },
{ "type": "Feature", "properties": { "tang_id": 74096, "area_km2": 0.001806 }, "geometry": { "type": "Point", "coordinates": [ 109.380871748126978, 41.271689792516938 ] } },
{ "type": "Feature", "properties": { "tang_id": 74097, "area_km2": 0.004432 }, "geometry": { "type": "Point", "coordinates": [ 109.379205191536187, 41.272310396775417 ] } },
{ "type": "Feature", "properties": { "tang_id": 74098, "area_km2": 0.089708 }, "geometry": { "type": "Point", "coordinates": [ 109.376111385277866, 41.275496809196696 ] } },
{ "type": "Feature", "properties": { "tang_id": 74099, "area_km2": 0.00171 }, "geometry": { "type": "Point", "coordinates": [ 109.375992279168798, 41.273674524565905 ] } },
{ "type": "Feature", "properties": { "tang_id": 74101, "area_km2": 0.005349 }, "geometry": { "type": "Point", "coordinates": [ 109.382268550876546, 41.275342072014581 ] } },
{ "type": "Feature", "properties": { "tang_id": 74102, "area_km2": 0.003245 }, "geometry": { "type": "Point", "coordinates": [ 109.384771384007465, 41.274164669105836 ] } },
{ "type": "Feature", "properties": { "tang_id": 74103, "area_km2": 0.075725 }, "geometry": { "type": "Point", "coordinates": [ 109.35990064713269, 41.279356303951211 ] } },
{ "type": "Feature", "properties": { "tang_id": 74106, "area_km2": 0.001633 }, "geometry": { "type": "Point", "coordinates": [ 109.359086307701574, 41.280909885207009 ] } },
{ "type": "Feature", "properties": { "tang_id": 74107, "area_km2": 0.001421 }, "geometry": { "type": "Point", "coordinates": [ 109.360097341525233, 41.280904225322203 ] } },
{ "type": "Feature", "properties": { "tang_id": 74108, "area_km2": 0.001725 }, "geometry": { "type": "Point", "coordinates": [ 109.3641670549747, 41.278620274072118 ] } },
{ "type": "Feature", "properties": { "tang_id": 74109, "area_km2": 0.002282 }, "geometry": { "type": "Point", "coordinates": [ 109.36318257695801, 41.27812824856958 ] } },
{ "type": "Feature", "properties": { "tang_id": 74110, "area_km2": 0.003636 }, "geometry": { "type": "Point", "coordinates": [ 109.364819324891059, 41.277044243285403 ] } },
{ "type": "Feature", "properties": { "tang_id": 74112, "area_km2": 0.001142 }, "geometry": { "type": "Point", "coordinates": [ 109.366232472017956, 41.276545409955943 ] } },
{ "type": "Feature", "properties": { "tang_id": 74115, "area_km2": 0.004327 }, "geometry": { "type": "Point", "coordinates": [ 109.366911230387061, 41.275112373987874 ] } },
{ "type": "Feature", "properties": { "tang_id": 74116, "area_km2": 0.002949 }, "geometry": { "type": "Point", "coordinates": [ 109.367871312608358, 41.274941218303169 ] } },
{ "type": "Feature", "properties": { "tang_id": 74119, "area_km2": 0.001411 }, "geometry": { "type": "Point", "coordinates": [ 109.278418709989438, 41.306147831902656 ] } },
{ "type": "Feature", "properties": { "tang_id": 74120, "area_km2": 0.028723 }, "geometry": { "type": "Point", "coordinates": [ 109.275764125087164, 41.305896576515977 ] } },
{ "type": "Feature", "properties": { "tang_id": 74121, "area_km2": 0.001533 }, "geometry": { "type": "Point", "coordinates": [ 109.275356522017802, 41.307324179954612 ] } },
{ "type": "Feature", "properties": { "tang_id": 74122, "area_km2": 0.001136 }, "geometry": { "type": "Point", "coordinates": [ 109.274702846842118, 41.306879633362691 ] } },
{ "type": "Feature", "properties": { "tang_id": 74125, "area_km2": 0.003746 }, "geometry": { "type": "Point", "coordinates": [ 109.279496834936893, 41.307736998270066 ] } },
{ "type": "Feature", "properties": { "tang_id": 74128, "area_km2": 0.016397 }, "geometry": { "type": "Point", "coordinates": [ 109.360688879902227, 41.232136926397409 ] } },
{ "type": "Feature", "properties": { "tang_id": 74129, "area_km2": 0.003942 }, "geometry": { "type": "Point", "coordinates": [ 109.362538460650725, 41.231354337645804 ] } },
{ "type": "Feature", "properties": { "tang_id": 74131, "area_km2": 0.161935 }, "geometry": { "type": "Point", "coordinates": [ 109.379737097969681, 41.208249064195691 ] } },
{ "type": "Feature", "properties": { "tang_id": 74132, "area_km2": 0.006875 }, "geometry": { "type": "Point", "coordinates": [ 109.32873278767623, 41.187594949739932 ] } },
{ "type": "Feature", "properties": { "tang_id": 74133, "area_km2": 0.004804 }, "geometry": { "type": "Point", "coordinates": [ 109.325662848198235, 41.186938806557066 ] } },
{ "type": "Feature", "properties": { "tang_id": 74134, "area_km2": 0.005573 }, "geometry": { "type": "Point", "coordinates": [ 109.319630941598646, 41.188419401251288 ] } },
{ "type": "Feature", "properties": { "tang_id": 74135, "area_km2": 0.474881 }, "geometry": { "type": "Point", "coordinates": [ 109.290809608258343, 41.162390351274695 ] } },
{ "type": "Feature", "properties": { "tang_id": 74136, "area_km2": 0.03824 }, "geometry": { "type": "Point", "coordinates": [ 109.299931197098502, 41.160023495235869 ] } },
{ "type": "Feature", "properties": { "tang_id": 74137, "area_km2": 1.309067 }, "geometry": { "type": "Point", "coordinates": [ 109.218775406066783, 41.227660061449519 ] } },
{ "type": "Feature", "properties": { "tang_id": 74138, "area_km2": 0.049358 }, "geometry": { "type": "Point", "coordinates": [ 109.176696344485833, 41.213722313995248 ] } },
{ "type": "Feature", "properties": { "tang_id": 74139, "area_km2": 0.207793 }, "geometry": { "type": "Point", "coordinates": [ 109.157655279534737, 41.203515942241268 ] } },
{ "type": "Feature", "properties": { "tang_id": 74140, "area_km2": 0.006105 }, "geometry": { "type": "Point", "coordinates": [ 109.161987576829901, 41.206074025163275 ] } },
{ "type": "Feature", "properties": { "tang_id": 74141, "area_km2": 0.027682 }, "geometry": { "type": "Point", "coordinates": [ 109.159725555118641, 41.209257234968497 ] } },
{ "type": "Feature", "properties": { "tang_id": 74142, "area_km2": 0.022806 }, "geometry": { "type": "Point", "coordinates": [ 109.164867515157795, 41.209782231281288 ] } },
{ "type": "Feature", "properties": { "tang_id": 74143, "area_km2": 0.039503 }, "geometry": { "type": "Point", "coordinates": [ 109.154274954721643, 41.207587642060567 ] } },
{ "type": "Feature", "properties": { "tang_id": 74144, "area_km2": 1.995463 }, "geometry": { "type": "Point", "coordinates": [ 108.538871976404891, 41.306624337447317 ] } },
{ "type": "Feature", "properties": { "tang_id": 74145, "area_km2": 1.84848 }, "geometry": { "type": "Point", "coordinates": [ 108.520599566581694, 41.305558747289687 ] } },
{ "type": "Feature", "properties": { "tang_id": 74146, "area_km2": 0.307273 }, "geometry": { "type": "Point", "coordinates": [ 108.562959039316141, 41.308027084433199 ] } },
{ "type": "Feature", "properties": { "tang_id": 74147, "area_km2": 0.13972 }, "geometry": { "type": "Point", "coordinates": [ 108.578487946953103, 41.307219811076031 ] } },
{ "type": "Feature", "properties": { "tang_id": 74148, "area_km2": 0.782243 }, "geometry": { "type": "Point", "coordinates": [ 108.584863042464889, 41.295325868246429 ] } },
{ "type": "Feature", "properties": { "tang_id": 74149, "area_km2": 0.369708 }, "geometry": { "type": "Point", "coordinates": [ 108.608524052144915, 41.28779635667275 ] } },
{ "type": "Feature", "properties": { "tang_id": 74150, "area_km2": 15.973004 }, "geometry": { "type": "Point", "coordinates": [ 110.38948687351413, 40.540154770515556 ] } },
{ "type": "Feature", "properties": { "tang_id": 74151, "area_km2": 0.372869 }, "geometry": { "type": "Point", "coordinates": [ 110.206097641297873, 40.554310192316805 ] } },
{ "type": "Feature", "properties": { "tang_id": 74152, "area_km2": 0.032175 }, "geometry": { "type": "Point", "coordinates": [ 110.213971492117992, 40.557989426620004 ] } },
{ "type": "Feature", "properties": { "tang_id": 74153, "area_km2": 0.127551 }, "geometry": { "type": "Point", "coordinates": [ 110.181875066127034, 40.558781145344753 ] } },
{ "type": "Feature", "properties": { "tang_id": 74154, "area_km2": 0.401749 }, "geometry": { "type": "Point", "coordinates": [ 110.364307035213912, 40.560842185859215 ] } },
{ "type": "Feature", "properties": { "tang_id": 74155, "area_km2": 0.066165 }, "geometry": { "type": "Point", "coordinates": [ 110.346357233393235, 40.572826475724391 ] } },
{ "type": "Feature", "properties": { "tang_id": 74156, "area_km2": 0.014772 }, "geometry": { "type": "Point", "coordinates": [ 110.346574709766628, 40.568273799865835 ] } },
{ "type": "Feature", "properties": { "tang_id": 74157, "area_km2": 0.129077 }, "geometry": { "type": "Point", "coordinates": [ 110.348632378723806, 40.566096691207171 ] } },
{ "type": "Feature", "properties": { "tang_id": 74158, "area_km2": 0.064675 }, "geometry": { "type": "Point", "coordinates": [ 110.355197023164152, 40.565993637588385 ] } },
{ "type": "Feature", "properties": { "tang_id": 74159, "area_km2": 0.40545 }, "geometry": { "type": "Point", "coordinates": [ 110.361583684251954, 40.570470737153158 ] } },
{ "type": "Feature", "properties": { "tang_id": 74160, "area_km2": 0.01219 }, "geometry": { "type": "Point", "coordinates": [ 110.355951093497652, 40.573053185305334 ] } },
{ "type": "Feature", "properties": { "tang_id": 74161, "area_km2": 0.11704 }, "geometry": { "type": "Point", "coordinates": [ 110.371316891503668, 40.570567102139627 ] } },
{ "type": "Feature", "properties": { "tang_id": 74162, "area_km2": 0.085464 }, "geometry": { "type": "Point", "coordinates": [ 110.382569505930022, 40.570123569917151 ] } },
{ "type": "Feature", "properties": { "tang_id": 74163, "area_km2": 0.461005 }, "geometry": { "type": "Point", "coordinates": [ 110.416958088865073, 40.576454860835732 ] } },
{ "type": "Feature", "properties": { "tang_id": 74164, "area_km2": 0.680363 }, "geometry": { "type": "Point", "coordinates": [ 110.544588450718507, 40.56679994962338 ] } },
{ "type": "Feature", "properties": { "tang_id": 74165, "area_km2": 0.303452 }, "geometry": { "type": "Point", "coordinates": [ 110.545091386875882, 40.577010046406102 ] } },
{ "type": "Feature", "properties": { "tang_id": 74166, "area_km2": 0.403346 }, "geometry": { "type": "Point", "coordinates": [ 110.533615805128633, 40.577988684833677 ] } },
{ "type": "Feature", "properties": { "tang_id": 74167, "area_km2": 0.129085 }, "geometry": { "type": "Point", "coordinates": [ 110.557292778170734, 40.598978387542346 ] } },
{ "type": "Feature", "properties": { "tang_id": 74168, "area_km2": 0.280069 }, "geometry": { "type": "Point", "coordinates": [ 110.556556286744296, 40.592720325786047 ] } },
{ "type": "Feature", "properties": { "tang_id": 74169, "area_km2": 1.670412 }, "geometry": { "type": "Point", "coordinates": [ 110.54461619853349, 40.615358704044723 ] } },
{ "type": "Feature", "properties": { "tang_id": 74170, "area_km2": 0.027855 }, "geometry": { "type": "Point", "coordinates": [ 110.545584933277638, 40.623693946765698 ] } },
{ "type": "Feature", "properties": { "tang_id": 74171, "area_km2": 0.045783 }, "geometry": { "type": "Point", "coordinates": [ 110.541528897236191, 40.621487624197485 ] } },
{ "type": "Feature", "properties": { "tang_id": 74172, "area_km2": 0.019604 }, "geometry": { "type": "Point", "coordinates": [ 110.543599934880817, 40.621243840520968 ] } },
{ "type": "Feature", "properties": { "tang_id": 74173, "area_km2": 0.028524 }, "geometry": { "type": "Point", "coordinates": [ 110.538382661172733, 40.622334798779399 ] } },
{ "type": "Feature", "properties": { "tang_id": 74174, "area_km2": 0.015709 }, "geometry": { "type": "Point", "coordinates": [ 110.534727722148631, 40.621587426255857 ] } },
{ "type": "Feature", "properties": { "tang_id": 74175, "area_km2": 0.071715 }, "geometry": { "type": "Point", "coordinates": [ 110.526669145512059, 40.621405298352869 ] } },
{ "type": "Feature", "properties": { "tang_id": 74176, "area_km2": 0.066867 }, "geometry": { "type": "Point", "coordinates": [ 110.510447304547185, 40.611625600908191 ] } },
{ "type": "Feature", "properties": { "tang_id": 74177, "area_km2": 0.022287 }, "geometry": { "type": "Point", "coordinates": [ 110.505586800490576, 40.603868077671848 ] } },
{ "type": "Feature", "properties": { "tang_id": 74178, "area_km2": 0.034475 }, "geometry": { "type": "Point", "coordinates": [ 110.501032726796041, 40.60210566095558 ] } },
{ "type": "Feature", "properties": { "tang_id": 74179, "area_km2": 1.189652 }, "geometry": { "type": "Point", "coordinates": [ 110.589324675784212, 40.601429133414314 ] } },
{ "type": "Feature", "properties": { "tang_id": 74180, "area_km2": 0.047636 }, "geometry": { "type": "Point", "coordinates": [ 110.593953111163287, 40.595197711844662 ] } },
{ "type": "Feature", "properties": { "tang_id": 74181, "area_km2": 0.015522 }, "geometry": { "type": "Point", "coordinates": [ 110.545144170968882, 40.628273123977962 ] } },
{ "type": "Feature", "properties": { "tang_id": 74360, "area_km2": 1.121411 }, "geometry": { "type": "Point", "coordinates": [ 112.895752896183637, 42.420789462619204 ] } },
{ "type": "Feature", "properties": { "tang_id": 74363, "area_km2": 0.03142 }, "geometry": { "type": "Point", "coordinates": [ 112.880858230794715, 42.398978653683592 ] } },
{ "type": "Feature", "properties": { "tang_id": 74364, "area_km2": 0.084352 }, "geometry": { "type": "Point", "coordinates": [ 112.883815913774043, 42.39579077884315 ] } },
{ "type": "Feature", "properties": { "tang_id": 74365, "area_km2": 0.007881 }, "geometry": { "type": "Point", "coordinates": [ 112.87423380947601, 42.396208998679704 ] } },
{ "type": "Feature", "properties": { "tang_id": 74373, "area_km2": 0.01746 }, "geometry": { "type": "Point", "coordinates": [ 112.841890774011418, 42.392059963257971 ] } },
{ "type": "Feature", "properties": { "tang_id": 74374, "area_km2": 0.007849 }, "geometry": { "type": "Point", "coordinates": [ 112.838669072975236, 42.391568318526453 ] } },
{ "type": "Feature", "properties": { "tang_id": 74375, "area_km2": 0.090727 }, "geometry": { "type": "Point", "coordinates": [ 112.836535505730978, 42.38287916372672 ] } },
{ "type": "Feature", "properties": { "tang_id": 74376, "area_km2": 0.038363 }, "geometry": { "type": "Point", "coordinates": [ 112.83139703193244, 42.379670830965303 ] } },
{ "type": "Feature", "properties": { "tang_id": 74377, "area_km2": 0.003127 }, "geometry": { "type": "Point", "coordinates": [ 112.828688096445035, 42.378215378470372 ] } },
{ "type": "Feature", "properties": { "tang_id": 74378, "area_km2": 0.200464 }, "geometry": { "type": "Point", "coordinates": [ 112.866501087918806, 42.383176362072724 ] } },
{ "type": "Feature", "properties": { "tang_id": 74379, "area_km2": 0.023926 }, "geometry": { "type": "Point", "coordinates": [ 112.859549915004592, 42.380730383910659 ] } },
{ "type": "Feature", "properties": { "tang_id": 74380, "area_km2": 0.022081 }, "geometry": { "type": "Point", "coordinates": [ 112.862677860022742, 42.378928188715918 ] } },
{ "type": "Feature", "properties": { "tang_id": 74381, "area_km2": 0.07449 }, "geometry": { "type": "Point", "coordinates": [ 112.856526110711243, 42.409555262405206 ] } },
{ "type": "Feature", "properties": { "tang_id": 74382, "area_km2": 0.119432 }, "geometry": { "type": "Point", "coordinates": [ 112.92241817656263, 42.420779888969129 ] } },
{ "type": "Feature", "properties": { "tang_id": 74383, "area_km2": 0.048479 }, "geometry": { "type": "Point", "coordinates": [ 112.91630697177591, 42.420820021941076 ] } },
{ "type": "Feature", "properties": { "tang_id": 74384, "area_km2": 0.035869 }, "geometry": { "type": "Point", "coordinates": [ 112.910647626521651, 42.428872485831342 ] } },
{ "type": "Feature", "properties": { "tang_id": 74385, "area_km2": 0.220078 }, "geometry": { "type": "Point", "coordinates": [ 112.911231513042992, 42.43405824248461 ] } },
{ "type": "Feature", "properties": { "tang_id": 74386, "area_km2": 0.089145 }, "geometry": { "type": "Point", "coordinates": [ 112.915680771165484, 42.430577338415233 ] } },
{ "type": "Feature", "properties": { "tang_id": 74387, "area_km2": 0.01069 }, "geometry": { "type": "Point", "coordinates": [ 112.91684514298521, 42.428222707661874 ] } },
{ "type": "Feature", "properties": { "tang_id": 74388, "area_km2": 0.516927 }, "geometry": { "type": "Point", "coordinates": [ 112.875950814945824, 42.467596757926763 ] } },
{ "type": "Feature", "properties": { "tang_id": 74389, "area_km2": 0.044644 }, "geometry": { "type": "Point", "coordinates": [ 112.864722159557346, 42.470295336337898 ] } },
{ "type": "Feature", "properties": { "tang_id": 74390, "area_km2": 0.002093 }, "geometry": { "type": "Point", "coordinates": [ 112.852568365231107, 42.46701650378494 ] } },
{ "type": "Feature", "properties": { "tang_id": 74391, "area_km2": 0.062545 }, "geometry": { "type": "Point", "coordinates": [ 112.879735153722365, 42.453737551341185 ] } },
{ "type": "Feature", "properties": { "tang_id": 74392, "area_km2": 0.373482 }, "geometry": { "type": "Point", "coordinates": [ 112.69257322485845, 42.71842243520625 ] } },
{ "type": "Feature", "properties": { "tang_id": 74393, "area_km2": 0.091299 }, "geometry": { "type": "Point", "coordinates": [ 112.596278124382096, 42.766909967289344 ] } },
{ "type": "Feature", "properties": { "tang_id": 74394, "area_km2": 0.030021 }, "geometry": { "type": "Point", "coordinates": [ 112.933902642248484, 42.449699212999249 ] } },
{ "type": "Feature", "properties": { "tang_id": 74395, "area_km2": 0.003422 }, "geometry": { "type": "Point", "coordinates": [ 112.934002853248757, 42.448120106517344 ] } },
{ "type": "Feature", "properties": { "tang_id": 74396, "area_km2": 0.0433 }, "geometry": { "type": "Point", "coordinates": [ 112.928799201620848, 42.447473891137598 ] } },
{ "type": "Feature", "properties": { "tang_id": 74397, "area_km2": 0.027844 }, "geometry": { "type": "Point", "coordinates": [ 112.933495760499909, 42.451727745784311 ] } },
{ "type": "Feature", "properties": { "tang_id": 74398, "area_km2": 0.613947 }, "geometry": { "type": "Point", "coordinates": [ 113.57272547213978, 42.399079538241182 ] } },
{ "type": "Feature", "properties": { "tang_id": 74399, "area_km2": 1.165842 }, "geometry": { "type": "Point", "coordinates": [ 113.556137162464353, 42.39062659994454 ] } },
{ "type": "Feature", "properties": { "tang_id": 74400, "area_km2": 0.051277 }, "geometry": { "type": "Point", "coordinates": [ 113.573161142675417, 42.382642504213187 ] } },
{ "type": "Feature", "properties": { "tang_id": 74401, "area_km2": 0.008699 }, "geometry": { "type": "Point", "coordinates": [ 113.582085700431691, 42.388712878291031 ] } },
{ "type": "Feature", "properties": { "tang_id": 74402, "area_km2": 0.051629 }, "geometry": { "type": "Point", "coordinates": [ 113.560046112992524, 42.409110303878144 ] } },
{ "type": "Feature", "properties": { "tang_id": 74403, "area_km2": 0.033536 }, "geometry": { "type": "Point", "coordinates": [ 113.555130434071614, 42.40196442563898 ] } },
{ "type": "Feature", "properties": { "tang_id": 74404, "area_km2": 0.138337 }, "geometry": { "type": "Point", "coordinates": [ 113.555419792319654, 42.399140148029076 ] } },
{ "type": "Feature", "properties": { "tang_id": 74405, "area_km2": 2.079398 }, "geometry": { "type": "Point", "coordinates": [ 112.8441151563148, 42.42698336158724 ] } },
{ "type": "Feature", "properties": { "tang_id": 74406, "area_km2": 0.021045 }, "geometry": { "type": "Point", "coordinates": [ 112.8488324429035, 42.413664403366084 ] } },
{ "type": "Feature", "properties": { "tang_id": 74407, "area_km2": 0.243432 }, "geometry": { "type": "Point", "coordinates": [ 112.873539933094108, 42.437896419601536 ] } }
]
}
